station_id,station_name,latitude,longitude,datetime_local,variable,value,unit,timestamp_utc_extraction
0PU01,GUROLAMANNA,40.916111,16.447779,2026-05-21 05:00:00,precip_10min_interval,0.0,mm,2026-05-21T08:05:06.142569
0PU01,GUROLAMANNA,40.916111,16.447779,2026-05-21 05:00:00,rh_hourly,80.0,%,2026-05-21T08:05:03.964738
0PU01,GUROLAMANNA,40.916111,16.447779,2026-05-21 05:00:00,rs_hourly,0.0,W/m²,2026-05-21T08:05:09.235066
0PU01,GUROLAMANNA,40.916111,16.447779,2026-05-21 05:00:00,tair_hourly,12.5,°C,2026-05-21T08:05:02.582709
0PU01,GUROLAMANNA,40.916111,16.447779,2026-05-21 05:00:00,ws_10m_hourly,6.9,m/s,2026-05-21T08:05:11.828528
0PU01,GUROLAMANNA,40.916111,16.447779,2026-05-21 05:00:00,ws_2m_hourly,4.6,m/s,2026-05-21T08:05:11.828510
0PU03,LIMELLI D'IMPERATORE,40.883057,16.3125,2026-05-21 05:00:00,precip_10min_interval,0.0,mm,2026-05-21T08:05:06.142682
0PU03,LIMELLI D'IMPERATORE,40.883057,16.3125,2026-05-21 05:00:00,rh_hourly,86.0,%,2026-05-21T08:05:03.964773
0PU03,LIMELLI D'IMPERATORE,40.883057,16.3125,2026-05-21 05:00:00,rs_hourly,0.0,W/m²,2026-05-21T08:05:09.235100
0PU03,LIMELLI D'IMPERATORE,40.883057,16.3125,2026-05-21 05:00:00,tair_hourly,11.7,°C,2026-05-21T08:05:02.582750
0PU03,LIMELLI D'IMPERATORE,40.883057,16.3125,2026-05-21 05:00:00,ws_10m_hourly,5.7,m/s,2026-05-21T08:05:11.828708
0PU03,LIMELLI D'IMPERATORE,40.883057,16.3125,2026-05-21 05:00:00,ws_2m_hourly,3.4,m/s,2026-05-21T08:05:11.828705
0PU04,OTTAVA SEDICI,40.7925,17.481943,2026-05-21 05:00:00,precip_10min_interval,0.0,mm,2026-05-21T08:05:06.142751
0PU04,OTTAVA SEDICI,40.7925,17.481943,2026-05-21 05:00:00,rh_hourly,69.0,%,2026-05-21T08:05:03.964798
0PU04,OTTAVA SEDICI,40.7925,17.481943,2026-05-21 05:00:00,rs_hourly,0.1,W/m²,2026-05-21T08:05:09.235121
0PU04,OTTAVA SEDICI,40.7925,17.481943,2026-05-21 05:00:00,tair_hourly,17.0,°C,2026-05-21T08:05:02.582771
0PU04,OTTAVA SEDICI,40.7925,17.481943,2026-05-21 05:00:00,ws_10m_hourly,4.4,m/s,2026-05-21T08:05:11.828846
0PU04,OTTAVA SEDICI,40.7925,17.481943,2026-05-21 05:00:00,ws_2m_hourly,1.0,m/s,2026-05-21T08:05:11.828843
0PU06,MAINE,40.543056,18.032223,2026-05-21 05:00:00,precip_10min_interval,0.0,mm,2026-05-21T08:05:06.142815
0PU06,MAINE,40.543056,18.032223,2026-05-21 05:00:00,rh_hourly,76.0,%,2026-05-21T08:05:03.964821
0PU06,MAINE,40.543056,18.032223,2026-05-21 05:00:00,rs_hourly,0.0,W/m²,2026-05-21T08:05:09.235140
0PU06,MAINE,40.543056,18.032223,2026-05-21 05:00:00,tair_hourly,16.7,°C,2026-05-21T08:05:02.582796
0PU06,MAINE,40.543056,18.032223,2026-05-21 05:00:00,ws_10m_hourly,3.8,m/s,2026-05-21T08:05:11.828999
0PU06,MAINE,40.543056,18.032223,2026-05-21 05:00:00,ws_2m_hourly,0.9,m/s,2026-05-21T08:05:11.828994
0PU07,TRIONFO,41.347221,15.744167,2026-05-21 05:00:00,precip_10min_interval,0.0,mm,2026-05-21T08:05:06.142879
0PU07,TRIONFO,41.347221,15.744167,2026-05-21 05:00:00,rh_hourly,74.0,%,2026-05-21T08:05:03.964845
0PU07,TRIONFO,41.347221,15.744167,2026-05-21 05:00:00,rs_hourly,0.0,W/m²,2026-05-21T08:05:09.235169
0PU07,TRIONFO,41.347221,15.744167,2026-05-21 05:00:00,tair_hourly,14.5,°C,2026-05-21T08:05:02.582825
0PU07,TRIONFO,41.347221,15.744167,2026-05-21 05:00:00,ws_10m_hourly,3.7,m/s,2026-05-21T08:05:11.829126
0PU07,TRIONFO,41.347221,15.744167,2026-05-21 05:00:00,ws_2m_hourly,0.3,m/s,2026-05-21T08:05:11.829123
0PU08,TORRETTA,41.542221,15.173889,2026-05-21 05:00:00,precip_10min_interval,0.0,mm,2026-05-21T08:05:06.142970
0PU08,TORRETTA,41.542221,15.173889,2026-05-21 05:00:00,rh_hourly,56.0,%,2026-05-21T08:05:03.964857
0PU08,TORRETTA,41.542221,15.173889,2026-05-21 05:00:00,rs_hourly,0.0,W/m²,2026-05-21T08:05:09.235192
0PU08,TORRETTA,41.542221,15.173889,2026-05-21 05:00:00,tair_hourly,16.4,°C,2026-05-21T08:05:02.582838
0PU08,TORRETTA,41.542221,15.173889,2026-05-21 05:00:00,ws_10m_hourly,5.0,m/s,2026-05-21T08:05:11.829256
0PU08,TORRETTA,41.542221,15.173889,2026-05-21 05:00:00,ws_2m_hourly,0.0,m/s,2026-05-21T08:05:11.829250
0PU10,FRASSANITO,40.237221,18.441389,2026-05-21 05:00:00,precip_10min_interval,0.0,mm,2026-05-21T08:05:06.143038
0PU10,FRASSANITO,40.237221,18.441389,2026-05-21 05:00:00,rh_hourly,84.0,%,2026-05-21T08:05:03.964872
0PU10,FRASSANITO,40.237221,18.441389,2026-05-21 05:00:00,rs_hourly,0.0,W/m²,2026-05-21T08:05:09.235211
0PU10,FRASSANITO,40.237221,18.441389,2026-05-21 05:00:00,tair_hourly,16.5,°C,2026-05-21T08:05:02.582850
0PU10,FRASSANITO,40.237221,18.441389,2026-05-21 05:00:00,ws_10m_hourly,4.8,m/s,2026-05-21T08:05:11.829379
0PU10,FRASSANITO,40.237221,18.441389,2026-05-21 05:00:00,ws_2m_hourly,2.6,m/s,2026-05-21T08:05:11.829376
0PU11,BADESSA,40.470554,18.097221,2026-05-21 05:00:00,precip_10min_interval,0.0,mm,2026-05-21T08:05:06.143100
0PU11,BADESSA,40.470554,18.097221,2026-05-21 05:00:00,rh_hourly,76.0,%,2026-05-21T08:05:03.964887
0PU11,BADESSA,40.470554,18.097221,2026-05-21 05:00:00,rs_hourly,0.0,W/m²,2026-05-21T08:05:09.235234
0PU11,BADESSA,40.470554,18.097221,2026-05-21 05:00:00,tair_hourly,16.5,°C,2026-05-21T08:05:02.582865
0PU11,BADESSA,40.470554,18.097221,2026-05-21 05:00:00,ws_10m_hourly,4.3,m/s,2026-05-21T08:05:11.829506
0PU11,BADESSA,40.470554,18.097221,2026-05-21 05:00:00,ws_2m_hourly,2.5,m/s,2026-05-21T08:05:11.829503
0PU12,CONTE,39.981945,18.067499,2026-05-21 05:00:00,precip_10min_interval,0.0,mm,2026-05-21T08:05:06.143170
0PU12,CONTE,39.981945,18.067499,2026-05-21 05:00:00,rh_hourly,73.0,%,2026-05-21T08:05:03.964899
0PU12,CONTE,39.981945,18.067499,2026-05-21 05:00:00,rs_hourly,0.0,W/m²,2026-05-21T08:05:09.235246
0PU12,CONTE,39.981945,18.067499,2026-05-21 05:00:00,tair_hourly,15.6,°C,2026-05-21T08:05:02.582877
0PU12,CONTE,39.981945,18.067499,2026-05-21 05:00:00,ws_10m_hourly,3.0,m/s,2026-05-21T08:05:11.829634
0PU12,CONTE,39.981945,18.067499,2026-05-21 05:00:00,ws_2m_hourly,0.6,m/s,2026-05-21T08:05:11.829631
0PU13,TORRICELLA,40.343334,17.487778,2026-05-21 05:00:00,precip_10min_interval,0.0,mm,2026-05-21T08:05:06.143232
0PU13,TORRICELLA,40.343334,17.487778,2026-05-21 05:00:00,rh_hourly,64.0,%,2026-05-21T08:05:03.964911
0PU13,TORRICELLA,40.343334,17.487778,2026-05-21 05:00:00,rs_hourly,0.0,W/m²,2026-05-21T08:05:09.235259
0PU13,TORRICELLA,40.343334,17.487778,2026-05-21 05:00:00,tair_hourly,17.0,°C,2026-05-21T08:05:02.582889
0PU13,TORRICELLA,40.343334,17.487778,2026-05-21 05:00:00,ws_10m_hourly,6.2,m/s,2026-05-21T08:05:11.829765
0PU13,TORRICELLA,40.343334,17.487778,2026-05-21 05:00:00,ws_2m_hourly,3.5,m/s,2026-05-21T08:05:11.829762
0PU14,TAFURI,40.680832,16.867779,2026-05-21 05:00:00,precip_10min_interval,0.0,mm,2026-05-21T08:05:06.143296
0PU14,TAFURI,40.680832,16.867779,2026-05-21 05:00:00,rh_hourly,73.0,%,2026-05-21T08:05:03.964927
0PU14,TAFURI,40.680832,16.867779,2026-05-21 05:00:00,rs_hourly,0.0,W/m²,2026-05-21T08:05:09.235274
0PU14,TAFURI,40.680832,16.867779,2026-05-21 05:00:00,tair_hourly,12.9,°C,2026-05-21T08:05:02.582910
0PU14,TAFURI,40.680832,16.867779,2026-05-21 05:00:00,ws_10m_hourly,6.3,m/s,2026-05-21T08:05:11.829900
0PU14,TAFURI,40.680832,16.867779,2026-05-21 05:00:00,ws_2m_hourly,3.2,m/s,2026-05-21T08:05:11.829896
0PU16,ANDRIA,41.202221,16.201944,2026-05-21 05:00:00,precip_10min_interval,0.0,mm,2026-05-21T08:05:06.143360
0PU16,ANDRIA,41.202221,16.201944,2026-05-21 05:00:00,rh_hourly,75.0,%,2026-05-21T08:05:03.964961
0PU16,ANDRIA,41.202221,16.201944,2026-05-21 05:00:00,rs_hourly,0.0,W/m²,2026-05-21T08:05:09.235286
0PU16,ANDRIA,41.202221,16.201944,2026-05-21 05:00:00,tair_hourly,13.8,°C,2026-05-21T08:05:02.582923
0PU16,ANDRIA,41.202221,16.201944,2026-05-21 05:00:00,ws_10m_hourly,2.7,m/s,2026-05-21T08:05:11.830035
0PU16,ANDRIA,41.202221,16.201944,2026-05-21 05:00:00,ws_2m_hourly,0.6,m/s,2026-05-21T08:05:11.830032
0PU17,OSTUNI-SAROLO,40.688332,17.413889,2026-05-21 05:00:00,precip_10min_interval,0.0,mm,2026-05-21T08:05:06.143422
0PU17,OSTUNI-SAROLO,40.688332,17.413889,2026-05-21 05:00:00,rh_hourly,77.0,%,2026-05-21T08:05:03.964978
0PU17,OSTUNI-SAROLO,40.688332,17.413889,2026-05-21 05:00:00,rs_hourly,0.0,W/m²,2026-05-21T08:05:09.235298
0PU17,OSTUNI-SAROLO,40.688332,17.413889,2026-05-21 05:00:00,tair_hourly,13.5,°C,2026-05-21T08:05:02.582937
0PU17,OSTUNI-SAROLO,40.688332,17.413889,2026-05-21 05:00:00,ws_10m_hourly,3.3,m/s,2026-05-21T08:05:11.830162
0PU17,OSTUNI-SAROLO,40.688332,17.413889,2026-05-21 05:00:00,ws_2m_hourly,1.3,m/s,2026-05-21T08:05:11.830159
0PU18,MONOPOLI,40.919445,17.294443,2026-05-21 05:00:00,precip_10min_interval,0.0,mm,2026-05-21T08:05:06.143493
0PU18,MONOPOLI,40.919445,17.294443,2026-05-21 05:00:00,rh_hourly,69.0,%,2026-05-21T08:05:03.964991
0PU18,MONOPOLI,40.919445,17.294443,2026-05-21 05:00:00,rs_hourly,0.0,W/m²,2026-05-21T08:05:09.235311
0PU18,MONOPOLI,40.919445,17.294443,2026-05-21 05:00:00,tair_hourly,15.3,°C,2026-05-21T08:05:02.582972
0PU18,MONOPOLI,40.919445,17.294443,2026-05-21 05:00:00,ws_10m_hourly,3.9,m/s,2026-05-21T08:05:11.830290
0PU18,MONOPOLI,40.919445,17.294443,2026-05-21 05:00:00,ws_2m_hourly,2.2,m/s,2026-05-21T08:05:11.830287
0PU19,TERLIZZI,41.120834,16.549168,2026-05-21 05:00:00,precip_10min_interval,0.0,mm,2026-05-21T08:05:06.143553
0PU19,TERLIZZI,41.120834,16.549168,2026-05-21 05:00:00,rh_hourly,69.0,%,2026-05-21T08:05:03.965012
0PU19,TERLIZZI,41.120834,16.549168,2026-05-21 05:00:00,rs_hourly,0.0,W/m²,2026-05-21T08:05:09.235325
0PU19,TERLIZZI,41.120834,16.549168,2026-05-21 05:00:00,tair_hourly,14.9,°C,2026-05-21T08:05:02.582987
0PU19,TERLIZZI,41.120834,16.549168,2026-05-21 05:00:00,ws_10m_hourly,1.5,m/s,2026-05-21T08:05:11.830419
0PU19,TERLIZZI,41.120834,16.549168,2026-05-21 05:00:00,ws_2m_hourly,0.5,m/s,2026-05-21T08:05:11.830416
0PU20,VILLA CASTELLI,40.553055,17.504444,2026-05-21 05:00:00,precip_10min_interval,0.0,mm,2026-05-21T08:05:06.143614
0PU20,VILLA CASTELLI,40.553055,17.504444,2026-05-21 05:00:00,rh_hourly,65.0,%,2026-05-21T08:05:03.965024
0PU20,VILLA CASTELLI,40.553055,17.504444,2026-05-21 05:00:00,rs_hourly,0.0,W/m²,2026-05-21T08:05:09.235340
0PU20,VILLA CASTELLI,40.553055,17.504444,2026-05-21 05:00:00,tair_hourly,16.0,°C,2026-05-21T08:05:02.583003
0PU20,VILLA CASTELLI,40.553055,17.504444,2026-05-21 05:00:00,ws_10m_hourly,5.4,m/s,2026-05-21T08:05:11.830545
0PU20,VILLA CASTELLI,40.553055,17.504444,2026-05-21 05:00:00,ws_2m_hourly,3.0,m/s,2026-05-21T08:05:11.830541
0PU21,CAROVIGNO,40.691944,17.630278,2026-05-21 05:00:00,precip_10min_interval,0.0,mm,2026-05-21T08:05:06.143679
0PU21,CAROVIGNO,40.691944,17.630278,2026-05-21 05:00:00,rh_hourly,70.0,%,2026-05-21T08:05:03.965036
0PU21,CAROVIGNO,40.691944,17.630278,2026-05-21 05:00:00,rs_hourly,0.0,W/m²,2026-05-21T08:05:09.235353
0PU21,CAROVIGNO,40.691944,17.630278,2026-05-21 05:00:00,tair_hourly,16.2,°C,2026-05-21T08:05:02.583015
0PU21,CAROVIGNO,40.691944,17.630278,2026-05-21 05:00:00,ws_10m_hourly,3.9,m/s,2026-05-21T08:05:11.830675
0PU21,CAROVIGNO,40.691944,17.630278,2026-05-21 05:00:00,ws_2m_hourly,1.1,m/s,2026-05-21T08:05:11.830672
0PU22,APRICENA,41.773335,15.438611,2026-05-21 05:00:00,precip_10min_interval,0.0,mm,2026-05-21T08:05:06.143744
0PU22,APRICENA,41.773335,15.438611,2026-05-21 05:00:00,rh_hourly,82.0,%,2026-05-21T08:05:03.965050
0PU22,APRICENA,41.773335,15.438611,2026-05-21 05:00:00,rs_hourly,0.0,W/m²,2026-05-21T08:05:09.235369
0PU22,APRICENA,41.773335,15.438611,2026-05-21 05:00:00,tair_hourly,13.6,°C,2026-05-21T08:05:02.583030
0PU22,APRICENA,41.773335,15.438611,2026-05-21 05:00:00,ws_10m_hourly,1.9,m/s,2026-05-21T08:05:11.830813
0PU22,APRICENA,41.773335,15.438611,2026-05-21 05:00:00,ws_2m_hourly,0.1,m/s,2026-05-21T08:05:11.830809
0PU23,MANFREDONIA,41.541389,15.885833,2026-05-21 05:00:00,precip_10min_interval,0.0,mm,2026-05-21T08:05:06.143807
0PU23,MANFREDONIA,41.541389,15.885833,2026-05-21 05:00:00,rh_hourly,74.0,%,2026-05-21T08:05:03.965064
0PU23,MANFREDONIA,41.541389,15.885833,2026-05-21 05:00:00,rs_hourly,0.0,W/m²,2026-05-21T08:05:09.235381
0PU23,MANFREDONIA,41.541389,15.885833,2026-05-21 05:00:00,tair_hourly,16.1,°C,2026-05-21T08:05:02.583044
0PU23,MANFREDONIA,41.541389,15.885833,2026-05-21 05:00:00,ws_10m_hourly,2.6,m/s,2026-05-21T08:05:11.830950
0PU23,MANFREDONIA,41.541389,15.885833,2026-05-21 05:00:00,ws_2m_hourly,0.4,m/s,2026-05-21T08:05:11.830935
0PU25,NOCIGLIA,40.034443,18.313057,2026-05-21 05:00:00,precip_10min_interval,0.0,mm,2026-05-21T08:05:06.143869
0PU25,NOCIGLIA,40.034443,18.313057,2026-05-21 05:00:00,rh_hourly,79.0,%,2026-05-21T08:05:03.965079
0PU25,NOCIGLIA,40.034443,18.313057,2026-05-21 05:00:00,rs_hourly,0.0,W/m²,2026-05-21T08:05:09.235394
0PU25,NOCIGLIA,40.034443,18.313057,2026-05-21 05:00:00,tair_hourly,15.4,°C,2026-05-21T08:05:02.583057
0PU25,NOCIGLIA,40.034443,18.313057,2026-05-21 05:00:00,ws_10m_hourly,3.5,m/s,2026-05-21T08:05:11.831075
0PU25,NOCIGLIA,40.034443,18.313057,2026-05-21 05:00:00,ws_2m_hourly,1.7,m/s,2026-05-21T08:05:11.831072
0PU27,GROTTAGLIE,40.53389,17.362778,2026-05-21 05:00:00,rh_hourly,63.0,%,2026-05-21T08:05:03.965092
0PU27,GROTTAGLIE,40.53389,17.362778,2026-05-21 05:00:00,rs_hourly,0.0,W/m²,2026-05-21T08:05:09.235409
0PU27,GROTTAGLIE,40.53389,17.362778,2026-05-21 05:00:00,tair_hourly,16.6,°C,2026-05-21T08:05:02.583073
0PU27,GROTTAGLIE,40.53389,17.362778,2026-05-21 05:00:00,ws_10m_hourly,4.7,m/s,2026-05-21T08:05:11.831203
0PU27,GROTTAGLIE,40.53389,17.362778,2026-05-21 05:00:00,ws_2m_hourly,2.7,m/s,2026-05-21T08:05:11.831200
0PU28,TRANI,41.247501,16.415556,2026-05-21 05:00:00,precip_10min_interval,0.0,mm,2026-05-21T08:05:06.143935
0PU28,TRANI,41.247501,16.415556,2026-05-21 05:00:00,rh_hourly,68.0,%,2026-05-21T08:05:03.965142
0PU28,TRANI,41.247501,16.415556,2026-05-21 05:00:00,rs_hourly,0.0,W/m²,2026-05-21T08:05:09.235418
0PU28,TRANI,41.247501,16.415556,2026-05-21 05:00:00,tair_hourly,15.5,°C,2026-05-21T08:05:02.583085
0PU28,TRANI,41.247501,16.415556,2026-05-21 05:00:00,ws_10m_hourly,2.7,m/s,2026-05-21T08:05:11.831331
0PU28,TRANI,41.247501,16.415556,2026-05-21 05:00:00,ws_2m_hourly,1.9,m/s,2026-05-21T08:05:11.831328
0PU30,NOICATTARO,41.021942,16.967777,2026-05-21 05:00:00,precip_10min_interval,0.0,mm,2026-05-21T08:05:06.144007
0PU30,NOICATTARO,41.021942,16.967777,2026-05-21 05:00:00,rh_hourly,73.0,%,2026-05-21T08:05:03.965155
0PU30,NOICATTARO,41.021942,16.967777,2026-05-21 05:00:00,rs_hourly,0.0,W/m²,2026-05-21T08:05:09.235431
0PU30,NOICATTARO,41.021942,16.967777,2026-05-21 05:00:00,tair_hourly,14.1,°C,2026-05-21T08:05:02.583097
0PU30,NOICATTARO,41.021942,16.967777,2026-05-21 05:00:00,ws_10m_hourly,3.1,m/s,2026-05-21T08:05:11.831459
0PU30,NOICATTARO,41.021942,16.967777,2026-05-21 05:00:00,ws_2m_hourly,1.6,m/s,2026-05-21T08:05:11.831454
0PU31,ALBEROBELLO,40.790558,17.233334,2026-05-21 05:00:00,precip_10min_interval,0.0,mm,2026-05-21T08:05:06.144071
0PU31,ALBEROBELLO,40.790558,17.233334,2026-05-21 05:00:00,rh_hourly,75.0,%,2026-05-21T08:05:03.965166
0PU31,ALBEROBELLO,40.790558,17.233334,2026-05-21 05:00:00,rs_hourly,0.0,W/m²,2026-05-21T08:05:09.235442
0PU31,ALBEROBELLO,40.790558,17.233334,2026-05-21 05:00:00,tair_hourly,12.9,°C,2026-05-21T08:05:02.583111
0PU31,ALBEROBELLO,40.790558,17.233334,2026-05-21 05:00:00,ws_10m_hourly,3.6,m/s,2026-05-21T08:05:11.831588
0PU31,ALBEROBELLO,40.790558,17.233334,2026-05-21 05:00:00,ws_2m_hourly,1.6,m/s,2026-05-21T08:05:11.831585
0PU33,MOCCARI,40.558334,17.851667,2026-05-21 05:00:00,precip_10min_interval,0.0,mm,2026-05-21T08:05:06.144131
0PU33,MOCCARI,40.558334,17.851667,2026-05-21 05:00:00,rh_hourly,72.0,%,2026-05-21T08:05:03.965182
0PU33,MOCCARI,40.558334,17.851667,2026-05-21 05:00:00,rs_hourly,0.0,W/m²,2026-05-21T08:05:09.235457
0PU33,MOCCARI,40.558334,17.851667,2026-05-21 05:00:00,tair_hourly,16.9,°C,2026-05-21T08:05:02.583124
0PU33,MOCCARI,40.558334,17.851667,2026-05-21 05:00:00,ws_10m_hourly,5.0,m/s,2026-05-21T08:05:11.831717
0PU33,MOCCARI,40.558334,17.851667,2026-05-21 05:00:00,ws_2m_hourly,2.6,m/s,2026-05-21T08:05:11.831714
0PU34,LATIANO,40.548332,17.688057,2026-05-21 05:00:00,precip_10min_interval,0.0,mm,2026-05-21T08:05:06.144193
0PU34,LATIANO,40.548332,17.688057,2026-05-21 05:00:00,rh_hourly,69.0,%,2026-05-21T08:05:03.965193
0PU34,LATIANO,40.548332,17.688057,2026-05-21 05:00:00,rs_hourly,0.0,W/m²,2026-05-21T08:05:09.235469
0PU34,LATIANO,40.548332,17.688057,2026-05-21 05:00:00,tair_hourly,15.8,°C,2026-05-21T08:05:02.583141
0PU34,LATIANO,40.548332,17.688057,2026-05-21 05:00:00,ws_10m_hourly,3.8,m/s,2026-05-21T08:05:11.831844
0PU34,LATIANO,40.548332,17.688057,2026-05-21 05:00:00,ws_2m_hourly,1.9,m/s,2026-05-21T08:05:11.831841
0PU35,SAN VITO DEI NORMANNI,40.629166,17.73361,2026-05-21 05:00:00,precip_10min_interval,0.0,mm,2026-05-21T08:05:06.144255
0PU35,SAN VITO DEI NORMANNI,40.629166,17.73361,2026-05-21 05:00:00,rs_hourly,0.0,W/m²,2026-05-21T08:05:09.235484
0PU35,SAN VITO DEI NORMANNI,40.629166,17.73361,2026-05-21 05:00:00,tair_hourly,16.9,°C,2026-05-21T08:05:02.583155
0PU35,SAN VITO DEI NORMANNI,40.629166,17.73361,2026-05-21 05:00:00,ws_10m_hourly,5.1,m/s,2026-05-21T08:05:11.831980
0PU35,SAN VITO DEI NORMANNI,40.629166,17.73361,2026-05-21 05:00:00,ws_2m_hourly,3.0,m/s,2026-05-21T08:05:11.831977
0PU36,VILLANOVA,41.654167,15.586667,2026-05-21 05:00:00,precip_10min_interval,0.0,mm,2026-05-21T08:05:06.144317
0PU36,VILLANOVA,41.654167,15.586667,2026-05-21 05:00:00,rh_hourly,73.0,%,2026-05-21T08:05:03.965205
0PU36,VILLANOVA,41.654167,15.586667,2026-05-21 05:00:00,rs_hourly,0.0,W/m²,2026-05-21T08:05:09.235498
0PU36,VILLANOVA,41.654167,15.586667,2026-05-21 05:00:00,tair_hourly,18.3,°C,2026-05-21T08:05:02.583170
0PU36,VILLANOVA,41.654167,15.586667,2026-05-21 05:00:00,ws_10m_hourly,9.4,m/s,2026-05-21T08:05:11.832105
0PU36,VILLANOVA,41.654167,15.586667,2026-05-21 05:00:00,ws_2m_hourly,4.7,m/s,2026-05-21T08:05:11.832102
0PU37,TROIA,41.336388,15.382778,2026-05-21 05:00:00,precip_10min_interval,0.0,mm,2026-05-21T08:05:06.144380
0PU37,TROIA,41.336388,15.382778,2026-05-21 05:00:00,rh_hourly,63.0,%,2026-05-21T08:05:03.965220
0PU37,TROIA,41.336388,15.382778,2026-05-21 05:00:00,rs_hourly,0.1,W/m²,2026-05-21T08:05:09.235510
0PU37,TROIA,41.336388,15.382778,2026-05-21 05:00:00,tair_hourly,14.5,°C,2026-05-21T08:05:02.583182
0PU37,TROIA,41.336388,15.382778,2026-05-21 05:00:00,ws_10m_hourly,5.4,m/s,2026-05-21T08:05:11.832235
0PU37,TROIA,41.336388,15.382778,2026-05-21 05:00:00,ws_2m_hourly,3.5,m/s,2026-05-21T08:05:11.832232
0PU38,BORGO LA ROCCA,41.558334,15.516111,2026-05-21 05:00:00,precip_10min_interval,0.0,mm,2026-05-21T08:05:06.144443
0PU38,BORGO LA ROCCA,41.558334,15.516111,2026-05-21 05:00:00,rh_hourly,67.0,%,2026-05-21T08:05:03.965233
0PU38,BORGO LA ROCCA,41.558334,15.516111,2026-05-21 05:00:00,rs_hourly,3.0,W/m²,2026-05-21T08:05:09.235522
0PU38,BORGO LA ROCCA,41.558334,15.516111,2026-05-21 05:00:00,tair_hourly,15.7,°C,2026-05-21T08:05:02.583194
0PU38,BORGO LA ROCCA,41.558334,15.516111,2026-05-21 05:00:00,ws_10m_hourly,3.5,m/s,2026-05-21T08:05:11.832368
0PU38,BORGO LA ROCCA,41.558334,15.516111,2026-05-21 05:00:00,ws_2m_hourly,1.8,m/s,2026-05-21T08:05:11.832366
0PU40,ARCHE,40.273888,18.013611,2026-05-21 05:00:00,precip_10min_interval,0.0,mm,2026-05-21T08:05:06.144522
0PU40,ARCHE,40.273888,18.013611,2026-05-21 05:00:00,rh_hourly,67.0,%,2026-05-21T08:05:03.965246
0PU40,ARCHE,40.273888,18.013611,2026-05-21 05:00:00,rs_hourly,0.0,W/m²,2026-05-21T08:05:09.235539
0PU40,ARCHE,40.273888,18.013611,2026-05-21 05:00:00,tair_hourly,16.9,°C,2026-05-21T08:05:02.583208
0PU40,ARCHE,40.273888,18.013611,2026-05-21 05:00:00,ws_10m_hourly,5.2,m/s,2026-05-21T08:05:11.832506
0PU40,ARCHE,40.273888,18.013611,2026-05-21 05:00:00,ws_2m_hourly,1.9,m/s,2026-05-21T08:05:11.832503
0PU41,LECCE,40.326668,18.139999,2026-05-21 05:00:00,precip_10min_interval,0.0,mm,2026-05-21T08:05:06.144587
0PU41,LECCE,40.326668,18.139999,2026-05-21 05:00:00,rh_hourly,71.0,%,2026-05-21T08:05:03.965259
0PU41,LECCE,40.326668,18.139999,2026-05-21 05:00:00,rs_hourly,0.0,W/m²,2026-05-21T08:05:09.235551
0PU41,LECCE,40.326668,18.139999,2026-05-21 05:00:00,tair_hourly,16.8,°C,2026-05-21T08:05:02.583220
0PU41,LECCE,40.326668,18.139999,2026-05-21 05:00:00,ws_10m_hourly,3.0,m/s,2026-05-21T08:05:11.832642
0PU41,LECCE,40.326668,18.139999,2026-05-21 05:00:00,ws_2m_hourly,1.9,m/s,2026-05-21T08:05:11.832639
0PU42,SALICE SALENTINO,40.390556,17.875278,2026-05-21 05:00:00,precip_10min_interval,0.0,mm,2026-05-21T08:05:06.144653
0PU42,SALICE SALENTINO,40.390556,17.875278,2026-05-21 05:00:00,rh_hourly,70.0,%,2026-05-21T08:05:03.965278
0PU42,SALICE SALENTINO,40.390556,17.875278,2026-05-21 05:00:00,rs_hourly,0.0,W/m²,2026-05-21T08:05:09.235564
0PU42,SALICE SALENTINO,40.390556,17.875278,2026-05-21 05:00:00,tair_hourly,16.5,°C,2026-05-21T08:05:02.583232
0PU42,SALICE SALENTINO,40.390556,17.875278,2026-05-21 05:00:00,ws_10m_hourly,5.2,m/s,2026-05-21T08:05:11.832778
0PU42,SALICE SALENTINO,40.390556,17.875278,2026-05-21 05:00:00,ws_2m_hourly,3.2,m/s,2026-05-21T08:05:11.832775
0PU43,LUCUGNANO,39.930279,18.3225,2026-05-21 05:00:00,precip_10min_interval,0.0,mm,2026-05-21T08:05:06.144717
0PU43,LUCUGNANO,39.930279,18.3225,2026-05-21 05:00:00,rh_hourly,79.0,%,2026-05-21T08:05:03.965290
0PU43,LUCUGNANO,39.930279,18.3225,2026-05-21 05:00:00,rs_hourly,0.0,W/m²,2026-05-21T08:05:09.235576
0PU43,LUCUGNANO,39.930279,18.3225,2026-05-21 05:00:00,tair_hourly,14.7,°C,2026-05-21T08:05:02.583248
0PU43,LUCUGNANO,39.930279,18.3225,2026-05-21 05:00:00,ws_10m_hourly,2.1,m/s,2026-05-21T08:05:11.832910
0PU43,LUCUGNANO,39.930279,18.3225,2026-05-21 05:00:00,ws_2m_hourly,0.8,m/s,2026-05-21T08:05:11.832907
0PU44,MANDURIA,40.381943,17.621111,2026-05-21 05:00:00,precip_10min_interval,0.0,mm,2026-05-21T08:05:06.144785
0PU44,MANDURIA,40.381943,17.621111,2026-05-21 05:00:00,rh_hourly,64.0,%,2026-05-21T08:05:03.965302
0PU44,MANDURIA,40.381943,17.621111,2026-05-21 05:00:00,rs_hourly,0.0,W/m²,2026-05-21T08:05:09.235591
0PU44,MANDURIA,40.381943,17.621111,2026-05-21 05:00:00,tair_hourly,17.1,°C,2026-05-21T08:05:02.583260
0PU44,MANDURIA,40.381943,17.621111,2026-05-21 05:00:00,ws_10m_hourly,5.5,m/s,2026-05-21T08:05:11.833054
0PU44,MANDURIA,40.381943,17.621111,2026-05-21 05:00:00,ws_2m_hourly,4.0,m/s,2026-05-21T08:05:11.833051
0PU45,MOTTOLA,40.675556,16.996111,2026-05-21 05:00:00,precip_10min_interval,0.0,mm,2026-05-21T08:05:06.144848
0PU45,MOTTOLA,40.675556,16.996111,2026-05-21 05:00:00,rh_hourly,71.0,%,2026-05-21T08:05:03.965319
0PU45,MOTTOLA,40.675556,16.996111,2026-05-21 05:00:00,rs_hourly,0.0,W/m²,2026-05-21T08:05:09.235604
0PU45,MOTTOLA,40.675556,16.996111,2026-05-21 05:00:00,tair_hourly,14.0,°C,2026-05-21T08:05:02.583272
0PU45,MOTTOLA,40.675556,16.996111,2026-05-21 05:00:00,ws_10m_hourly,4.5,m/s,2026-05-21T08:05:11.833183
0PU45,MOTTOLA,40.675556,16.996111,2026-05-21 05:00:00,ws_2m_hourly,1.3,m/s,2026-05-21T08:05:11.833180
0PU46,MASSAFRA,40.582779,17.091944,2026-05-21 05:00:00,precip_10min_interval,0.0,mm,2026-05-21T08:05:06.144912
0PU46,MASSAFRA,40.582779,17.091944,2026-05-21 05:00:00,rh_hourly,57.0,%,2026-05-21T08:05:03.965331
0PU46,MASSAFRA,40.582779,17.091944,2026-05-21 05:00:00,tair_hourly,16.1,°C,2026-05-21T08:05:02.583286
0PU46,MASSAFRA,40.582779,17.091944,2026-05-21 05:00:00,ws_10m_hourly,5.3,m/s,2026-05-21T08:05:11.833310
0PU46,MASSAFRA,40.582779,17.091944,2026-05-21 05:00:00,ws_2m_hourly,3.1,m/s,2026-05-21T08:05:11.833307
0PU47,CASTELLANETA,40.494446,16.878889,2026-05-21 05:00:00,precip_10min_interval,0.0,mm,2026-05-21T08:05:06.144985
0PU47,CASTELLANETA,40.494446,16.878889,2026-05-21 05:00:00,rh_hourly,53.0,%,2026-05-21T08:05:03.965343
0PU47,CASTELLANETA,40.494446,16.878889,2026-05-21 05:00:00,rs_hourly,0.0,W/m²,2026-05-21T08:05:09.235629
0PU47,CASTELLANETA,40.494446,16.878889,2026-05-21 05:00:00,tair_hourly,15.3,°C,2026-05-21T08:05:02.583301
0PU47,CASTELLANETA,40.494446,16.878889,2026-05-21 05:00:00,ws_10m_hourly,4.9,m/s,2026-05-21T08:05:11.833441
0PU47,CASTELLANETA,40.494446,16.878889,2026-05-21 05:00:00,ws_2m_hourly,2.1,m/s,2026-05-21T08:05:11.833438
0PU48,BARI C.N.R. IRSA,41.116943,16.820557,2026-05-21 05:00:00,precip_10min_interval,0.0,mm,2026-05-21T08:05:06.145053
0PU48,BARI C.N.R. IRSA,41.116943,16.820557,2026-05-21 05:00:00,rh_hourly,63.0,%,2026-05-21T08:05:03.965357
0PU48,BARI C.N.R. IRSA,41.116943,16.820557,2026-05-21 05:00:00,tair_hourly,16.8,°C,2026-05-21T08:05:02.583316
0PU48,BARI C.N.R. IRSA,41.116943,16.820557,2026-05-21 05:00:00,ws_10m_hourly,3.8,m/s,2026-05-21T08:05:11.833565
0PU48,BARI C.N.R. IRSA,41.116943,16.820557,2026-05-21 05:00:00,ws_2m_hourly,2.3,m/s,2026-05-21T08:05:11.833562
0PU49,LOCOROTONDO ITAS,40.757221,17.340834,2026-05-21 05:00:00,precip_10min_interval,0.0,mm,2026-05-21T08:05:06.145115
0PU49,LOCOROTONDO ITAS,40.757221,17.340834,2026-05-21 05:00:00,rh_hourly,71.0,%,2026-05-21T08:05:03.965369
0PU49,LOCOROTONDO ITAS,40.757221,17.340834,2026-05-21 05:00:00,rs_hourly,0.0,W/m²,2026-05-21T08:05:09.235650
0PU49,LOCOROTONDO ITAS,40.757221,17.340834,2026-05-21 05:00:00,tair_hourly,13.8,°C,2026-05-21T08:05:02.583328
0PU49,LOCOROTONDO ITAS,40.757221,17.340834,2026-05-21 05:00:00,ws_10m_hourly,5.3,m/s,2026-05-21T08:05:11.833698
0PU49,LOCOROTONDO ITAS,40.757221,17.340834,2026-05-21 05:00:00,ws_2m_hourly,3.3,m/s,2026-05-21T08:05:11.833693
0PU53,TORITTO,40.957222,16.567223,2026-05-21 05:00:00,precip_10min_interval,0.0,mm,2026-05-21T08:05:06.145183
0PU53,TORITTO,40.957222,16.567223,2026-05-21 05:00:00,rh_hourly,74.0,%,2026-05-21T08:05:03.965381
0PU53,TORITTO,40.957222,16.567223,2026-05-21 05:00:00,rs_hourly,0.0,W/m²,2026-05-21T08:05:09.235662
0PU53,TORITTO,40.957222,16.567223,2026-05-21 05:00:00,tair_hourly,13.6,°C,2026-05-21T08:05:02.583342
0PU53,TORITTO,40.957222,16.567223,2026-05-21 05:00:00,ws_10m_hourly,6.7,m/s,2026-05-21T08:05:11.833830
0PU53,TORITTO,40.957222,16.567223,2026-05-21 05:00:00,ws_2m_hourly,4.5,m/s,2026-05-21T08:05:11.833825
0PU54,TORRE SANTA SUSANNA,40.459442,17.724722,2026-05-21 05:00:00,precip_10min_interval,0.0,mm,2026-05-21T08:05:06.145246
0PU54,TORRE SANTA SUSANNA,40.459442,17.724722,2026-05-21 05:00:00,rh_hourly,70.0,%,2026-05-21T08:05:03.965393
0PU54,TORRE SANTA SUSANNA,40.459442,17.724722,2026-05-21 05:00:00,rs_hourly,0.0,W/m²,2026-05-21T08:05:09.235676
0PU54,TORRE SANTA SUSANNA,40.459442,17.724722,2026-05-21 05:00:00,tair_hourly,15.7,°C,2026-05-21T08:05:02.583354
0PU54,TORRE SANTA SUSANNA,40.459442,17.724722,2026-05-21 05:00:00,ws_10m_hourly,4.0,m/s,2026-05-21T08:05:11.833980
0PU54,TORRE SANTA SUSANNA,40.459442,17.724722,2026-05-21 05:00:00,ws_2m_hourly,0.4,m/s,2026-05-21T08:05:11.833978
0PU55,LESINA-RIPALTA,41.8475,15.266111,2026-05-21 05:00:00,precip_10min_interval,0.0,mm,2026-05-21T08:05:06.145316
0PU55,LESINA-RIPALTA,41.8475,15.266111,2026-05-21 05:00:00,rh_hourly,64.0,%,2026-05-21T08:05:03.965408
0PU55,LESINA-RIPALTA,41.8475,15.266111,2026-05-21 05:00:00,rs_hourly,0.0,W/m²,2026-05-21T08:05:09.235688
0PU55,LESINA-RIPALTA,41.8475,15.266111,2026-05-21 05:00:00,tair_hourly,16.4,°C,2026-05-21T08:05:02.583369
0PU55,LESINA-RIPALTA,41.8475,15.266111,2026-05-21 05:00:00,ws_10m_hourly,3.5,m/s,2026-05-21T08:05:11.834116
0PU55,LESINA-RIPALTA,41.8475,15.266111,2026-05-21 05:00:00,ws_2m_hourly,2.1,m/s,2026-05-21T08:05:11.834113
0PU56,CARLANTINO,41.588333,14.983611,2026-05-21 05:00:00,precip_10min_interval,0.0,mm,2026-05-21T08:05:06.145382
0PU56,CARLANTINO,41.588333,14.983611,2026-05-21 05:00:00,rh_hourly,64.0,%,2026-05-21T08:05:03.965421
0PU56,CARLANTINO,41.588333,14.983611,2026-05-21 05:00:00,tair_hourly,13.0,°C,2026-05-21T08:05:02.583383
0PU56,CARLANTINO,41.588333,14.983611,2026-05-21 05:00:00,ws_10m_hourly,3.5,m/s,2026-05-21T08:05:11.834250
0PU56,CARLANTINO,41.588333,14.983611,2026-05-21 05:00:00,ws_2m_hourly,2.0,m/s,2026-05-21T08:05:11.834247
0PU57,SANT'AGATA DI PUGLIA,41.150276,15.46,2026-05-21 05:00:00,precip_10min_interval,0.0,mm,2026-05-21T08:05:06.145446
0PU57,SANT'AGATA DI PUGLIA,41.150276,15.46,2026-05-21 05:00:00,rh_hourly,57.0,%,2026-05-21T08:05:03.965433
0PU57,SANT'AGATA DI PUGLIA,41.150276,15.46,2026-05-21 05:00:00,rs_hourly,0.0,W/m²,2026-05-21T08:05:09.235703
0PU57,SANT'AGATA DI PUGLIA,41.150276,15.46,2026-05-21 05:00:00,tair_hourly,16.6,°C,2026-05-21T08:05:02.583396
0PU57,SANT'AGATA DI PUGLIA,41.150276,15.46,2026-05-21 05:00:00,ws_10m_hourly,4.3,m/s,2026-05-21T08:05:11.834387
0PU57,SANT'AGATA DI PUGLIA,41.150276,15.46,2026-05-21 05:00:00,ws_2m_hourly,2.5,m/s,2026-05-21T08:05:11.834384
0PU58,GINOSA,40.556389,16.843611,2026-05-21 05:00:00,precip_10min_interval,0.0,mm,2026-05-21T08:05:06.145513
0PU58,GINOSA,40.556389,16.843611,2026-05-21 05:00:00,rh_hourly,62.0,%,2026-05-21T08:05:03.965450
0PU58,GINOSA,40.556389,16.843611,2026-05-21 05:00:00,rs_hourly,0.0,W/m²,2026-05-21T08:05:09.235718
0PU58,GINOSA,40.556389,16.843611,2026-05-21 05:00:00,tair_hourly,16.0,°C,2026-05-21T08:05:02.583408
0PU58,GINOSA,40.556389,16.843611,2026-05-21 05:00:00,ws_10m_hourly,6.1,m/s,2026-05-21T08:05:11.834527
0PU58,GINOSA,40.556389,16.843611,2026-05-21 05:00:00,ws_2m_hourly,4.3,m/s,2026-05-21T08:05:11.834524
0PU59,PALAGIANELLO,40.578335,16.975279,2026-05-21 05:00:00,precip_10min_interval,0.0,mm,2026-05-21T08:05:06.145582
0PU59,PALAGIANELLO,40.578335,16.975279,2026-05-21 05:00:00,rh_hourly,68.0,%,2026-05-21T08:05:03.965462
0PU59,PALAGIANELLO,40.578335,16.975279,2026-05-21 05:00:00,rs_hourly,0.0,W/m²,2026-05-21T08:05:09.235730
0PU59,PALAGIANELLO,40.578335,16.975279,2026-05-21 05:00:00,tair_hourly,14.7,°C,2026-05-21T08:05:02.583422
0PU59,PALAGIANELLO,40.578335,16.975279,2026-05-21 05:00:00,ws_10m_hourly,4.1,m/s,2026-05-21T08:05:11.834665
0PU59,PALAGIANELLO,40.578335,16.975279,2026-05-21 05:00:00,ws_2m_hourly,2.5,m/s,2026-05-21T08:05:11.834660
0PU60,MINERVINO DI LECCE,40.093613,18.418612,2026-05-21 05:00:00,precip_10min_interval,0.0,mm,2026-05-21T08:05:06.145651
0PU60,MINERVINO DI LECCE,40.093613,18.418612,2026-05-21 05:00:00,rh_hourly,82.0,%,2026-05-21T08:05:03.965474
0PU60,MINERVINO DI LECCE,40.093613,18.418612,2026-05-21 05:00:00,rs_hourly,0.8,W/m²,2026-05-21T08:05:09.235742
0PU60,MINERVINO DI LECCE,40.093613,18.418612,2026-05-21 05:00:00,tair_hourly,16.1,°C,2026-05-21T08:05:02.583436
0PU60,MINERVINO DI LECCE,40.093613,18.418612,2026-05-21 05:00:00,ws_10m_hourly,4.5,m/s,2026-05-21T08:05:11.834802
0PU60,MINERVINO DI LECCE,40.093613,18.418612,2026-05-21 05:00:00,ws_2m_hourly,2.8,m/s,2026-05-21T08:05:11.834799
0PU61,NARDO',40.171391,17.976389,2026-05-21 05:00:00,precip_10min_interval,0.0,mm,2026-05-21T08:05:06.145720
0PU61,NARDO',40.171391,17.976389,2026-05-21 05:00:00,rh_hourly,67.0,%,2026-05-21T08:05:03.965488
0PU61,NARDO',40.171391,17.976389,2026-05-21 05:00:00,rs_hourly,0.0,W/m²,2026-05-21T08:05:09.235756
0PU61,NARDO',40.171391,17.976389,2026-05-21 05:00:00,tair_hourly,16.8,°C,2026-05-21T08:05:02.583449
0PU61,NARDO',40.171391,17.976389,2026-05-21 05:00:00,ws_10m_hourly,5.5,m/s,2026-05-21T08:05:11.834953
0PU61,NARDO',40.171391,17.976389,2026-05-21 05:00:00,ws_2m_hourly,2.1,m/s,2026-05-21T08:05:11.834950
MBA20,IPSAA,41.22139,16.049723,2026-05-21 05:00:00,precip_10min_interval,0.0,mm,2026-05-21T08:05:06.145789
MBA20,IPSAA,41.22139,16.049723,2026-05-21 05:00:00,rh_hourly,83.0,%,2026-05-21T08:05:03.965500
MBA20,IPSAA,41.22139,16.049723,2026-05-21 05:00:00,tair_hourly,11.9,°C,2026-05-21T08:05:02.583461
MBA20,IPSAA,41.22139,16.049723,2026-05-21 05:00:00,ws_2m_hourly,0.5,m/s,2026-05-21T08:05:11.835088
MBA21,MONTEGROSSO,41.132778,16.185833,2026-05-21 05:00:00,precip_10min_interval,0.0,mm,2026-05-21T08:05:06.145857
MBA21,MONTEGROSSO,41.132778,16.185833,2026-05-21 05:00:00,rh_hourly,72.0,%,2026-05-21T08:05:03.965512
MBA21,MONTEGROSSO,41.132778,16.185833,2026-05-21 05:00:00,tair_hourly,13.2,°C,2026-05-21T08:05:02.583478
MBA21,MONTEGROSSO,41.132778,16.185833,2026-05-21 05:00:00,ws_2m_hourly,2.6,m/s,2026-05-21T08:05:11.835158
MBA22,S.P. SANTERAMO,40.80611,16.591389,2026-05-21 05:00:00,precip_10min_interval,0.0,mm,2026-05-21T08:05:06.145927
MBA22,S.P. SANTERAMO,40.80611,16.591389,2026-05-21 05:00:00,rh_hourly,82.0,%,2026-05-21T08:05:03.965529
MBA22,S.P. SANTERAMO,40.80611,16.591389,2026-05-21 05:00:00,tair_hourly,12.3,°C,2026-05-21T08:05:02.583490
MBA22,S.P. SANTERAMO,40.80611,16.591389,2026-05-21 05:00:00,ws_2m_hourly,3.9,m/s,2026-05-21T08:05:11.835225
MBA24,CASSANO DELLE MURGE,40.918888,16.78861,2026-05-21 05:00:00,precip_10min_interval,0.0,mm,2026-05-21T08:05:06.146002
MBA24,CASSANO DELLE MURGE,40.918888,16.78861,2026-05-21 05:00:00,rh_hourly,72.0,%,2026-05-21T08:05:03.965541
MBA24,CASSANO DELLE MURGE,40.918888,16.78861,2026-05-21 05:00:00,tair_hourly,14.8,°C,2026-05-21T08:05:02.583502
MBA24,CASSANO DELLE MURGE,40.918888,16.78861,2026-05-21 05:00:00,ws_2m_hourly,3.4,m/s,2026-05-21T08:05:11.835294
MBA25,SANTERAMO IN COLLE,40.78611,16.775833,2026-05-21 05:00:00,precip_10min_interval,0.0,mm,2026-05-21T08:05:06.146078
MBA25,SANTERAMO IN COLLE,40.78611,16.775833,2026-05-21 05:00:00,rh_hourly,65.0,%,2026-05-21T08:05:03.965555
MBA25,SANTERAMO IN COLLE,40.78611,16.775833,2026-05-21 05:00:00,tair_hourly,13.6,°C,2026-05-21T08:05:02.583517
MBA25,SANTERAMO IN COLLE,40.78611,16.775833,2026-05-21 05:00:00,ws_2m_hourly,3.2,m/s,2026-05-21T08:05:11.835362
MBA26,CAMPO SPER. UNIBA,41.023609,16.906389,2026-05-21 05:00:00,precip_10min_interval,0.0,mm,2026-05-21T08:05:06.146142
MBA26,CAMPO SPER. UNIBA,41.023609,16.906389,2026-05-21 05:00:00,rh_hourly,82.0,%,2026-05-21T08:05:03.965567
MBA26,CAMPO SPER. UNIBA,41.023609,16.906389,2026-05-21 05:00:00,tair_hourly,13.5,°C,2026-05-21T08:05:02.583529
MBA26,CAMPO SPER. UNIBA,41.023609,16.906389,2026-05-21 05:00:00,ws_2m_hourly,1.9,m/s,2026-05-21T08:05:11.835431
MBA27,SERRONE(AZ.AGR.MANCINI),40.921391,16.947222,2026-05-21 05:00:00,precip_10min_interval,0.0,mm,2026-05-21T08:05:06.146214
MBA27,SERRONE(AZ.AGR.MANCINI),40.921391,16.947222,2026-05-21 05:00:00,rh_hourly,74.0,%,2026-05-21T08:05:03.965581
MBA27,SERRONE(AZ.AGR.MANCINI),40.921391,16.947222,2026-05-21 05:00:00,tair_hourly,14.0,°C,2026-05-21T08:05:02.583541
MBA27,SERRONE(AZ.AGR.MANCINI),40.921391,16.947222,2026-05-21 05:00:00,ws_2m_hourly,4.0,m/s,2026-05-21T08:05:11.835499
MBA28,MURGIA ANTICI,40.715557,17.106667,2026-05-21 05:00:00,precip_10min_interval,0.0,mm,2026-05-21T08:05:06.146285
MBA28,MURGIA ANTICI,40.715557,17.106667,2026-05-21 05:00:00,rh_hourly,79.0,%,2026-05-21T08:05:03.965592
MBA28,MURGIA ANTICI,40.715557,17.106667,2026-05-21 05:00:00,tair_hourly,12.4,°C,2026-05-21T08:05:02.583553
MBA28,MURGIA ANTICI,40.715557,17.106667,2026-05-21 05:00:00,ws_2m_hourly,2.4,m/s,2026-05-21T08:05:11.835570
MBA29,LAMENDOLA I,40.812222,17.164167,2026-05-21 05:00:00,precip_10min_interval,0.0,mm,2026-05-21T08:05:06.146352
MBA29,LAMENDOLA I,40.812222,17.164167,2026-05-21 05:00:00,rh_hourly,79.0,%,2026-05-21T08:05:03.965604
MBA29,LAMENDOLA I,40.812222,17.164167,2026-05-21 05:00:00,tair_hourly,12.4,°C,2026-05-21T08:05:02.583570
MBA29,LAMENDOLA I,40.812222,17.164167,2026-05-21 05:00:00,ws_2m_hourly,2.4,m/s,2026-05-21T08:05:11.835642
MBR30,FASCIANELLO,40.860279,17.364166,2026-05-21 05:00:00,precip_10min_interval,0.0,mm,2026-05-21T08:05:06.146422
MBR30,FASCIANELLO,40.860279,17.364166,2026-05-21 05:00:00,rh_hourly,66.0,%,2026-05-21T08:05:03.965620
MBR30,FASCIANELLO,40.860279,17.364166,2026-05-21 05:00:00,tair_hourly,17.2,°C,2026-05-21T08:05:02.583584
MBR30,FASCIANELLO,40.860279,17.364166,2026-05-21 05:00:00,ws_2m_hourly,4.7,m/s,2026-05-21T08:05:11.835710
MBR31,FERRUZZO,40.62389,17.497499,2026-05-21 05:00:00,precip_10min_interval,0.0,mm,2026-05-21T08:05:06.146491
MBR31,FERRUZZO,40.62389,17.497499,2026-05-21 05:00:00,rh_hourly,73.0,%,2026-05-21T08:05:03.965632
MBR31,FERRUZZO,40.62389,17.497499,2026-05-21 05:00:00,tair_hourly,13.8,°C,2026-05-21T08:05:02.583597
MBR31,FERRUZZO,40.62389,17.497499,2026-05-21 05:00:00,ws_2m_hourly,2.5,m/s,2026-05-21T08:05:11.835783
MFG01,S. LUCIA,41.470554,15.363889,2026-05-21 05:00:00,precip_10min_interval,0.0,mm,2026-05-21T08:05:06.146560
MFG01,S. LUCIA,41.470554,15.363889,2026-05-21 05:00:00,rh_hourly,73.0,%,2026-05-21T08:05:03.965644
MFG01,S. LUCIA,41.470554,15.363889,2026-05-21 05:00:00,tair_hourly,13.0,°C,2026-05-21T08:05:02.583611
MFG01,S. LUCIA,41.470554,15.363889,2026-05-21 05:00:00,ws_2m_hourly,1.4,m/s,2026-05-21T08:05:11.835847
MFG02,SERRA DEI BISI,41.347778,15.282778,2026-05-21 05:00:00,precip_10min_interval,0.0,mm,2026-05-21T08:05:06.146631
MFG02,SERRA DEI BISI,41.347778,15.282778,2026-05-21 05:00:00,rh_hourly,55.0,%,2026-05-21T08:05:03.965659
MFG02,SERRA DEI BISI,41.347778,15.282778,2026-05-21 05:00:00,tair_hourly,14.5,°C,2026-05-21T08:05:02.583623
MFG02,SERRA DEI BISI,41.347778,15.282778,2026-05-21 05:00:00,ws_2m_hourly,1.8,m/s,2026-05-21T08:05:11.835920
MFG03,LA PESCIA,41.40889,15.756667,2026-05-21 05:00:00,precip_10min_interval,0.0,mm,2026-05-21T08:05:06.146698
MFG03,LA PESCIA,41.40889,15.756667,2026-05-21 05:00:00,rh_hourly,75.0,%,2026-05-21T08:05:03.965671
MFG03,LA PESCIA,41.40889,15.756667,2026-05-21 05:00:00,tair_hourly,14.9,°C,2026-05-21T08:05:02.583635
MFG03,LA PESCIA,41.40889,15.756667,2026-05-21 05:00:00,ws_2m_hourly,2.4,m/s,2026-05-21T08:05:11.836000
MFG04,TRE SANTI,41.393612,15.848056,2026-05-21 05:00:00,precip_10min_interval,0.0,mm,2026-05-21T08:05:06.146769
MFG04,TRE SANTI,41.393612,15.848056,2026-05-21 05:00:00,rh_hourly,71.0,%,2026-05-21T08:05:03.965682
MFG04,TRE SANTI,41.393612,15.848056,2026-05-21 05:00:00,tair_hourly,15.5,°C,2026-05-21T08:05:02.583652
MFG04,TRE SANTI,41.393612,15.848056,2026-05-21 05:00:00,ws_2m_hourly,3.1,m/s,2026-05-21T08:05:11.836067
MFG05,RIVOLI,41.470833,15.929444,2026-05-21 05:00:00,precip_10min_interval,0.0,mm,2026-05-21T08:05:06.146836
MFG05,RIVOLI,41.470833,15.929444,2026-05-21 05:00:00,rh_hourly,78.0,%,2026-05-21T08:05:03.965697
MFG05,RIVOLI,41.470833,15.929444,2026-05-21 05:00:00,ws_2m_hourly,1.7,m/s,2026-05-21T08:05:11.836144
MFG06,TAVOLETTA,41.194168,15.932222,2026-05-21 05:00:00,precip_10min_interval,0.0,mm,2026-05-21T08:05:06.146916
MFG06,TAVOLETTA,41.194168,15.932222,2026-05-21 05:00:00,rh_hourly,81.0,%,2026-05-21T08:05:03.965711
MFG06,TAVOLETTA,41.194168,15.932222,2026-05-21 05:00:00,tair_hourly,12.2,°C,2026-05-21T08:05:02.583664
MFG06,TAVOLETTA,41.194168,15.932222,2026-05-21 05:00:00,ws_2m_hourly,1.1,m/s,2026-05-21T08:05:11.836214
MFG07,COPPA D'ORO,41.421665,15.606944,2026-05-21 05:00:00,precip_10min_interval,0.0,mm,2026-05-21T08:05:06.146993
MFG07,COPPA D'ORO,41.421665,15.606944,2026-05-21 05:00:00,rh_hourly,65.0,%,2026-05-21T08:05:03.965723
MFG07,COPPA D'ORO,41.421665,15.606944,2026-05-21 05:00:00,tair_hourly,15.9,°C,2026-05-21T08:05:02.583676
MFG07,COPPA D'ORO,41.421665,15.606944,2026-05-21 05:00:00,ws_2m_hourly,3.8,m/s,2026-05-21T08:05:11.836284
MFG09,ARIOLA,41.8325,15.859722,2026-05-21 05:00:00,precip_10min_interval,0.0,mm,2026-05-21T08:05:06.147067
MFG09,ARIOLA,41.8325,15.859722,2026-05-21 05:00:00,rh_hourly,100.0,%,2026-05-21T08:05:03.965737
MFG09,ARIOLA,41.8325,15.859722,2026-05-21 05:00:00,tair_hourly,15.3,°C,2026-05-21T08:05:02.583688
MFG09,ARIOLA,41.8325,15.859722,2026-05-21 05:00:00,ws_2m_hourly,0.8,m/s,2026-05-21T08:05:11.836351
MFG10,MATINE CARNE SALATA,41.651943,15.706389,2026-05-21 05:00:00,precip_10min_interval,0.0,mm,2026-05-21T08:05:06.147138
MFG10,MATINE CARNE SALATA,41.651943,15.706389,2026-05-21 05:00:00,rh_hourly,70.0,%,2026-05-21T08:05:03.965751
MFG10,MATINE CARNE SALATA,41.651943,15.706389,2026-05-21 05:00:00,tair_hourly,16.5,°C,2026-05-21T08:05:02.583702
MFG10,MATINE CARNE SALATA,41.651943,15.706389,2026-05-21 05:00:00,ws_2m_hourly,0.9,m/s,2026-05-21T08:05:11.836421
MFG11,SELVA DELLE GROTTE,41.714722,15.148056,2026-05-21 05:00:00,precip_10min_interval,0.0,mm,2026-05-21T08:05:06.147207
MFG11,SELVA DELLE GROTTE,41.714722,15.148056,2026-05-21 05:00:00,rh_hourly,73.0,%,2026-05-21T08:05:03.965763
MFG11,SELVA DELLE GROTTE,41.714722,15.148056,2026-05-21 05:00:00,tair_hourly,12.4,°C,2026-05-21T08:05:02.583720
MFG11,SELVA DELLE GROTTE,41.714722,15.148056,2026-05-21 05:00:00,ws_2m_hourly,0.9,m/s,2026-05-21T08:05:11.836498
MFG13,BISCIGLIETO,41.142502,15.662778,2026-05-21 05:00:00,precip_10min_interval,0.0,mm,2026-05-21T08:05:06.147277
MFG13,BISCIGLIETO,41.142502,15.662778,2026-05-21 05:00:00,rh_hourly,66.0,%,2026-05-21T08:05:03.965775
MFG13,BISCIGLIETO,41.142502,15.662778,2026-05-21 05:00:00,tair_hourly,15.4,°C,2026-05-21T08:05:02.583732
MFG13,BISCIGLIETO,41.142502,15.662778,2026-05-21 05:00:00,ws_2m_hourly,5.3,m/s,2026-05-21T08:05:11.836566
MFG14,S. LUCIA,41.922779,15.874722,2026-05-21 05:00:00,precip_10min_interval,0.0,mm,2026-05-21T08:05:06.147345
MFG14,S. LUCIA,41.922779,15.874722,2026-05-21 05:00:00,rh_hourly,86.0,%,2026-05-21T08:05:03.965795
MFG14,S. LUCIA,41.922779,15.874722,2026-05-21 05:00:00,tair_hourly,16.3,°C,2026-05-21T08:05:02.583747
MFG14,S. LUCIA,41.922779,15.874722,2026-05-21 05:00:00,ws_2m_hourly,1.0,m/s,2026-05-21T08:05:11.836637
MFG15,CASA LORDA,41.62389,15.403056,2026-05-21 05:00:00,precip_10min_interval,0.0,mm,2026-05-21T08:05:06.147414
MFG15,CASA LORDA,41.62389,15.403056,2026-05-21 05:00:00,rh_hourly,75.0,%,2026-05-21T08:05:03.965807
MFG15,CASA LORDA,41.62389,15.403056,2026-05-21 05:00:00,tair_hourly,13.6,°C,2026-05-21T08:05:02.583759
MFG15,CASA LORDA,41.62389,15.403056,2026-05-21 05:00:00,ws_2m_hourly,0.5,m/s,2026-05-21T08:05:11.836704
MFG16,QUERCIA COPPE,41.693054,15.756944,2026-05-21 05:00:00,precip_10min_interval,0.0,mm,2026-05-21T08:05:06.147482
MFG16,QUERCIA COPPE,41.693054,15.756944,2026-05-21 05:00:00,rh_hourly,92.0,%,2026-05-21T08:05:03.965818
MFG16,QUERCIA COPPE,41.693054,15.756944,2026-05-21 05:00:00,tair_hourly,12.4,°C,2026-05-21T08:05:02.583771
MFG16,QUERCIA COPPE,41.693054,15.756944,2026-05-21 05:00:00,ws_2m_hourly,5.3,m/s,2026-05-21T08:05:11.836775
MFG17,CARRO CHIUSO,41.284168,16.077223,2026-05-21 05:00:00,precip_10min_interval,0.0,mm,2026-05-21T08:05:06.147552
MFG17,CARRO CHIUSO,41.284168,16.077223,2026-05-21 05:00:00,rh_hourly,81.0,%,2026-05-21T08:05:03.965830
MFG17,CARRO CHIUSO,41.284168,16.077223,2026-05-21 05:00:00,tair_hourly,12.0,°C,2026-05-21T08:05:02.583785
MFG17,CARRO CHIUSO,41.284168,16.077223,2026-05-21 05:00:00,ws_2m_hourly,1.6,m/s,2026-05-21T08:05:11.836847
MFG18,VIESTE,41.901669,16.080557,2026-05-21 05:00:00,precip_10min_interval,0.0,mm,2026-05-21T08:05:06.147630
MFG18,VIESTE,41.901669,16.080557,2026-05-21 05:00:00,rh_hourly,89.0,%,2026-05-21T08:05:03.965846
MFG18,VIESTE,41.901669,16.080557,2026-05-21 05:00:00,tair_hourly,16.4,°C,2026-05-21T08:05:02.583799
MFG18,VIESTE,41.901669,16.080557,2026-05-21 05:00:00,ws_2m_hourly,2.6,m/s,2026-05-21T08:05:11.836917
MFG19,FOGGIA MONTEROZZI,41.521111,15.591944,2026-05-21 05:00:00,precip_10min_interval,0.0,mm,2026-05-21T08:05:06.147697
MFG19,FOGGIA MONTEROZZI,41.521111,15.591944,2026-05-21 05:00:00,tair_hourly,16.6,°C,2026-05-21T08:05:02.583811
MFG19,FOGGIA MONTEROZZI,41.521111,15.591944,2026-05-21 05:00:00,ws_2m_hourly,4.0,m/s,2026-05-21T08:05:11.836995
MLE34,BARBARO,39.980831,18.1525,2026-05-21 05:00:00,precip_10min_interval,0.0,mm,2026-05-21T08:05:06.147773
MLE34,BARBARO,39.980831,18.1525,2026-05-21 05:00:00,rh_hourly,79.0,%,2026-05-21T08:05:03.965858
MLE34,BARBARO,39.980831,18.1525,2026-05-21 05:00:00,tair_hourly,14.8,°C,2026-05-21T08:05:02.583828
MLE34,BARBARO,39.980831,18.1525,2026-05-21 05:00:00,ws_2m_hourly,1.9,m/s,2026-05-21T08:05:11.837065
MLE35,MALOPRA,40.225555,18.299168,2026-05-21 05:00:00,precip_10min_interval,0.0,mm,2026-05-21T08:05:06.147837
MLE35,MALOPRA,40.225555,18.299168,2026-05-21 05:00:00,rh_hourly,79.0,%,2026-05-21T08:05:03.965870
MLE35,MALOPRA,40.225555,18.299168,2026-05-21 05:00:00,tair_hourly,16.0,°C,2026-05-21T08:05:02.583840
MLE35,MALOPRA,40.225555,18.299168,2026-05-21 05:00:00,ws_2m_hourly,2.7,m/s,2026-05-21T08:05:11.837133
MTA32,MARTINA FRANCA,40.634724,17.277779,2026-05-21 05:00:00,precip_10min_interval,0.0,mm,2026-05-21T08:05:06.147906
MTA32,MARTINA FRANCA,40.634724,17.277779,2026-05-21 05:00:00,rh_hourly,71.0,%,2026-05-21T08:05:03.965885
MTA32,MARTINA FRANCA,40.634724,17.277779,2026-05-21 05:00:00,tair_hourly,13.7,°C,2026-05-21T08:05:02.583854
MTA32,MARTINA FRANCA,40.634724,17.277779,2026-05-21 05:00:00,ws_2m_hourly,2.0,m/s,2026-05-21T08:05:11.837203
0PU01,GUROLAMANNA,40.916111,16.447779,2026-05-21 05:10:00,precip_10min_interval,0.0,mm,2026-05-21T08:05:06.142587
0PU01,GUROLAMANNA,40.916111,16.447779,2026-05-21 05:10:00,ws_10m_hourly,6.4,m/s,2026-05-21T08:05:11.828539
0PU01,GUROLAMANNA,40.916111,16.447779,2026-05-21 05:10:00,ws_2m_hourly,4.1,m/s,2026-05-21T08:05:11.828534
0PU03,LIMELLI D'IMPERATORE,40.883057,16.3125,2026-05-21 05:10:00,precip_10min_interval,0.0,mm,2026-05-21T08:05:06.142686
0PU03,LIMELLI D'IMPERATORE,40.883057,16.3125,2026-05-21 05:10:00,ws_10m_hourly,5.5,m/s,2026-05-21T08:05:11.828715
0PU03,LIMELLI D'IMPERATORE,40.883057,16.3125,2026-05-21 05:10:00,ws_2m_hourly,3.2,m/s,2026-05-21T08:05:11.828711
0PU04,OTTAVA SEDICI,40.7925,17.481943,2026-05-21 05:10:00,precip_10min_interval,0.0,mm,2026-05-21T08:05:06.142754
0PU04,OTTAVA SEDICI,40.7925,17.481943,2026-05-21 05:10:00,ws_10m_hourly,4.1,m/s,2026-05-21T08:05:11.828854
0PU04,OTTAVA SEDICI,40.7925,17.481943,2026-05-21 05:10:00,ws_2m_hourly,0.8,m/s,2026-05-21T08:05:11.828850
0PU06,MAINE,40.543056,18.032223,2026-05-21 05:10:00,precip_10min_interval,0.0,mm,2026-05-21T08:05:06.142818
0PU06,MAINE,40.543056,18.032223,2026-05-21 05:10:00,ws_10m_hourly,3.5,m/s,2026-05-21T08:05:11.829006
0PU06,MAINE,40.543056,18.032223,2026-05-21 05:10:00,ws_2m_hourly,0.7,m/s,2026-05-21T08:05:11.829002
0PU07,TRIONFO,41.347221,15.744167,2026-05-21 05:10:00,precip_10min_interval,0.0,mm,2026-05-21T08:05:06.142883
0PU07,TRIONFO,41.347221,15.744167,2026-05-21 05:10:00,ws_10m_hourly,3.8,m/s,2026-05-21T08:05:11.829135
0PU07,TRIONFO,41.347221,15.744167,2026-05-21 05:10:00,ws_2m_hourly,0.2,m/s,2026-05-21T08:05:11.829129
0PU08,TORRETTA,41.542221,15.173889,2026-05-21 05:10:00,precip_10min_interval,0.0,mm,2026-05-21T08:05:06.142973
0PU08,TORRETTA,41.542221,15.173889,2026-05-21 05:10:00,ws_10m_hourly,5.7,m/s,2026-05-21T08:05:11.829262
0PU08,TORRETTA,41.542221,15.173889,2026-05-21 05:10:00,ws_2m_hourly,0.0,m/s,2026-05-21T08:05:11.829259
0PU10,FRASSANITO,40.237221,18.441389,2026-05-21 05:10:00,precip_10min_interval,0.0,mm,2026-05-21T08:05:06.143041
0PU10,FRASSANITO,40.237221,18.441389,2026-05-21 05:10:00,ws_10m_hourly,4.7,m/s,2026-05-21T08:05:11.829385
0PU10,FRASSANITO,40.237221,18.441389,2026-05-21 05:10:00,ws_2m_hourly,2.5,m/s,2026-05-21T08:05:11.829382
0PU11,BADESSA,40.470554,18.097221,2026-05-21 05:10:00,precip_10min_interval,0.0,mm,2026-05-21T08:05:06.143103
0PU11,BADESSA,40.470554,18.097221,2026-05-21 05:10:00,ws_10m_hourly,4.5,m/s,2026-05-21T08:05:11.829512
0PU11,BADESSA,40.470554,18.097221,2026-05-21 05:10:00,ws_2m_hourly,2.4,m/s,2026-05-21T08:05:11.829509
0PU12,CONTE,39.981945,18.067499,2026-05-21 05:10:00,precip_10min_interval,0.0,mm,2026-05-21T08:05:06.143175
0PU12,CONTE,39.981945,18.067499,2026-05-21 05:10:00,ws_10m_hourly,2.9,m/s,2026-05-21T08:05:11.829640
0PU12,CONTE,39.981945,18.067499,2026-05-21 05:10:00,ws_2m_hourly,0.3,m/s,2026-05-21T08:05:11.829637
0PU13,TORRICELLA,40.343334,17.487778,2026-05-21 05:10:00,precip_10min_interval,0.0,mm,2026-05-21T08:05:06.143237
0PU13,TORRICELLA,40.343334,17.487778,2026-05-21 05:10:00,ws_10m_hourly,6.4,m/s,2026-05-21T08:05:11.829772
0PU13,TORRICELLA,40.343334,17.487778,2026-05-21 05:10:00,ws_2m_hourly,3.5,m/s,2026-05-21T08:05:11.829768
0PU14,TAFURI,40.680832,16.867779,2026-05-21 05:10:00,precip_10min_interval,0.0,mm,2026-05-21T08:05:06.143299
0PU14,TAFURI,40.680832,16.867779,2026-05-21 05:10:00,ws_10m_hourly,6.4,m/s,2026-05-21T08:05:11.829907
0PU14,TAFURI,40.680832,16.867779,2026-05-21 05:10:00,ws_2m_hourly,3.4,m/s,2026-05-21T08:05:11.829903
0PU16,ANDRIA,41.202221,16.201944,2026-05-21 05:10:00,precip_10min_interval,0.0,mm,2026-05-21T08:05:06.143363
0PU16,ANDRIA,41.202221,16.201944,2026-05-21 05:10:00,ws_10m_hourly,2.5,m/s,2026-05-21T08:05:11.830043
0PU16,ANDRIA,41.202221,16.201944,2026-05-21 05:10:00,ws_2m_hourly,0.5,m/s,2026-05-21T08:05:11.830040
0PU17,OSTUNI-SAROLO,40.688332,17.413889,2026-05-21 05:10:00,precip_10min_interval,0.0,mm,2026-05-21T08:05:06.143425
0PU17,OSTUNI-SAROLO,40.688332,17.413889,2026-05-21 05:10:00,ws_10m_hourly,2.9,m/s,2026-05-21T08:05:11.830171
0PU17,OSTUNI-SAROLO,40.688332,17.413889,2026-05-21 05:10:00,ws_2m_hourly,1.0,m/s,2026-05-21T08:05:11.830165
0PU18,MONOPOLI,40.919445,17.294443,2026-05-21 05:10:00,precip_10min_interval,0.0,mm,2026-05-21T08:05:06.143496
0PU18,MONOPOLI,40.919445,17.294443,2026-05-21 05:10:00,ws_10m_hourly,3.4,m/s,2026-05-21T08:05:11.830296
0PU18,MONOPOLI,40.919445,17.294443,2026-05-21 05:10:00,ws_2m_hourly,1.8,m/s,2026-05-21T08:05:11.830293
0PU19,TERLIZZI,41.120834,16.549168,2026-05-21 05:10:00,precip_10min_interval,0.0,mm,2026-05-21T08:05:06.143556
0PU19,TERLIZZI,41.120834,16.549168,2026-05-21 05:10:00,ws_10m_hourly,1.5,m/s,2026-05-21T08:05:11.830425
0PU19,TERLIZZI,41.120834,16.549168,2026-05-21 05:10:00,ws_2m_hourly,0.5,m/s,2026-05-21T08:05:11.830422
0PU20,VILLA CASTELLI,40.553055,17.504444,2026-05-21 05:10:00,precip_10min_interval,0.0,mm,2026-05-21T08:05:06.143619
0PU20,VILLA CASTELLI,40.553055,17.504444,2026-05-21 05:10:00,ws_10m_hourly,5.4,m/s,2026-05-21T08:05:11.830553
0PU20,VILLA CASTELLI,40.553055,17.504444,2026-05-21 05:10:00,ws_2m_hourly,3.0,m/s,2026-05-21T08:05:11.830548
0PU21,CAROVIGNO,40.691944,17.630278,2026-05-21 05:10:00,precip_10min_interval,0.0,mm,2026-05-21T08:05:06.143683
0PU21,CAROVIGNO,40.691944,17.630278,2026-05-21 05:10:00,ws_10m_hourly,3.7,m/s,2026-05-21T08:05:11.830681
0PU21,CAROVIGNO,40.691944,17.630278,2026-05-21 05:10:00,ws_2m_hourly,1.1,m/s,2026-05-21T08:05:11.830678
0PU22,APRICENA,41.773335,15.438611,2026-05-21 05:10:00,precip_10min_interval,0.0,mm,2026-05-21T08:05:06.143747
0PU22,APRICENA,41.773335,15.438611,2026-05-21 05:10:00,ws_10m_hourly,2.0,m/s,2026-05-21T08:05:11.830819
0PU22,APRICENA,41.773335,15.438611,2026-05-21 05:10:00,ws_2m_hourly,0.1,m/s,2026-05-21T08:05:11.830816
0PU23,MANFREDONIA,41.541389,15.885833,2026-05-21 05:10:00,precip_10min_interval,0.0,mm,2026-05-21T08:05:06.143812
0PU23,MANFREDONIA,41.541389,15.885833,2026-05-21 05:10:00,ws_10m_hourly,3.1,m/s,2026-05-21T08:05:11.830956
0PU23,MANFREDONIA,41.541389,15.885833,2026-05-21 05:10:00,ws_2m_hourly,0.9,m/s,2026-05-21T08:05:11.830953
0PU25,NOCIGLIA,40.034443,18.313057,2026-05-21 05:10:00,precip_10min_interval,0.0,mm,2026-05-21T08:05:06.143872
0PU25,NOCIGLIA,40.034443,18.313057,2026-05-21 05:10:00,ws_10m_hourly,3.1,m/s,2026-05-21T08:05:11.831083
0PU25,NOCIGLIA,40.034443,18.313057,2026-05-21 05:10:00,ws_2m_hourly,1.3,m/s,2026-05-21T08:05:11.831080
0PU27,GROTTAGLIE,40.53389,17.362778,2026-05-21 05:10:00,ws_10m_hourly,4.5,m/s,2026-05-21T08:05:11.831209
0PU27,GROTTAGLIE,40.53389,17.362778,2026-05-21 05:10:00,ws_2m_hourly,2.4,m/s,2026-05-21T08:05:11.831206
0PU28,TRANI,41.247501,16.415556,2026-05-21 05:10:00,precip_10min_interval,0.0,mm,2026-05-21T08:05:06.143949
0PU28,TRANI,41.247501,16.415556,2026-05-21 05:10:00,ws_10m_hourly,3.4,m/s,2026-05-21T08:05:11.831337
0PU28,TRANI,41.247501,16.415556,2026-05-21 05:10:00,ws_2m_hourly,2.4,m/s,2026-05-21T08:05:11.831334
0PU30,NOICATTARO,41.021942,16.967777,2026-05-21 05:10:00,precip_10min_interval,0.0,mm,2026-05-21T08:05:06.144010
0PU30,NOICATTARO,41.021942,16.967777,2026-05-21 05:10:00,ws_10m_hourly,2.8,m/s,2026-05-21T08:05:11.831466
0PU30,NOICATTARO,41.021942,16.967777,2026-05-21 05:10:00,ws_2m_hourly,1.4,m/s,2026-05-21T08:05:11.831463
0PU31,ALBEROBELLO,40.790558,17.233334,2026-05-21 05:10:00,precip_10min_interval,0.0,mm,2026-05-21T08:05:06.144074
0PU31,ALBEROBELLO,40.790558,17.233334,2026-05-21 05:10:00,ws_10m_hourly,3.6,m/s,2026-05-21T08:05:11.831594
0PU31,ALBEROBELLO,40.790558,17.233334,2026-05-21 05:10:00,ws_2m_hourly,1.6,m/s,2026-05-21T08:05:11.831591
0PU33,MOCCARI,40.558334,17.851667,2026-05-21 05:10:00,precip_10min_interval,0.0,mm,2026-05-21T08:05:06.144133
0PU33,MOCCARI,40.558334,17.851667,2026-05-21 05:10:00,ws_10m_hourly,3.8,m/s,2026-05-21T08:05:11.831727
0PU33,MOCCARI,40.558334,17.851667,2026-05-21 05:10:00,ws_2m_hourly,2.3,m/s,2026-05-21T08:05:11.831721
0PU34,LATIANO,40.548332,17.688057,2026-05-21 05:10:00,precip_10min_interval,0.0,mm,2026-05-21T08:05:06.144196
0PU34,LATIANO,40.548332,17.688057,2026-05-21 05:10:00,ws_10m_hourly,3.9,m/s,2026-05-21T08:05:11.831853
0PU34,LATIANO,40.548332,17.688057,2026-05-21 05:10:00,ws_2m_hourly,2.1,m/s,2026-05-21T08:05:11.831849
0PU35,SAN VITO DEI NORMANNI,40.629166,17.73361,2026-05-21 05:10:00,precip_10min_interval,0.0,mm,2026-05-21T08:05:06.144258
0PU35,SAN VITO DEI NORMANNI,40.629166,17.73361,2026-05-21 05:10:00,ws_10m_hourly,5.2,m/s,2026-05-21T08:05:11.831990
0PU35,SAN VITO DEI NORMANNI,40.629166,17.73361,2026-05-21 05:10:00,ws_2m_hourly,3.1,m/s,2026-05-21T08:05:11.831982
0PU36,VILLANOVA,41.654167,15.586667,2026-05-21 05:10:00,precip_10min_interval,0.0,mm,2026-05-21T08:05:06.144320
0PU36,VILLANOVA,41.654167,15.586667,2026-05-21 05:10:00,ws_10m_hourly,7.2,m/s,2026-05-21T08:05:11.832111
0PU36,VILLANOVA,41.654167,15.586667,2026-05-21 05:10:00,ws_2m_hourly,3.1,m/s,2026-05-21T08:05:11.832108
0PU37,TROIA,41.336388,15.382778,2026-05-21 05:10:00,precip_10min_interval,0.0,mm,2026-05-21T08:05:06.144383
0PU37,TROIA,41.336388,15.382778,2026-05-21 05:10:00,ws_10m_hourly,5.6,m/s,2026-05-21T08:05:11.832241
0PU37,TROIA,41.336388,15.382778,2026-05-21 05:10:00,ws_2m_hourly,3.7,m/s,2026-05-21T08:05:11.832238
0PU38,BORGO LA ROCCA,41.558334,15.516111,2026-05-21 05:10:00,precip_10min_interval,0.0,mm,2026-05-21T08:05:06.144446
0PU38,BORGO LA ROCCA,41.558334,15.516111,2026-05-21 05:10:00,ws_10m_hourly,4.7,m/s,2026-05-21T08:05:11.832375
0PU38,BORGO LA ROCCA,41.558334,15.516111,2026-05-21 05:10:00,ws_2m_hourly,3.0,m/s,2026-05-21T08:05:11.832372
0PU40,ARCHE,40.273888,18.013611,2026-05-21 05:10:00,precip_10min_interval,0.0,mm,2026-05-21T08:05:06.144525
0PU40,ARCHE,40.273888,18.013611,2026-05-21 05:10:00,ws_10m_hourly,4.8,m/s,2026-05-21T08:05:11.832512
0PU40,ARCHE,40.273888,18.013611,2026-05-21 05:10:00,ws_2m_hourly,1.4,m/s,2026-05-21T08:05:11.832509
0PU41,LECCE,40.326668,18.139999,2026-05-21 05:10:00,precip_10min_interval,0.0,mm,2026-05-21T08:05:06.144590
0PU41,LECCE,40.326668,18.139999,2026-05-21 05:10:00,ws_10m_hourly,3.4,m/s,2026-05-21T08:05:11.832648
0PU41,LECCE,40.326668,18.139999,2026-05-21 05:10:00,ws_2m_hourly,2.1,m/s,2026-05-21T08:05:11.832645
0PU42,SALICE SALENTINO,40.390556,17.875278,2026-05-21 05:10:00,precip_10min_interval,0.0,mm,2026-05-21T08:05:06.144656
0PU42,SALICE SALENTINO,40.390556,17.875278,2026-05-21 05:10:00,ws_10m_hourly,5.1,m/s,2026-05-21T08:05:11.832784
0PU42,SALICE SALENTINO,40.390556,17.875278,2026-05-21 05:10:00,ws_2m_hourly,3.1,m/s,2026-05-21T08:05:11.832781
0PU43,LUCUGNANO,39.930279,18.3225,2026-05-21 05:10:00,precip_10min_interval,0.0,mm,2026-05-21T08:05:06.144720
0PU43,LUCUGNANO,39.930279,18.3225,2026-05-21 05:10:00,ws_10m_hourly,2.2,m/s,2026-05-21T08:05:11.832917
0PU43,LUCUGNANO,39.930279,18.3225,2026-05-21 05:10:00,ws_2m_hourly,0.9,m/s,2026-05-21T08:05:11.832913
0PU44,MANDURIA,40.381943,17.621111,2026-05-21 05:10:00,precip_10min_interval,0.0,mm,2026-05-21T08:05:06.144788
0PU44,MANDURIA,40.381943,17.621111,2026-05-21 05:10:00,ws_10m_hourly,5.1,m/s,2026-05-21T08:05:11.833060
0PU44,MANDURIA,40.381943,17.621111,2026-05-21 05:10:00,ws_2m_hourly,3.5,m/s,2026-05-21T08:05:11.833056
0PU45,MOTTOLA,40.675556,16.996111,2026-05-21 05:10:00,precip_10min_interval,0.0,mm,2026-05-21T08:05:06.144851
0PU45,MOTTOLA,40.675556,16.996111,2026-05-21 05:10:00,ws_10m_hourly,5.1,m/s,2026-05-21T08:05:11.833191
0PU45,MOTTOLA,40.675556,16.996111,2026-05-21 05:10:00,ws_2m_hourly,2.7,m/s,2026-05-21T08:05:11.833188
0PU46,MASSAFRA,40.582779,17.091944,2026-05-21 05:10:00,precip_10min_interval,0.0,mm,2026-05-21T08:05:06.144915
0PU46,MASSAFRA,40.582779,17.091944,2026-05-21 05:10:00,ws_10m_hourly,4.9,m/s,2026-05-21T08:05:11.833316
0PU46,MASSAFRA,40.582779,17.091944,2026-05-21 05:10:00,ws_2m_hourly,3.1,m/s,2026-05-21T08:05:11.833313
0PU47,CASTELLANETA,40.494446,16.878889,2026-05-21 05:10:00,precip_10min_interval,0.0,mm,2026-05-21T08:05:06.144988
0PU47,CASTELLANETA,40.494446,16.878889,2026-05-21 05:10:00,ws_10m_hourly,5.0,m/s,2026-05-21T08:05:11.833447
0PU47,CASTELLANETA,40.494446,16.878889,2026-05-21 05:10:00,ws_2m_hourly,2.1,m/s,2026-05-21T08:05:11.833444
0PU48,BARI C.N.R. IRSA,41.116943,16.820557,2026-05-21 05:10:00,precip_10min_interval,0.0,mm,2026-05-21T08:05:06.145056
0PU48,BARI C.N.R. IRSA,41.116943,16.820557,2026-05-21 05:10:00,ws_10m_hourly,3.6,m/s,2026-05-21T08:05:11.833571
0PU48,BARI C.N.R. IRSA,41.116943,16.820557,2026-05-21 05:10:00,ws_2m_hourly,2.2,m/s,2026-05-21T08:05:11.833568
0PU49,LOCOROTONDO ITAS,40.757221,17.340834,2026-05-21 05:10:00,precip_10min_interval,0.0,mm,2026-05-21T08:05:06.145118
0PU49,LOCOROTONDO ITAS,40.757221,17.340834,2026-05-21 05:10:00,ws_10m_hourly,4.7,m/s,2026-05-21T08:05:11.833704
0PU49,LOCOROTONDO ITAS,40.757221,17.340834,2026-05-21 05:10:00,ws_2m_hourly,3.0,m/s,2026-05-21T08:05:11.833701
0PU53,TORITTO,40.957222,16.567223,2026-05-21 05:10:00,precip_10min_interval,0.0,mm,2026-05-21T08:05:06.145188
0PU53,TORITTO,40.957222,16.567223,2026-05-21 05:10:00,ws_10m_hourly,6.7,m/s,2026-05-21T08:05:11.833836
0PU53,TORITTO,40.957222,16.567223,2026-05-21 05:10:00,ws_2m_hourly,4.6,m/s,2026-05-21T08:05:11.833833
0PU54,TORRE SANTA SUSANNA,40.459442,17.724722,2026-05-21 05:10:00,precip_10min_interval,0.0,mm,2026-05-21T08:05:06.145249
0PU54,TORRE SANTA SUSANNA,40.459442,17.724722,2026-05-21 05:10:00,ws_10m_hourly,3.7,m/s,2026-05-21T08:05:11.833986
0PU54,TORRE SANTA SUSANNA,40.459442,17.724722,2026-05-21 05:10:00,ws_2m_hourly,0.3,m/s,2026-05-21T08:05:11.833983
0PU55,LESINA-RIPALTA,41.8475,15.266111,2026-05-21 05:10:00,precip_10min_interval,0.0,mm,2026-05-21T08:05:06.145319
0PU55,LESINA-RIPALTA,41.8475,15.266111,2026-05-21 05:10:00,ws_10m_hourly,3.7,m/s,2026-05-21T08:05:11.834122
0PU55,LESINA-RIPALTA,41.8475,15.266111,2026-05-21 05:10:00,ws_2m_hourly,2.2,m/s,2026-05-21T08:05:11.834119
0PU56,CARLANTINO,41.588333,14.983611,2026-05-21 05:10:00,precip_10min_interval,0.0,mm,2026-05-21T08:05:06.145385
0PU56,CARLANTINO,41.588333,14.983611,2026-05-21 05:10:00,ws_10m_hourly,3.8,m/s,2026-05-21T08:05:11.834256
0PU56,CARLANTINO,41.588333,14.983611,2026-05-21 05:10:00,ws_2m_hourly,2.2,m/s,2026-05-21T08:05:11.834253
0PU57,SANT'AGATA DI PUGLIA,41.150276,15.46,2026-05-21 05:10:00,precip_10min_interval,0.0,mm,2026-05-21T08:05:06.145452
0PU57,SANT'AGATA DI PUGLIA,41.150276,15.46,2026-05-21 05:10:00,ws_10m_hourly,2.1,m/s,2026-05-21T08:05:11.834395
0PU57,SANT'AGATA DI PUGLIA,41.150276,15.46,2026-05-21 05:10:00,ws_2m_hourly,1.2,m/s,2026-05-21T08:05:11.834390
0PU58,GINOSA,40.556389,16.843611,2026-05-21 05:10:00,precip_10min_interval,0.0,mm,2026-05-21T08:05:06.145516
0PU58,GINOSA,40.556389,16.843611,2026-05-21 05:10:00,ws_10m_hourly,6.1,m/s,2026-05-21T08:05:11.834533
0PU58,GINOSA,40.556389,16.843611,2026-05-21 05:10:00,ws_2m_hourly,4.3,m/s,2026-05-21T08:05:11.834530
0PU59,PALAGIANELLO,40.578335,16.975279,2026-05-21 05:10:00,precip_10min_interval,0.0,mm,2026-05-21T08:05:06.145589
0PU59,PALAGIANELLO,40.578335,16.975279,2026-05-21 05:10:00,ws_10m_hourly,3.9,m/s,2026-05-21T08:05:11.834671
0PU59,PALAGIANELLO,40.578335,16.975279,2026-05-21 05:10:00,ws_2m_hourly,2.4,m/s,2026-05-21T08:05:11.834668
0PU60,MINERVINO DI LECCE,40.093613,18.418612,2026-05-21 05:10:00,precip_10min_interval,0.0,mm,2026-05-21T08:05:06.145654
0PU60,MINERVINO DI LECCE,40.093613,18.418612,2026-05-21 05:10:00,ws_10m_hourly,4.2,m/s,2026-05-21T08:05:11.834808
0PU60,MINERVINO DI LECCE,40.093613,18.418612,2026-05-21 05:10:00,ws_2m_hourly,2.6,m/s,2026-05-21T08:05:11.834805
0PU61,NARDO',40.171391,17.976389,2026-05-21 05:10:00,precip_10min_interval,0.0,mm,2026-05-21T08:05:06.145723
0PU61,NARDO',40.171391,17.976389,2026-05-21 05:10:00,ws_10m_hourly,5.7,m/s,2026-05-21T08:05:11.834959
0PU61,NARDO',40.171391,17.976389,2026-05-21 05:10:00,ws_2m_hourly,2.2,m/s,2026-05-21T08:05:11.834956
MBA20,IPSAA,41.22139,16.049723,2026-05-21 05:10:00,precip_10min_interval,0.0,mm,2026-05-21T08:05:06.145792
MBA20,IPSAA,41.22139,16.049723,2026-05-21 05:10:00,ws_2m_hourly,0.6,m/s,2026-05-21T08:05:11.835091
MBA21,MONTEGROSSO,41.132778,16.185833,2026-05-21 05:10:00,precip_10min_interval,0.0,mm,2026-05-21T08:05:06.145860
MBA21,MONTEGROSSO,41.132778,16.185833,2026-05-21 05:10:00,ws_2m_hourly,2.8,m/s,2026-05-21T08:05:11.835161
MBA22,S.P. SANTERAMO,40.80611,16.591389,2026-05-21 05:10:00,precip_10min_interval,0.0,mm,2026-05-21T08:05:06.145931
MBA22,S.P. SANTERAMO,40.80611,16.591389,2026-05-21 05:10:00,ws_2m_hourly,3.6,m/s,2026-05-21T08:05:11.835228
MBA24,CASSANO DELLE MURGE,40.918888,16.78861,2026-05-21 05:10:00,precip_10min_interval,0.0,mm,2026-05-21T08:05:06.146005
MBA24,CASSANO DELLE MURGE,40.918888,16.78861,2026-05-21 05:10:00,ws_2m_hourly,2.9,m/s,2026-05-21T08:05:11.835297
MBA25,SANTERAMO IN COLLE,40.78611,16.775833,2026-05-21 05:10:00,precip_10min_interval,0.0,mm,2026-05-21T08:05:06.146081
MBA25,SANTERAMO IN COLLE,40.78611,16.775833,2026-05-21 05:10:00,ws_2m_hourly,2.9,m/s,2026-05-21T08:05:11.835365
MBA26,CAMPO SPER. UNIBA,41.023609,16.906389,2026-05-21 05:10:00,precip_10min_interval,0.0,mm,2026-05-21T08:05:06.146147
MBA26,CAMPO SPER. UNIBA,41.023609,16.906389,2026-05-21 05:10:00,ws_2m_hourly,1.6,m/s,2026-05-21T08:05:11.835434
MBA27,SERRONE(AZ.AGR.MANCINI),40.921391,16.947222,2026-05-21 05:10:00,precip_10min_interval,0.0,mm,2026-05-21T08:05:06.146217
MBA27,SERRONE(AZ.AGR.MANCINI),40.921391,16.947222,2026-05-21 05:10:00,ws_2m_hourly,3.8,m/s,2026-05-21T08:05:11.835505
MBA28,MURGIA ANTICI,40.715557,17.106667,2026-05-21 05:10:00,precip_10min_interval,0.0,mm,2026-05-21T08:05:06.146288
MBA28,MURGIA ANTICI,40.715557,17.106667,2026-05-21 05:10:00,ws_2m_hourly,2.4,m/s,2026-05-21T08:05:11.835574
MBA29,LAMENDOLA I,40.812222,17.164167,2026-05-21 05:10:00,precip_10min_interval,0.0,mm,2026-05-21T08:05:06.146355
MBA29,LAMENDOLA I,40.812222,17.164167,2026-05-21 05:10:00,ws_2m_hourly,2.3,m/s,2026-05-21T08:05:11.835646
MBR30,FASCIANELLO,40.860279,17.364166,2026-05-21 05:10:00,precip_10min_interval,0.0,mm,2026-05-21T08:05:06.146425
MBR30,FASCIANELLO,40.860279,17.364166,2026-05-21 05:10:00,ws_2m_hourly,4.9,m/s,2026-05-21T08:05:11.835713
MBR31,FERRUZZO,40.62389,17.497499,2026-05-21 05:10:00,precip_10min_interval,0.0,mm,2026-05-21T08:05:06.146494
MBR31,FERRUZZO,40.62389,17.497499,2026-05-21 05:10:00,ws_2m_hourly,2.6,m/s,2026-05-21T08:05:11.835786
MFG01,S. LUCIA,41.470554,15.363889,2026-05-21 05:10:00,precip_10min_interval,0.0,mm,2026-05-21T08:05:06.146563
MFG01,S. LUCIA,41.470554,15.363889,2026-05-21 05:10:00,ws_2m_hourly,0.9,m/s,2026-05-21T08:05:11.835850
MFG02,SERRA DEI BISI,41.347778,15.282778,2026-05-21 05:10:00,precip_10min_interval,0.0,mm,2026-05-21T08:05:06.146634
MFG02,SERRA DEI BISI,41.347778,15.282778,2026-05-21 05:10:00,ws_2m_hourly,1.8,m/s,2026-05-21T08:05:11.835923
MFG03,LA PESCIA,41.40889,15.756667,2026-05-21 05:10:00,precip_10min_interval,0.0,mm,2026-05-21T08:05:06.146701
MFG03,LA PESCIA,41.40889,15.756667,2026-05-21 05:10:00,ws_2m_hourly,2.4,m/s,2026-05-21T08:05:11.836003
MFG04,TRE SANTI,41.393612,15.848056,2026-05-21 05:10:00,precip_10min_interval,0.0,mm,2026-05-21T08:05:06.146772
MFG04,TRE SANTI,41.393612,15.848056,2026-05-21 05:10:00,ws_2m_hourly,3.4,m/s,2026-05-21T08:05:11.836071
MFG05,RIVOLI,41.470833,15.929444,2026-05-21 05:10:00,precip_10min_interval,0.0,mm,2026-05-21T08:05:06.146839
MFG05,RIVOLI,41.470833,15.929444,2026-05-21 05:10:00,ws_2m_hourly,1.6,m/s,2026-05-21T08:05:11.836147
MFG06,TAVOLETTA,41.194168,15.932222,2026-05-21 05:10:00,precip_10min_interval,0.0,mm,2026-05-21T08:05:06.146919
MFG06,TAVOLETTA,41.194168,15.932222,2026-05-21 05:10:00,ws_2m_hourly,0.8,m/s,2026-05-21T08:05:11.836217
MFG07,COPPA D'ORO,41.421665,15.606944,2026-05-21 05:10:00,precip_10min_interval,0.0,mm,2026-05-21T08:05:06.146998
MFG07,COPPA D'ORO,41.421665,15.606944,2026-05-21 05:10:00,ws_2m_hourly,3.8,m/s,2026-05-21T08:05:11.836287
MFG09,ARIOLA,41.8325,15.859722,2026-05-21 05:10:00,precip_10min_interval,0.0,mm,2026-05-21T08:05:06.147070
MFG09,ARIOLA,41.8325,15.859722,2026-05-21 05:10:00,ws_2m_hourly,0.5,m/s,2026-05-21T08:05:11.836357
MFG10,MATINE CARNE SALATA,41.651943,15.706389,2026-05-21 05:10:00,precip_10min_interval,0.0,mm,2026-05-21T08:05:06.147142
MFG10,MATINE CARNE SALATA,41.651943,15.706389,2026-05-21 05:10:00,ws_2m_hourly,1.3,m/s,2026-05-21T08:05:11.836424
MFG11,SELVA DELLE GROTTE,41.714722,15.148056,2026-05-21 05:10:00,precip_10min_interval,0.0,mm,2026-05-21T08:05:06.147210
MFG11,SELVA DELLE GROTTE,41.714722,15.148056,2026-05-21 05:10:00,ws_2m_hourly,0.8,m/s,2026-05-21T08:05:11.836502
MFG13,BISCIGLIETO,41.142502,15.662778,2026-05-21 05:10:00,precip_10min_interval,0.0,mm,2026-05-21T08:05:06.147280
MFG13,BISCIGLIETO,41.142502,15.662778,2026-05-21 05:10:00,ws_2m_hourly,5.2,m/s,2026-05-21T08:05:11.836569
MFG14,S. LUCIA,41.922779,15.874722,2026-05-21 05:10:00,precip_10min_interval,0.0,mm,2026-05-21T08:05:06.147348
MFG14,S. LUCIA,41.922779,15.874722,2026-05-21 05:10:00,ws_2m_hourly,0.9,m/s,2026-05-21T08:05:11.836640
MFG15,CASA LORDA,41.62389,15.403056,2026-05-21 05:10:00,precip_10min_interval,0.0,mm,2026-05-21T08:05:06.147417
MFG15,CASA LORDA,41.62389,15.403056,2026-05-21 05:10:00,ws_2m_hourly,0.3,m/s,2026-05-21T08:05:11.836707
MFG16,QUERCIA COPPE,41.693054,15.756944,2026-05-21 05:10:00,precip_10min_interval,0.0,mm,2026-05-21T08:05:06.147487
MFG16,QUERCIA COPPE,41.693054,15.756944,2026-05-21 05:10:00,ws_2m_hourly,5.5,m/s,2026-05-21T08:05:11.836778
MFG17,CARRO CHIUSO,41.284168,16.077223,2026-05-21 05:10:00,precip_10min_interval,0.0,mm,2026-05-21T08:05:06.147555
MFG17,CARRO CHIUSO,41.284168,16.077223,2026-05-21 05:10:00,ws_2m_hourly,1.6,m/s,2026-05-21T08:05:11.836852
MFG18,VIESTE,41.901669,16.080557,2026-05-21 05:10:00,precip_10min_interval,0.0,mm,2026-05-21T08:05:06.147633
MFG18,VIESTE,41.901669,16.080557,2026-05-21 05:10:00,ws_2m_hourly,2.0,m/s,2026-05-21T08:05:11.836920
MFG19,FOGGIA MONTEROZZI,41.521111,15.591944,2026-05-21 05:10:00,precip_10min_interval,0.0,mm,2026-05-21T08:05:06.147700
MFG19,FOGGIA MONTEROZZI,41.521111,15.591944,2026-05-21 05:10:00,ws_2m_hourly,4.8,m/s,2026-05-21T08:05:11.836998
MLE34,BARBARO,39.980831,18.1525,2026-05-21 05:10:00,precip_10min_interval,0.0,mm,2026-05-21T08:05:06.147776
MLE34,BARBARO,39.980831,18.1525,2026-05-21 05:10:00,ws_2m_hourly,2.7,m/s,2026-05-21T08:05:11.837068
MLE35,MALOPRA,40.225555,18.299168,2026-05-21 05:10:00,precip_10min_interval,0.0,mm,2026-05-21T08:05:06.147840
MLE35,MALOPRA,40.225555,18.299168,2026-05-21 05:10:00,ws_2m_hourly,2.4,m/s,2026-05-21T08:05:11.837139
MTA32,MARTINA FRANCA,40.634724,17.277779,2026-05-21 05:10:00,precip_10min_interval,0.0,mm,2026-05-21T08:05:06.147910
MTA32,MARTINA FRANCA,40.634724,17.277779,2026-05-21 05:10:00,ws_2m_hourly,2.1,m/s,2026-05-21T08:05:11.837206
0PU01,GUROLAMANNA,40.916111,16.447779,2026-05-21 05:20:00,precip_10min_interval,0.0,mm,2026-05-21T08:05:06.142593
0PU01,GUROLAMANNA,40.916111,16.447779,2026-05-21 05:20:00,ws_10m_hourly,6.1,m/s,2026-05-21T08:05:11.828551
0PU01,GUROLAMANNA,40.916111,16.447779,2026-05-21 05:20:00,ws_2m_hourly,3.9,m/s,2026-05-21T08:05:11.828545
0PU03,LIMELLI D'IMPERATORE,40.883057,16.3125,2026-05-21 05:20:00,precip_10min_interval,0.0,mm,2026-05-21T08:05:06.142692
0PU03,LIMELLI D'IMPERATORE,40.883057,16.3125,2026-05-21 05:20:00,ws_10m_hourly,5.2,m/s,2026-05-21T08:05:11.828721
0PU03,LIMELLI D'IMPERATORE,40.883057,16.3125,2026-05-21 05:20:00,ws_2m_hourly,3.0,m/s,2026-05-21T08:05:11.828718
0PU04,OTTAVA SEDICI,40.7925,17.481943,2026-05-21 05:20:00,precip_10min_interval,0.0,mm,2026-05-21T08:05:06.142757
0PU04,OTTAVA SEDICI,40.7925,17.481943,2026-05-21 05:20:00,ws_10m_hourly,3.5,m/s,2026-05-21T08:05:11.828861
0PU04,OTTAVA SEDICI,40.7925,17.481943,2026-05-21 05:20:00,ws_2m_hourly,0.3,m/s,2026-05-21T08:05:11.828857
0PU06,MAINE,40.543056,18.032223,2026-05-21 05:20:00,precip_10min_interval,0.0,mm,2026-05-21T08:05:06.142821
0PU06,MAINE,40.543056,18.032223,2026-05-21 05:20:00,ws_10m_hourly,3.2,m/s,2026-05-21T08:05:11.829012
0PU06,MAINE,40.543056,18.032223,2026-05-21 05:20:00,ws_2m_hourly,0.6,m/s,2026-05-21T08:05:11.829009
0PU07,TRIONFO,41.347221,15.744167,2026-05-21 05:20:00,precip_10min_interval,0.0,mm,2026-05-21T08:05:06.142886
0PU07,TRIONFO,41.347221,15.744167,2026-05-21 05:20:00,ws_10m_hourly,3.8,m/s,2026-05-21T08:05:11.829142
0PU07,TRIONFO,41.347221,15.744167,2026-05-21 05:20:00,ws_2m_hourly,0.2,m/s,2026-05-21T08:05:11.829139
0PU08,TORRETTA,41.542221,15.173889,2026-05-21 05:20:00,precip_10min_interval,0.0,mm,2026-05-21T08:05:06.142976
0PU08,TORRETTA,41.542221,15.173889,2026-05-21 05:20:00,ws_10m_hourly,6.1,m/s,2026-05-21T08:05:11.829270
0PU08,TORRETTA,41.542221,15.173889,2026-05-21 05:20:00,ws_2m_hourly,0.0,m/s,2026-05-21T08:05:11.829267
0PU10,FRASSANITO,40.237221,18.441389,2026-05-21 05:20:00,precip_10min_interval,0.0,mm,2026-05-21T08:05:06.143044
0PU10,FRASSANITO,40.237221,18.441389,2026-05-21 05:20:00,ws_10m_hourly,4.8,m/s,2026-05-21T08:05:11.829394
0PU10,FRASSANITO,40.237221,18.441389,2026-05-21 05:20:00,ws_2m_hourly,2.6,m/s,2026-05-21T08:05:11.829388
0PU11,BADESSA,40.470554,18.097221,2026-05-21 05:20:00,precip_10min_interval,0.0,mm,2026-05-21T08:05:06.143106
0PU11,BADESSA,40.470554,18.097221,2026-05-21 05:20:00,ws_10m_hourly,4.1,m/s,2026-05-21T08:05:11.829519
0PU11,BADESSA,40.470554,18.097221,2026-05-21 05:20:00,ws_2m_hourly,2.3,m/s,2026-05-21T08:05:11.829516
0PU12,CONTE,39.981945,18.067499,2026-05-21 05:20:00,precip_10min_interval,0.0,mm,2026-05-21T08:05:06.143178
0PU12,CONTE,39.981945,18.067499,2026-05-21 05:20:00,ws_10m_hourly,3.3,m/s,2026-05-21T08:05:11.829647
0PU12,CONTE,39.981945,18.067499,2026-05-21 05:20:00,ws_2m_hourly,1.4,m/s,2026-05-21T08:05:11.829643
0PU13,TORRICELLA,40.343334,17.487778,2026-05-21 05:20:00,precip_10min_interval,0.0,mm,2026-05-21T08:05:06.143240
0PU13,TORRICELLA,40.343334,17.487778,2026-05-21 05:20:00,ws_10m_hourly,6.7,m/s,2026-05-21T08:05:11.829779
0PU13,TORRICELLA,40.343334,17.487778,2026-05-21 05:20:00,ws_2m_hourly,3.6,m/s,2026-05-21T08:05:11.829775
0PU14,TAFURI,40.680832,16.867779,2026-05-21 05:20:00,precip_10min_interval,0.0,mm,2026-05-21T08:05:06.143302
0PU14,TAFURI,40.680832,16.867779,2026-05-21 05:20:00,ws_10m_hourly,5.9,m/s,2026-05-21T08:05:11.829913
0PU14,TAFURI,40.680832,16.867779,2026-05-21 05:20:00,ws_2m_hourly,3.1,m/s,2026-05-21T08:05:11.829910
0PU16,ANDRIA,41.202221,16.201944,2026-05-21 05:20:00,precip_10min_interval,0.0,mm,2026-05-21T08:05:06.143366
0PU16,ANDRIA,41.202221,16.201944,2026-05-21 05:20:00,ws_10m_hourly,2.2,m/s,2026-05-21T08:05:11.830050
0PU16,ANDRIA,41.202221,16.201944,2026-05-21 05:20:00,ws_2m_hourly,0.4,m/s,2026-05-21T08:05:11.830047
0PU17,OSTUNI-SAROLO,40.688332,17.413889,2026-05-21 05:20:00,precip_10min_interval,0.0,mm,2026-05-21T08:05:06.143428
0PU17,OSTUNI-SAROLO,40.688332,17.413889,2026-05-21 05:20:00,ws_10m_hourly,3.3,m/s,2026-05-21T08:05:11.830177
0PU17,OSTUNI-SAROLO,40.688332,17.413889,2026-05-21 05:20:00,ws_2m_hourly,1.0,m/s,2026-05-21T08:05:11.830174
0PU18,MONOPOLI,40.919445,17.294443,2026-05-21 05:20:00,precip_10min_interval,0.0,mm,2026-05-21T08:05:06.143499
0PU18,MONOPOLI,40.919445,17.294443,2026-05-21 05:20:00,ws_10m_hourly,3.5,m/s,2026-05-21T08:05:11.830304
0PU18,MONOPOLI,40.919445,17.294443,2026-05-21 05:20:00,ws_2m_hourly,1.9,m/s,2026-05-21T08:05:11.830299
0PU19,TERLIZZI,41.120834,16.549168,2026-05-21 05:20:00,precip_10min_interval,0.0,mm,2026-05-21T08:05:06.143559
0PU19,TERLIZZI,41.120834,16.549168,2026-05-21 05:20:00,ws_10m_hourly,1.6,m/s,2026-05-21T08:05:11.830431
0PU19,TERLIZZI,41.120834,16.549168,2026-05-21 05:20:00,ws_2m_hourly,0.5,m/s,2026-05-21T08:05:11.830428
0PU20,VILLA CASTELLI,40.553055,17.504444,2026-05-21 05:20:00,precip_10min_interval,0.0,mm,2026-05-21T08:05:06.143622
0PU20,VILLA CASTELLI,40.553055,17.504444,2026-05-21 05:20:00,ws_10m_hourly,4.4,m/s,2026-05-21T08:05:11.830559
0PU20,VILLA CASTELLI,40.553055,17.504444,2026-05-21 05:20:00,ws_2m_hourly,2.5,m/s,2026-05-21T08:05:11.830556
0PU21,CAROVIGNO,40.691944,17.630278,2026-05-21 05:20:00,precip_10min_interval,0.0,mm,2026-05-21T08:05:06.143686
0PU21,CAROVIGNO,40.691944,17.630278,2026-05-21 05:20:00,ws_10m_hourly,3.9,m/s,2026-05-21T08:05:11.830688
0PU21,CAROVIGNO,40.691944,17.630278,2026-05-21 05:20:00,ws_2m_hourly,1.1,m/s,2026-05-21T08:05:11.830684
0PU22,APRICENA,41.773335,15.438611,2026-05-21 05:20:00,precip_10min_interval,0.0,mm,2026-05-21T08:05:06.143750
0PU22,APRICENA,41.773335,15.438611,2026-05-21 05:20:00,ws_10m_hourly,2.1,m/s,2026-05-21T08:05:11.830825
0PU22,APRICENA,41.773335,15.438611,2026-05-21 05:20:00,ws_2m_hourly,0.0,m/s,2026-05-21T08:05:11.830822
0PU23,MANFREDONIA,41.541389,15.885833,2026-05-21 05:20:00,precip_10min_interval,0.0,mm,2026-05-21T08:05:06.143815
0PU23,MANFREDONIA,41.541389,15.885833,2026-05-21 05:20:00,ws_10m_hourly,2.7,m/s,2026-05-21T08:05:11.830963
0PU23,MANFREDONIA,41.541389,15.885833,2026-05-21 05:20:00,ws_2m_hourly,0.4,m/s,2026-05-21T08:05:11.830960
0PU25,NOCIGLIA,40.034443,18.313057,2026-05-21 05:20:00,precip_10min_interval,0.0,mm,2026-05-21T08:05:06.143880
0PU25,NOCIGLIA,40.034443,18.313057,2026-05-21 05:20:00,ws_10m_hourly,3.2,m/s,2026-05-21T08:05:11.831089
0PU25,NOCIGLIA,40.034443,18.313057,2026-05-21 05:20:00,ws_2m_hourly,1.5,m/s,2026-05-21T08:05:11.831086
0PU27,GROTTAGLIE,40.53389,17.362778,2026-05-21 05:20:00,ws_10m_hourly,4.3,m/s,2026-05-21T08:05:11.831218
0PU27,GROTTAGLIE,40.53389,17.362778,2026-05-21 05:20:00,ws_2m_hourly,2.3,m/s,2026-05-21T08:05:11.831214
0PU28,TRANI,41.247501,16.415556,2026-05-21 05:20:00,precip_10min_interval,0.0,mm,2026-05-21T08:05:06.143952
0PU28,TRANI,41.247501,16.415556,2026-05-21 05:20:00,ws_10m_hourly,2.9,m/s,2026-05-21T08:05:11.831342
0PU28,TRANI,41.247501,16.415556,2026-05-21 05:20:00,ws_2m_hourly,2.0,m/s,2026-05-21T08:05:11.831340
0PU30,NOICATTARO,41.021942,16.967777,2026-05-21 05:20:00,precip_10min_interval,0.0,mm,2026-05-21T08:05:06.144013
0PU30,NOICATTARO,41.021942,16.967777,2026-05-21 05:20:00,ws_10m_hourly,2.8,m/s,2026-05-21T08:05:11.831472
0PU30,NOICATTARO,41.021942,16.967777,2026-05-21 05:20:00,ws_2m_hourly,1.3,m/s,2026-05-21T08:05:11.831469
0PU31,ALBEROBELLO,40.790558,17.233334,2026-05-21 05:20:00,precip_10min_interval,0.0,mm,2026-05-21T08:05:06.144077
0PU31,ALBEROBELLO,40.790558,17.233334,2026-05-21 05:20:00,ws_10m_hourly,3.8,m/s,2026-05-21T08:05:11.831600
0PU31,ALBEROBELLO,40.790558,17.233334,2026-05-21 05:20:00,ws_2m_hourly,1.5,m/s,2026-05-21T08:05:11.831597
0PU33,MOCCARI,40.558334,17.851667,2026-05-21 05:20:00,precip_10min_interval,0.0,mm,2026-05-21T08:05:06.144136
0PU33,MOCCARI,40.558334,17.851667,2026-05-21 05:20:00,ws_10m_hourly,3.9,m/s,2026-05-21T08:05:11.831733
0PU33,MOCCARI,40.558334,17.851667,2026-05-21 05:20:00,ws_2m_hourly,2.2,m/s,2026-05-21T08:05:11.831730
0PU34,LATIANO,40.548332,17.688057,2026-05-21 05:20:00,precip_10min_interval,0.0,mm,2026-05-21T08:05:06.144202
0PU34,LATIANO,40.548332,17.688057,2026-05-21 05:20:00,ws_10m_hourly,3.6,m/s,2026-05-21T08:05:11.831859
0PU34,LATIANO,40.548332,17.688057,2026-05-21 05:20:00,ws_2m_hourly,1.9,m/s,2026-05-21T08:05:11.831855
0PU35,SAN VITO DEI NORMANNI,40.629166,17.73361,2026-05-21 05:20:00,precip_10min_interval,0.0,mm,2026-05-21T08:05:06.144261
0PU35,SAN VITO DEI NORMANNI,40.629166,17.73361,2026-05-21 05:20:00,ws_10m_hourly,5.4,m/s,2026-05-21T08:05:11.831996
0PU35,SAN VITO DEI NORMANNI,40.629166,17.73361,2026-05-21 05:20:00,ws_2m_hourly,2.9,m/s,2026-05-21T08:05:11.831993
0PU36,VILLANOVA,41.654167,15.586667,2026-05-21 05:20:00,precip_10min_interval,0.0,mm,2026-05-21T08:05:06.144325
0PU36,VILLANOVA,41.654167,15.586667,2026-05-21 05:20:00,ws_10m_hourly,7.0,m/s,2026-05-21T08:05:11.832119
0PU36,VILLANOVA,41.654167,15.586667,2026-05-21 05:20:00,ws_2m_hourly,3.2,m/s,2026-05-21T08:05:11.832114
0PU37,TROIA,41.336388,15.382778,2026-05-21 05:20:00,precip_10min_interval,0.0,mm,2026-05-21T08:05:06.144386
0PU37,TROIA,41.336388,15.382778,2026-05-21 05:20:00,ws_10m_hourly,4.9,m/s,2026-05-21T08:05:11.832247
0PU37,TROIA,41.336388,15.382778,2026-05-21 05:20:00,ws_2m_hourly,3.1,m/s,2026-05-21T08:05:11.832244
0PU38,BORGO LA ROCCA,41.558334,15.516111,2026-05-21 05:20:00,precip_10min_interval,0.0,mm,2026-05-21T08:05:06.144449
0PU38,BORGO LA ROCCA,41.558334,15.516111,2026-05-21 05:20:00,ws_10m_hourly,4.1,m/s,2026-05-21T08:05:11.832381
0PU38,BORGO LA ROCCA,41.558334,15.516111,2026-05-21 05:20:00,ws_2m_hourly,2.5,m/s,2026-05-21T08:05:11.832378
0PU40,ARCHE,40.273888,18.013611,2026-05-21 05:20:00,precip_10min_interval,0.0,mm,2026-05-21T08:05:06.144531
0PU40,ARCHE,40.273888,18.013611,2026-05-21 05:20:00,ws_10m_hourly,4.7,m/s,2026-05-21T08:05:11.832520
0PU40,ARCHE,40.273888,18.013611,2026-05-21 05:20:00,ws_2m_hourly,1.6,m/s,2026-05-21T08:05:11.832515
0PU41,LECCE,40.326668,18.139999,2026-05-21 05:20:00,precip_10min_interval,0.0,mm,2026-05-21T08:05:06.144593
0PU41,LECCE,40.326668,18.139999,2026-05-21 05:20:00,ws_10m_hourly,3.5,m/s,2026-05-21T08:05:11.832656
0PU41,LECCE,40.326668,18.139999,2026-05-21 05:20:00,ws_2m_hourly,2.4,m/s,2026-05-21T08:05:11.832651
0PU42,SALICE SALENTINO,40.390556,17.875278,2026-05-21 05:20:00,precip_10min_interval,0.0,mm,2026-05-21T08:05:06.144658
0PU42,SALICE SALENTINO,40.390556,17.875278,2026-05-21 05:20:00,ws_10m_hourly,4.7,m/s,2026-05-21T08:05:11.832792
0PU42,SALICE SALENTINO,40.390556,17.875278,2026-05-21 05:20:00,ws_2m_hourly,2.9,m/s,2026-05-21T08:05:11.832787
0PU43,LUCUGNANO,39.930279,18.3225,2026-05-21 05:20:00,precip_10min_interval,0.0,mm,2026-05-21T08:05:06.144723
0PU43,LUCUGNANO,39.930279,18.3225,2026-05-21 05:20:00,ws_10m_hourly,2.5,m/s,2026-05-21T08:05:11.832924
0PU43,LUCUGNANO,39.930279,18.3225,2026-05-21 05:20:00,ws_2m_hourly,1.2,m/s,2026-05-21T08:05:11.832919
0PU44,MANDURIA,40.381943,17.621111,2026-05-21 05:20:00,precip_10min_interval,0.0,mm,2026-05-21T08:05:06.144791
0PU44,MANDURIA,40.381943,17.621111,2026-05-21 05:20:00,ws_10m_hourly,5.3,m/s,2026-05-21T08:05:11.833068
0PU44,MANDURIA,40.381943,17.621111,2026-05-21 05:20:00,ws_2m_hourly,3.6,m/s,2026-05-21T08:05:11.833065
0PU45,MOTTOLA,40.675556,16.996111,2026-05-21 05:20:00,precip_10min_interval,0.0,mm,2026-05-21T08:05:06.144854
0PU45,MOTTOLA,40.675556,16.996111,2026-05-21 05:20:00,ws_10m_hourly,4.8,m/s,2026-05-21T08:05:11.833201
0PU45,MOTTOLA,40.675556,16.996111,2026-05-21 05:20:00,ws_2m_hourly,1.8,m/s,2026-05-21T08:05:11.833198
0PU46,MASSAFRA,40.582779,17.091944,2026-05-21 05:20:00,precip_10min_interval,0.0,mm,2026-05-21T08:05:06.144918
0PU46,MASSAFRA,40.582779,17.091944,2026-05-21 05:20:00,ws_10m_hourly,5.0,m/s,2026-05-21T08:05:11.833322
0PU46,MASSAFRA,40.582779,17.091944,2026-05-21 05:20:00,ws_2m_hourly,2.9,m/s,2026-05-21T08:05:11.833319
0PU47,CASTELLANETA,40.494446,16.878889,2026-05-21 05:20:00,precip_10min_interval,0.0,mm,2026-05-21T08:05:06.144991
0PU47,CASTELLANETA,40.494446,16.878889,2026-05-21 05:20:00,ws_10m_hourly,5.0,m/s,2026-05-21T08:05:11.833455
0PU47,CASTELLANETA,40.494446,16.878889,2026-05-21 05:20:00,ws_2m_hourly,2.1,m/s,2026-05-21T08:05:11.833452
0PU48,BARI C.N.R. IRSA,41.116943,16.820557,2026-05-21 05:20:00,precip_10min_interval,0.0,mm,2026-05-21T08:05:06.145059
0PU48,BARI C.N.R. IRSA,41.116943,16.820557,2026-05-21 05:20:00,ws_10m_hourly,3.5,m/s,2026-05-21T08:05:11.833577
0PU48,BARI C.N.R. IRSA,41.116943,16.820557,2026-05-21 05:20:00,ws_2m_hourly,2.1,m/s,2026-05-21T08:05:11.833574
0PU49,LOCOROTONDO ITAS,40.757221,17.340834,2026-05-21 05:20:00,precip_10min_interval,0.0,mm,2026-05-21T08:05:06.145121
0PU49,LOCOROTONDO ITAS,40.757221,17.340834,2026-05-21 05:20:00,ws_10m_hourly,3.9,m/s,2026-05-21T08:05:11.833711
0PU49,LOCOROTONDO ITAS,40.757221,17.340834,2026-05-21 05:20:00,ws_2m_hourly,2.4,m/s,2026-05-21T08:05:11.833708
0PU53,TORITTO,40.957222,16.567223,2026-05-21 05:20:00,precip_10min_interval,0.0,mm,2026-05-21T08:05:06.145191
0PU53,TORITTO,40.957222,16.567223,2026-05-21 05:20:00,ws_10m_hourly,6.2,m/s,2026-05-21T08:05:11.833843
0PU53,TORITTO,40.957222,16.567223,2026-05-21 05:20:00,ws_2m_hourly,4.4,m/s,2026-05-21T08:05:11.833840
0PU54,TORRE SANTA SUSANNA,40.459442,17.724722,2026-05-21 05:20:00,precip_10min_interval,0.0,mm,2026-05-21T08:05:06.145252
0PU54,TORRE SANTA SUSANNA,40.459442,17.724722,2026-05-21 05:20:00,ws_10m_hourly,3.9,m/s,2026-05-21T08:05:11.833992
0PU54,TORRE SANTA SUSANNA,40.459442,17.724722,2026-05-21 05:20:00,ws_2m_hourly,0.5,m/s,2026-05-21T08:05:11.833989
0PU55,LESINA-RIPALTA,41.8475,15.266111,2026-05-21 05:20:00,precip_10min_interval,0.0,mm,2026-05-21T08:05:06.145322
0PU55,LESINA-RIPALTA,41.8475,15.266111,2026-05-21 05:20:00,ws_10m_hourly,3.7,m/s,2026-05-21T08:05:11.834128
0PU55,LESINA-RIPALTA,41.8475,15.266111,2026-05-21 05:20:00,ws_2m_hourly,2.2,m/s,2026-05-21T08:05:11.834125
0PU56,CARLANTINO,41.588333,14.983611,2026-05-21 05:20:00,precip_10min_interval,0.0,mm,2026-05-21T08:05:06.145388
0PU56,CARLANTINO,41.588333,14.983611,2026-05-21 05:20:00,ws_10m_hourly,4.3,m/s,2026-05-21T08:05:11.834262
0PU56,CARLANTINO,41.588333,14.983611,2026-05-21 05:20:00,ws_2m_hourly,2.6,m/s,2026-05-21T08:05:11.834259
0PU57,SANT'AGATA DI PUGLIA,41.150276,15.46,2026-05-21 05:20:00,precip_10min_interval,0.0,mm,2026-05-21T08:05:06.145455
0PU57,SANT'AGATA DI PUGLIA,41.150276,15.46,2026-05-21 05:20:00,ws_10m_hourly,3.5,m/s,2026-05-21T08:05:11.834401
0PU57,SANT'AGATA DI PUGLIA,41.150276,15.46,2026-05-21 05:20:00,ws_2m_hourly,2.1,m/s,2026-05-21T08:05:11.834398
0PU58,GINOSA,40.556389,16.843611,2026-05-21 05:20:00,precip_10min_interval,0.0,mm,2026-05-21T08:05:06.145519
0PU58,GINOSA,40.556389,16.843611,2026-05-21 05:20:00,ws_10m_hourly,6.2,m/s,2026-05-21T08:05:11.834541
0PU58,GINOSA,40.556389,16.843611,2026-05-21 05:20:00,ws_2m_hourly,4.4,m/s,2026-05-21T08:05:11.834538
0PU59,PALAGIANELLO,40.578335,16.975279,2026-05-21 05:20:00,precip_10min_interval,0.0,mm,2026-05-21T08:05:06.145592
0PU59,PALAGIANELLO,40.578335,16.975279,2026-05-21 05:20:00,ws_10m_hourly,4.2,m/s,2026-05-21T08:05:11.834677
0PU59,PALAGIANELLO,40.578335,16.975279,2026-05-21 05:20:00,ws_2m_hourly,2.7,m/s,2026-05-21T08:05:11.834674
0PU60,MINERVINO DI LECCE,40.093613,18.418612,2026-05-21 05:20:00,precip_10min_interval,0.0,mm,2026-05-21T08:05:06.145659
0PU60,MINERVINO DI LECCE,40.093613,18.418612,2026-05-21 05:20:00,ws_10m_hourly,4.3,m/s,2026-05-21T08:05:11.834814
0PU60,MINERVINO DI LECCE,40.093613,18.418612,2026-05-21 05:20:00,ws_2m_hourly,2.7,m/s,2026-05-21T08:05:11.834811
0PU61,NARDO',40.171391,17.976389,2026-05-21 05:20:00,precip_10min_interval,0.0,mm,2026-05-21T08:05:06.145728
0PU61,NARDO',40.171391,17.976389,2026-05-21 05:20:00,ws_10m_hourly,5.5,m/s,2026-05-21T08:05:11.834965
0PU61,NARDO',40.171391,17.976389,2026-05-21 05:20:00,ws_2m_hourly,2.0,m/s,2026-05-21T08:05:11.834962
MBA20,IPSAA,41.22139,16.049723,2026-05-21 05:20:00,precip_10min_interval,0.0,mm,2026-05-21T08:05:06.145797
MBA20,IPSAA,41.22139,16.049723,2026-05-21 05:20:00,ws_2m_hourly,0.7,m/s,2026-05-21T08:05:11.835094
MBA21,MONTEGROSSO,41.132778,16.185833,2026-05-21 05:20:00,precip_10min_interval,0.0,mm,2026-05-21T08:05:06.145863
MBA21,MONTEGROSSO,41.132778,16.185833,2026-05-21 05:20:00,ws_2m_hourly,2.8,m/s,2026-05-21T08:05:11.835164
MBA22,S.P. SANTERAMO,40.80611,16.591389,2026-05-21 05:20:00,precip_10min_interval,0.0,mm,2026-05-21T08:05:06.145934
MBA22,S.P. SANTERAMO,40.80611,16.591389,2026-05-21 05:20:00,ws_2m_hourly,3.8,m/s,2026-05-21T08:05:11.835231
MBA24,CASSANO DELLE MURGE,40.918888,16.78861,2026-05-21 05:20:00,precip_10min_interval,0.0,mm,2026-05-21T08:05:06.146008
MBA24,CASSANO DELLE MURGE,40.918888,16.78861,2026-05-21 05:20:00,ws_2m_hourly,3.2,m/s,2026-05-21T08:05:11.835300
MBA25,SANTERAMO IN COLLE,40.78611,16.775833,2026-05-21 05:20:00,precip_10min_interval,0.0,mm,2026-05-21T08:05:06.146084
MBA25,SANTERAMO IN COLLE,40.78611,16.775833,2026-05-21 05:20:00,ws_2m_hourly,2.7,m/s,2026-05-21T08:05:11.835368
MBA26,CAMPO SPER. UNIBA,41.023609,16.906389,2026-05-21 05:20:00,precip_10min_interval,0.0,mm,2026-05-21T08:05:06.146150
MBA26,CAMPO SPER. UNIBA,41.023609,16.906389,2026-05-21 05:20:00,ws_2m_hourly,1.9,m/s,2026-05-21T08:05:11.835437
MBA27,SERRONE(AZ.AGR.MANCINI),40.921391,16.947222,2026-05-21 05:20:00,precip_10min_interval,0.0,mm,2026-05-21T08:05:06.146220
MBA27,SERRONE(AZ.AGR.MANCINI),40.921391,16.947222,2026-05-21 05:20:00,ws_2m_hourly,2.5,m/s,2026-05-21T08:05:11.835508
MBA28,MURGIA ANTICI,40.715557,17.106667,2026-05-21 05:20:00,precip_10min_interval,0.0,mm,2026-05-21T08:05:06.146291
MBA28,MURGIA ANTICI,40.715557,17.106667,2026-05-21 05:20:00,ws_2m_hourly,2.2,m/s,2026-05-21T08:05:11.835577
MBA29,LAMENDOLA I,40.812222,17.164167,2026-05-21 05:20:00,precip_10min_interval,0.0,mm,2026-05-21T08:05:06.146358
MBA29,LAMENDOLA I,40.812222,17.164167,2026-05-21 05:20:00,ws_2m_hourly,1.9,m/s,2026-05-21T08:05:11.835649
MBR30,FASCIANELLO,40.860279,17.364166,2026-05-21 05:20:00,precip_10min_interval,0.0,mm,2026-05-21T08:05:06.146428
MBR30,FASCIANELLO,40.860279,17.364166,2026-05-21 05:20:00,ws_2m_hourly,3.6,m/s,2026-05-21T08:05:11.835716
MBR31,FERRUZZO,40.62389,17.497499,2026-05-21 05:20:00,precip_10min_interval,0.0,mm,2026-05-21T08:05:06.146499
MBR31,FERRUZZO,40.62389,17.497499,2026-05-21 05:20:00,ws_2m_hourly,2.6,m/s,2026-05-21T08:05:11.835789
MFG01,S. LUCIA,41.470554,15.363889,2026-05-21 05:20:00,precip_10min_interval,0.0,mm,2026-05-21T08:05:06.146566
MFG01,S. LUCIA,41.470554,15.363889,2026-05-21 05:20:00,ws_2m_hourly,0.7,m/s,2026-05-21T08:05:11.835856
MFG02,SERRA DEI BISI,41.347778,15.282778,2026-05-21 05:20:00,precip_10min_interval,0.0,mm,2026-05-21T08:05:06.146637
MFG02,SERRA DEI BISI,41.347778,15.282778,2026-05-21 05:20:00,ws_2m_hourly,1.8,m/s,2026-05-21T08:05:11.835925
MFG03,LA PESCIA,41.40889,15.756667,2026-05-21 05:20:00,precip_10min_interval,0.0,mm,2026-05-21T08:05:06.146706
MFG03,LA PESCIA,41.40889,15.756667,2026-05-21 05:20:00,ws_2m_hourly,2.3,m/s,2026-05-21T08:05:11.836006
MFG04,TRE SANTI,41.393612,15.848056,2026-05-21 05:20:00,precip_10min_interval,0.0,mm,2026-05-21T08:05:06.146775
MFG04,TRE SANTI,41.393612,15.848056,2026-05-21 05:20:00,ws_2m_hourly,2.9,m/s,2026-05-21T08:05:11.836074
MFG05,RIVOLI,41.470833,15.929444,2026-05-21 05:20:00,precip_10min_interval,0.0,mm,2026-05-21T08:05:06.146842
MFG05,RIVOLI,41.470833,15.929444,2026-05-21 05:20:00,ws_2m_hourly,1.6,m/s,2026-05-21T08:05:11.836150
MFG06,TAVOLETTA,41.194168,15.932222,2026-05-21 05:20:00,precip_10min_interval,0.0,mm,2026-05-21T08:05:06.146922
MFG06,TAVOLETTA,41.194168,15.932222,2026-05-21 05:20:00,ws_2m_hourly,0.7,m/s,2026-05-21T08:05:11.836220
MFG07,COPPA D'ORO,41.421665,15.606944,2026-05-21 05:20:00,precip_10min_interval,0.0,mm,2026-05-21T08:05:06.147001
MFG07,COPPA D'ORO,41.421665,15.606944,2026-05-21 05:20:00,ws_2m_hourly,3.4,m/s,2026-05-21T08:05:11.836290
MFG09,ARIOLA,41.8325,15.859722,2026-05-21 05:20:00,precip_10min_interval,0.0,mm,2026-05-21T08:05:06.147073
MFG09,ARIOLA,41.8325,15.859722,2026-05-21 05:20:00,ws_2m_hourly,0.6,m/s,2026-05-21T08:05:11.836360
MFG10,MATINE CARNE SALATA,41.651943,15.706389,2026-05-21 05:20:00,precip_10min_interval,0.0,mm,2026-05-21T08:05:06.147145
MFG10,MATINE CARNE SALATA,41.651943,15.706389,2026-05-21 05:20:00,ws_2m_hourly,0.8,m/s,2026-05-21T08:05:11.836427
MFG11,SELVA DELLE GROTTE,41.714722,15.148056,2026-05-21 05:20:00,precip_10min_interval,0.0,mm,2026-05-21T08:05:06.147213
MFG11,SELVA DELLE GROTTE,41.714722,15.148056,2026-05-21 05:20:00,ws_2m_hourly,1.0,m/s,2026-05-21T08:05:11.836505
MFG13,BISCIGLIETO,41.142502,15.662778,2026-05-21 05:20:00,precip_10min_interval,0.0,mm,2026-05-21T08:05:06.147283
MFG13,BISCIGLIETO,41.142502,15.662778,2026-05-21 05:20:00,ws_2m_hourly,5.1,m/s,2026-05-21T08:05:11.836572
MFG14,S. LUCIA,41.922779,15.874722,2026-05-21 05:20:00,precip_10min_interval,0.0,mm,2026-05-21T08:05:06.147350
MFG14,S. LUCIA,41.922779,15.874722,2026-05-21 05:20:00,ws_2m_hourly,1.2,m/s,2026-05-21T08:05:11.836643
MFG15,CASA LORDA,41.62389,15.403056,2026-05-21 05:20:00,precip_10min_interval,0.0,mm,2026-05-21T08:05:06.147420
MFG15,CASA LORDA,41.62389,15.403056,2026-05-21 05:20:00,ws_2m_hourly,0.6,m/s,2026-05-21T08:05:11.836710
MFG16,QUERCIA COPPE,41.693054,15.756944,2026-05-21 05:20:00,precip_10min_interval,0.0,mm,2026-05-21T08:05:06.147490
MFG16,QUERCIA COPPE,41.693054,15.756944,2026-05-21 05:20:00,ws_2m_hourly,5.1,m/s,2026-05-21T08:05:11.836781
MFG17,CARRO CHIUSO,41.284168,16.077223,2026-05-21 05:20:00,precip_10min_interval,0.0,mm,2026-05-21T08:05:06.147557
MFG17,CARRO CHIUSO,41.284168,16.077223,2026-05-21 05:20:00,ws_2m_hourly,1.4,m/s,2026-05-21T08:05:11.836856
MFG18,VIESTE,41.901669,16.080557,2026-05-21 05:20:00,precip_10min_interval,0.0,mm,2026-05-21T08:05:06.147636
MFG18,VIESTE,41.901669,16.080557,2026-05-21 05:20:00,ws_2m_hourly,1.9,m/s,2026-05-21T08:05:11.836923
MFG19,FOGGIA MONTEROZZI,41.521111,15.591944,2026-05-21 05:20:00,precip_10min_interval,0.0,mm,2026-05-21T08:05:06.147703
MFG19,FOGGIA MONTEROZZI,41.521111,15.591944,2026-05-21 05:20:00,ws_2m_hourly,4.3,m/s,2026-05-21T08:05:11.837001
MLE34,BARBARO,39.980831,18.1525,2026-05-21 05:20:00,precip_10min_interval,0.0,mm,2026-05-21T08:05:06.147779
MLE34,BARBARO,39.980831,18.1525,2026-05-21 05:20:00,ws_2m_hourly,2.3,m/s,2026-05-21T08:05:11.837071
MLE35,MALOPRA,40.225555,18.299168,2026-05-21 05:20:00,precip_10min_interval,0.0,mm,2026-05-21T08:05:06.147845
MLE35,MALOPRA,40.225555,18.299168,2026-05-21 05:20:00,ws_2m_hourly,2.3,m/s,2026-05-21T08:05:11.837142
MTA32,MARTINA FRANCA,40.634724,17.277779,2026-05-21 05:20:00,precip_10min_interval,0.0,mm,2026-05-21T08:05:06.147913
MTA32,MARTINA FRANCA,40.634724,17.277779,2026-05-21 05:20:00,ws_2m_hourly,1.9,m/s,2026-05-21T08:05:11.837211
0PU01,GUROLAMANNA,40.916111,16.447779,2026-05-21 05:30:00,precip_10min_interval,0.0,mm,2026-05-21T08:05:06.142600
0PU01,GUROLAMANNA,40.916111,16.447779,2026-05-21 05:30:00,ws_10m_hourly,6.1,m/s,2026-05-21T08:05:11.828562
0PU01,GUROLAMANNA,40.916111,16.447779,2026-05-21 05:30:00,ws_2m_hourly,3.9,m/s,2026-05-21T08:05:11.828556
0PU03,LIMELLI D'IMPERATORE,40.883057,16.3125,2026-05-21 05:30:00,precip_10min_interval,0.0,mm,2026-05-21T08:05:06.142695
0PU03,LIMELLI D'IMPERATORE,40.883057,16.3125,2026-05-21 05:30:00,ws_10m_hourly,5.0,m/s,2026-05-21T08:05:11.828727
0PU03,LIMELLI D'IMPERATORE,40.883057,16.3125,2026-05-21 05:30:00,ws_2m_hourly,2.8,m/s,2026-05-21T08:05:11.828724
0PU04,OTTAVA SEDICI,40.7925,17.481943,2026-05-21 05:30:00,precip_10min_interval,0.0,mm,2026-05-21T08:05:06.142760
0PU04,OTTAVA SEDICI,40.7925,17.481943,2026-05-21 05:30:00,ws_10m_hourly,3.8,m/s,2026-05-21T08:05:11.828867
0PU04,OTTAVA SEDICI,40.7925,17.481943,2026-05-21 05:30:00,ws_2m_hourly,0.9,m/s,2026-05-21T08:05:11.828864
0PU06,MAINE,40.543056,18.032223,2026-05-21 05:30:00,precip_10min_interval,0.0,mm,2026-05-21T08:05:06.142824
0PU06,MAINE,40.543056,18.032223,2026-05-21 05:30:00,ws_10m_hourly,1.9,m/s,2026-05-21T08:05:11.829019
0PU06,MAINE,40.543056,18.032223,2026-05-21 05:30:00,ws_2m_hourly,0.4,m/s,2026-05-21T08:05:11.829015
0PU07,TRIONFO,41.347221,15.744167,2026-05-21 05:30:00,precip_10min_interval,0.0,mm,2026-05-21T08:05:06.142890
0PU07,TRIONFO,41.347221,15.744167,2026-05-21 05:30:00,ws_10m_hourly,3.5,m/s,2026-05-21T08:05:11.829148
0PU07,TRIONFO,41.347221,15.744167,2026-05-21 05:30:00,ws_2m_hourly,0.3,m/s,2026-05-21T08:05:11.829145
0PU08,TORRETTA,41.542221,15.173889,2026-05-21 05:30:00,precip_10min_interval,0.0,mm,2026-05-21T08:05:06.142979
0PU08,TORRETTA,41.542221,15.173889,2026-05-21 05:30:00,ws_10m_hourly,6.8,m/s,2026-05-21T08:05:11.829276
0PU08,TORRETTA,41.542221,15.173889,2026-05-21 05:30:00,ws_2m_hourly,0.0,m/s,2026-05-21T08:05:11.829273
0PU10,FRASSANITO,40.237221,18.441389,2026-05-21 05:30:00,precip_10min_interval,0.0,mm,2026-05-21T08:05:06.143047
0PU10,FRASSANITO,40.237221,18.441389,2026-05-21 05:30:00,ws_10m_hourly,4.5,m/s,2026-05-21T08:05:11.829403
0PU10,FRASSANITO,40.237221,18.441389,2026-05-21 05:30:00,ws_2m_hourly,2.4,m/s,2026-05-21T08:05:11.829399
0PU11,BADESSA,40.470554,18.097221,2026-05-21 05:30:00,precip_10min_interval,0.0,mm,2026-05-21T08:05:06.143109
0PU11,BADESSA,40.470554,18.097221,2026-05-21 05:30:00,ws_10m_hourly,4.3,m/s,2026-05-21T08:05:11.829525
0PU11,BADESSA,40.470554,18.097221,2026-05-21 05:30:00,ws_2m_hourly,2.3,m/s,2026-05-21T08:05:11.829522
0PU12,CONTE,39.981945,18.067499,2026-05-21 05:30:00,precip_10min_interval,0.0,mm,2026-05-21T08:05:06.143181
0PU12,CONTE,39.981945,18.067499,2026-05-21 05:30:00,ws_10m_hourly,3.1,m/s,2026-05-21T08:05:11.829653
0PU12,CONTE,39.981945,18.067499,2026-05-21 05:30:00,ws_2m_hourly,1.3,m/s,2026-05-21T08:05:11.829650
0PU13,TORRICELLA,40.343334,17.487778,2026-05-21 05:30:00,precip_10min_interval,0.0,mm,2026-05-21T08:05:06.143243
0PU13,TORRICELLA,40.343334,17.487778,2026-05-21 05:30:00,ws_10m_hourly,6.4,m/s,2026-05-21T08:05:11.829786
0PU13,TORRICELLA,40.343334,17.487778,2026-05-21 05:30:00,ws_2m_hourly,3.6,m/s,2026-05-21T08:05:11.829783
0PU14,TAFURI,40.680832,16.867779,2026-05-21 05:30:00,precip_10min_interval,0.0,mm,2026-05-21T08:05:06.143309
0PU14,TAFURI,40.680832,16.867779,2026-05-21 05:30:00,ws_10m_hourly,5.1,m/s,2026-05-21T08:05:11.829919
0PU14,TAFURI,40.680832,16.867779,2026-05-21 05:30:00,ws_2m_hourly,2.6,m/s,2026-05-21T08:05:11.829916
0PU16,ANDRIA,41.202221,16.201944,2026-05-21 05:30:00,precip_10min_interval,0.0,mm,2026-05-21T08:05:06.143369
0PU16,ANDRIA,41.202221,16.201944,2026-05-21 05:30:00,ws_10m_hourly,2.3,m/s,2026-05-21T08:05:11.830055
0PU16,ANDRIA,41.202221,16.201944,2026-05-21 05:30:00,ws_2m_hourly,0.5,m/s,2026-05-21T08:05:11.830053
0PU17,OSTUNI-SAROLO,40.688332,17.413889,2026-05-21 05:30:00,precip_10min_interval,0.0,mm,2026-05-21T08:05:06.143431
0PU17,OSTUNI-SAROLO,40.688332,17.413889,2026-05-21 05:30:00,ws_10m_hourly,2.9,m/s,2026-05-21T08:05:11.830183
0PU17,OSTUNI-SAROLO,40.688332,17.413889,2026-05-21 05:30:00,ws_2m_hourly,1.1,m/s,2026-05-21T08:05:11.830180
0PU18,MONOPOLI,40.919445,17.294443,2026-05-21 05:30:00,precip_10min_interval,0.0,mm,2026-05-21T08:05:06.143503
0PU18,MONOPOLI,40.919445,17.294443,2026-05-21 05:30:00,ws_10m_hourly,3.7,m/s,2026-05-21T08:05:11.830311
0PU18,MONOPOLI,40.919445,17.294443,2026-05-21 05:30:00,ws_2m_hourly,2.2,m/s,2026-05-21T08:05:11.830307
0PU19,TERLIZZI,41.120834,16.549168,2026-05-21 05:30:00,precip_10min_interval,0.0,mm,2026-05-21T08:05:06.143562
0PU19,TERLIZZI,41.120834,16.549168,2026-05-21 05:30:00,ws_10m_hourly,1.3,m/s,2026-05-21T08:05:11.830440
0PU19,TERLIZZI,41.120834,16.549168,2026-05-21 05:30:00,ws_2m_hourly,0.4,m/s,2026-05-21T08:05:11.830435
0PU20,VILLA CASTELLI,40.553055,17.504444,2026-05-21 05:30:00,precip_10min_interval,0.0,mm,2026-05-21T08:05:06.143625
0PU20,VILLA CASTELLI,40.553055,17.504444,2026-05-21 05:30:00,ws_10m_hourly,4.7,m/s,2026-05-21T08:05:11.830565
0PU20,VILLA CASTELLI,40.553055,17.504444,2026-05-21 05:30:00,ws_2m_hourly,2.7,m/s,2026-05-21T08:05:11.830562
0PU21,CAROVIGNO,40.691944,17.630278,2026-05-21 05:30:00,precip_10min_interval,0.0,mm,2026-05-21T08:05:06.143689
0PU21,CAROVIGNO,40.691944,17.630278,2026-05-21 05:30:00,ws_10m_hourly,3.2,m/s,2026-05-21T08:05:11.830696
0PU21,CAROVIGNO,40.691944,17.630278,2026-05-21 05:30:00,ws_2m_hourly,0.8,m/s,2026-05-21T08:05:11.830691
0PU22,APRICENA,41.773335,15.438611,2026-05-21 05:30:00,precip_10min_interval,0.0,mm,2026-05-21T08:05:06.143755
0PU22,APRICENA,41.773335,15.438611,2026-05-21 05:30:00,ws_10m_hourly,2.0,m/s,2026-05-21T08:05:11.830832
0PU22,APRICENA,41.773335,15.438611,2026-05-21 05:30:00,ws_2m_hourly,0.0,m/s,2026-05-21T08:05:11.830828
0PU23,MANFREDONIA,41.541389,15.885833,2026-05-21 05:30:00,precip_10min_interval,0.0,mm,2026-05-21T08:05:06.143818
0PU23,MANFREDONIA,41.541389,15.885833,2026-05-21 05:30:00,ws_10m_hourly,3.8,m/s,2026-05-21T08:05:11.830969
0PU23,MANFREDONIA,41.541389,15.885833,2026-05-21 05:30:00,ws_2m_hourly,0.9,m/s,2026-05-21T08:05:11.830966
0PU25,NOCIGLIA,40.034443,18.313057,2026-05-21 05:30:00,precip_10min_interval,0.0,mm,2026-05-21T08:05:06.143883
0PU25,NOCIGLIA,40.034443,18.313057,2026-05-21 05:30:00,ws_10m_hourly,3.0,m/s,2026-05-21T08:05:11.831095
0PU25,NOCIGLIA,40.034443,18.313057,2026-05-21 05:30:00,ws_2m_hourly,1.3,m/s,2026-05-21T08:05:11.831092
0PU27,GROTTAGLIE,40.53389,17.362778,2026-05-21 05:30:00,ws_10m_hourly,4.7,m/s,2026-05-21T08:05:11.831224
0PU27,GROTTAGLIE,40.53389,17.362778,2026-05-21 05:30:00,ws_2m_hourly,2.7,m/s,2026-05-21T08:05:11.831221
0PU28,TRANI,41.247501,16.415556,2026-05-21 05:30:00,precip_10min_interval,0.0,mm,2026-05-21T08:05:06.143955
0PU28,TRANI,41.247501,16.415556,2026-05-21 05:30:00,ws_10m_hourly,3.0,m/s,2026-05-21T08:05:11.831349
0PU28,TRANI,41.247501,16.415556,2026-05-21 05:30:00,ws_2m_hourly,2.0,m/s,2026-05-21T08:05:11.831346
0PU30,NOICATTARO,41.021942,16.967777,2026-05-21 05:30:00,precip_10min_interval,0.0,mm,2026-05-21T08:05:06.144016
0PU30,NOICATTARO,41.021942,16.967777,2026-05-21 05:30:00,ws_10m_hourly,2.2,m/s,2026-05-21T08:05:11.831478
0PU30,NOICATTARO,41.021942,16.967777,2026-05-21 05:30:00,ws_2m_hourly,0.9,m/s,2026-05-21T08:05:11.831475
0PU31,ALBEROBELLO,40.790558,17.233334,2026-05-21 05:30:00,precip_10min_interval,0.0,mm,2026-05-21T08:05:06.144080
0PU31,ALBEROBELLO,40.790558,17.233334,2026-05-21 05:30:00,ws_10m_hourly,3.5,m/s,2026-05-21T08:05:11.831606
0PU31,ALBEROBELLO,40.790558,17.233334,2026-05-21 05:30:00,ws_2m_hourly,1.4,m/s,2026-05-21T08:05:11.831603
0PU33,MOCCARI,40.558334,17.851667,2026-05-21 05:30:00,precip_10min_interval,0.0,mm,2026-05-21T08:05:06.144139
0PU33,MOCCARI,40.558334,17.851667,2026-05-21 05:30:00,ws_10m_hourly,4.1,m/s,2026-05-21T08:05:11.831740
0PU33,MOCCARI,40.558334,17.851667,2026-05-21 05:30:00,ws_2m_hourly,2.3,m/s,2026-05-21T08:05:11.831737
0PU34,LATIANO,40.548332,17.688057,2026-05-21 05:30:00,precip_10min_interval,0.0,mm,2026-05-21T08:05:06.144205
0PU34,LATIANO,40.548332,17.688057,2026-05-21 05:30:00,ws_10m_hourly,3.3,m/s,2026-05-21T08:05:11.831867
0PU34,LATIANO,40.548332,17.688057,2026-05-21 05:30:00,ws_2m_hourly,1.7,m/s,2026-05-21T08:05:11.831862
0PU35,SAN VITO DEI NORMANNI,40.629166,17.73361,2026-05-21 05:30:00,precip_10min_interval,0.0,mm,2026-05-21T08:05:06.144263
0PU35,SAN VITO DEI NORMANNI,40.629166,17.73361,2026-05-21 05:30:00,ws_10m_hourly,5.6,m/s,2026-05-21T08:05:11.832002
0PU35,SAN VITO DEI NORMANNI,40.629166,17.73361,2026-05-21 05:30:00,ws_2m_hourly,3.1,m/s,2026-05-21T08:05:11.831999
0PU36,VILLANOVA,41.654167,15.586667,2026-05-21 05:30:00,precip_10min_interval,0.0,mm,2026-05-21T08:05:06.144328
0PU36,VILLANOVA,41.654167,15.586667,2026-05-21 05:30:00,ws_10m_hourly,7.1,m/s,2026-05-21T08:05:11.832125
0PU36,VILLANOVA,41.654167,15.586667,2026-05-21 05:30:00,ws_2m_hourly,3.3,m/s,2026-05-21T08:05:11.832122
0PU37,TROIA,41.336388,15.382778,2026-05-21 05:30:00,precip_10min_interval,0.0,mm,2026-05-21T08:05:06.144389
0PU37,TROIA,41.336388,15.382778,2026-05-21 05:30:00,ws_10m_hourly,4.6,m/s,2026-05-21T08:05:11.832256
0PU37,TROIA,41.336388,15.382778,2026-05-21 05:30:00,ws_2m_hourly,2.6,m/s,2026-05-21T08:05:11.832252
0PU38,BORGO LA ROCCA,41.558334,15.516111,2026-05-21 05:30:00,precip_10min_interval,0.0,mm,2026-05-21T08:05:06.144452
0PU38,BORGO LA ROCCA,41.558334,15.516111,2026-05-21 05:30:00,ws_10m_hourly,2.9,m/s,2026-05-21T08:05:11.832390
0PU38,BORGO LA ROCCA,41.558334,15.516111,2026-05-21 05:30:00,ws_2m_hourly,1.6,m/s,2026-05-21T08:05:11.832387
0PU40,ARCHE,40.273888,18.013611,2026-05-21 05:30:00,precip_10min_interval,0.0,mm,2026-05-21T08:05:06.144534
0PU40,ARCHE,40.273888,18.013611,2026-05-21 05:30:00,ws_10m_hourly,4.8,m/s,2026-05-21T08:05:11.832526
0PU40,ARCHE,40.273888,18.013611,2026-05-21 05:30:00,ws_2m_hourly,1.5,m/s,2026-05-21T08:05:11.832523
0PU41,LECCE,40.326668,18.139999,2026-05-21 05:30:00,precip_10min_interval,0.0,mm,2026-05-21T08:05:06.144598
0PU41,LECCE,40.326668,18.139999,2026-05-21 05:30:00,ws_10m_hourly,3.6,m/s,2026-05-21T08:05:11.832662
0PU41,LECCE,40.326668,18.139999,2026-05-21 05:30:00,ws_2m_hourly,2.3,m/s,2026-05-21T08:05:11.832659
0PU42,SALICE SALENTINO,40.390556,17.875278,2026-05-21 05:30:00,precip_10min_interval,0.0,mm,2026-05-21T08:05:06.144661
0PU42,SALICE SALENTINO,40.390556,17.875278,2026-05-21 05:30:00,ws_10m_hourly,4.9,m/s,2026-05-21T08:05:11.832798
0PU42,SALICE SALENTINO,40.390556,17.875278,2026-05-21 05:30:00,ws_2m_hourly,3.1,m/s,2026-05-21T08:05:11.832795
0PU43,LUCUGNANO,39.930279,18.3225,2026-05-21 05:30:00,precip_10min_interval,0.0,mm,2026-05-21T08:05:06.144726
0PU43,LUCUGNANO,39.930279,18.3225,2026-05-21 05:30:00,ws_10m_hourly,2.7,m/s,2026-05-21T08:05:11.832930
0PU43,LUCUGNANO,39.930279,18.3225,2026-05-21 05:30:00,ws_2m_hourly,1.4,m/s,2026-05-21T08:05:11.832927
0PU44,MANDURIA,40.381943,17.621111,2026-05-21 05:30:00,precip_10min_interval,0.0,mm,2026-05-21T08:05:06.144793
0PU44,MANDURIA,40.381943,17.621111,2026-05-21 05:30:00,ws_10m_hourly,5.1,m/s,2026-05-21T08:05:11.833074
0PU44,MANDURIA,40.381943,17.621111,2026-05-21 05:30:00,ws_2m_hourly,3.6,m/s,2026-05-21T08:05:11.833071
0PU45,MOTTOLA,40.675556,16.996111,2026-05-21 05:30:00,precip_10min_interval,0.0,mm,2026-05-21T08:05:06.144857
0PU45,MOTTOLA,40.675556,16.996111,2026-05-21 05:30:00,ws_10m_hourly,4.7,m/s,2026-05-21T08:05:11.833207
0PU45,MOTTOLA,40.675556,16.996111,2026-05-21 05:30:00,ws_2m_hourly,1.9,m/s,2026-05-21T08:05:11.833204
0PU46,MASSAFRA,40.582779,17.091944,2026-05-21 05:30:00,precip_10min_interval,0.0,mm,2026-05-21T08:05:06.144921
0PU46,MASSAFRA,40.582779,17.091944,2026-05-21 05:30:00,ws_10m_hourly,5.3,m/s,2026-05-21T08:05:11.833330
0PU46,MASSAFRA,40.582779,17.091944,2026-05-21 05:30:00,ws_2m_hourly,3.3,m/s,2026-05-21T08:05:11.833327
0PU47,CASTELLANETA,40.494446,16.878889,2026-05-21 05:30:00,precip_10min_interval,0.0,mm,2026-05-21T08:05:06.144994
0PU47,CASTELLANETA,40.494446,16.878889,2026-05-21 05:30:00,ws_10m_hourly,4.5,m/s,2026-05-21T08:05:11.833461
0PU47,CASTELLANETA,40.494446,16.878889,2026-05-21 05:30:00,ws_2m_hourly,1.9,m/s,2026-05-21T08:05:11.833458
0PU48,BARI C.N.R. IRSA,41.116943,16.820557,2026-05-21 05:30:00,precip_10min_interval,0.0,mm,2026-05-21T08:05:06.145062
0PU48,BARI C.N.R. IRSA,41.116943,16.820557,2026-05-21 05:30:00,ws_10m_hourly,3.3,m/s,2026-05-21T08:05:11.833583
0PU48,BARI C.N.R. IRSA,41.116943,16.820557,2026-05-21 05:30:00,ws_2m_hourly,2.1,m/s,2026-05-21T08:05:11.833580
0PU49,LOCOROTONDO ITAS,40.757221,17.340834,2026-05-21 05:30:00,precip_10min_interval,0.0,mm,2026-05-21T08:05:06.145124
0PU49,LOCOROTONDO ITAS,40.757221,17.340834,2026-05-21 05:30:00,ws_10m_hourly,3.3,m/s,2026-05-21T08:05:11.833717
0PU49,LOCOROTONDO ITAS,40.757221,17.340834,2026-05-21 05:30:00,ws_2m_hourly,2.1,m/s,2026-05-21T08:05:11.833714
0PU53,TORITTO,40.957222,16.567223,2026-05-21 05:30:00,precip_10min_interval,0.0,mm,2026-05-21T08:05:06.145194
0PU53,TORITTO,40.957222,16.567223,2026-05-21 05:30:00,ws_10m_hourly,6.2,m/s,2026-05-21T08:05:11.833849
0PU53,TORITTO,40.957222,16.567223,2026-05-21 05:30:00,ws_2m_hourly,4.6,m/s,2026-05-21T08:05:11.833846
0PU54,TORRE SANTA SUSANNA,40.459442,17.724722,2026-05-21 05:30:00,precip_10min_interval,0.0,mm,2026-05-21T08:05:06.145255
0PU54,TORRE SANTA SUSANNA,40.459442,17.724722,2026-05-21 05:30:00,ws_10m_hourly,4.0,m/s,2026-05-21T08:05:11.833998
0PU54,TORRE SANTA SUSANNA,40.459442,17.724722,2026-05-21 05:30:00,ws_2m_hourly,0.5,m/s,2026-05-21T08:05:11.833995
0PU55,LESINA-RIPALTA,41.8475,15.266111,2026-05-21 05:30:00,precip_10min_interval,0.0,mm,2026-05-21T08:05:06.145325
0PU55,LESINA-RIPALTA,41.8475,15.266111,2026-05-21 05:30:00,ws_10m_hourly,3.5,m/s,2026-05-21T08:05:11.834134
0PU55,LESINA-RIPALTA,41.8475,15.266111,2026-05-21 05:30:00,ws_2m_hourly,1.9,m/s,2026-05-21T08:05:11.834131
0PU56,CARLANTINO,41.588333,14.983611,2026-05-21 05:30:00,precip_10min_interval,0.0,mm,2026-05-21T08:05:06.145392
0PU56,CARLANTINO,41.588333,14.983611,2026-05-21 05:30:00,ws_10m_hourly,4.2,m/s,2026-05-21T08:05:11.834269
0PU56,CARLANTINO,41.588333,14.983611,2026-05-21 05:30:00,ws_2m_hourly,2.6,m/s,2026-05-21T08:05:11.834266
0PU57,SANT'AGATA DI PUGLIA,41.150276,15.46,2026-05-21 05:30:00,precip_10min_interval,0.0,mm,2026-05-21T08:05:06.145458
0PU57,SANT'AGATA DI PUGLIA,41.150276,15.46,2026-05-21 05:30:00,ws_10m_hourly,5.5,m/s,2026-05-21T08:05:11.834410
0PU57,SANT'AGATA DI PUGLIA,41.150276,15.46,2026-05-21 05:30:00,ws_2m_hourly,3.3,m/s,2026-05-21T08:05:11.834407
0PU58,GINOSA,40.556389,16.843611,2026-05-21 05:30:00,precip_10min_interval,0.0,mm,2026-05-21T08:05:06.145524
0PU58,GINOSA,40.556389,16.843611,2026-05-21 05:30:00,ws_10m_hourly,6.4,m/s,2026-05-21T08:05:11.834548
0PU58,GINOSA,40.556389,16.843611,2026-05-21 05:30:00,ws_2m_hourly,4.5,m/s,2026-05-21T08:05:11.834544
0PU59,PALAGIANELLO,40.578335,16.975279,2026-05-21 05:30:00,precip_10min_interval,0.0,mm,2026-05-21T08:05:06.145595
0PU59,PALAGIANELLO,40.578335,16.975279,2026-05-21 05:30:00,ws_10m_hourly,4.1,m/s,2026-05-21T08:05:11.834683
0PU59,PALAGIANELLO,40.578335,16.975279,2026-05-21 05:30:00,ws_2m_hourly,2.6,m/s,2026-05-21T08:05:11.834680
0PU60,MINERVINO DI LECCE,40.093613,18.418612,2026-05-21 05:30:00,precip_10min_interval,0.0,mm,2026-05-21T08:05:06.145662
0PU60,MINERVINO DI LECCE,40.093613,18.418612,2026-05-21 05:30:00,ws_10m_hourly,4.3,m/s,2026-05-21T08:05:11.834820
0PU60,MINERVINO DI LECCE,40.093613,18.418612,2026-05-21 05:30:00,ws_2m_hourly,2.8,m/s,2026-05-21T08:05:11.834817
0PU61,NARDO',40.171391,17.976389,2026-05-21 05:30:00,precip_10min_interval,0.0,mm,2026-05-21T08:05:06.145731
0PU61,NARDO',40.171391,17.976389,2026-05-21 05:30:00,ws_10m_hourly,5.4,m/s,2026-05-21T08:05:11.834971
0PU61,NARDO',40.171391,17.976389,2026-05-21 05:30:00,ws_2m_hourly,2.0,m/s,2026-05-21T08:05:11.834968
MBA20,IPSAA,41.22139,16.049723,2026-05-21 05:30:00,precip_10min_interval,0.0,mm,2026-05-21T08:05:06.145800
MBA20,IPSAA,41.22139,16.049723,2026-05-21 05:30:00,ws_2m_hourly,0.9,m/s,2026-05-21T08:05:11.835097
MBA21,MONTEGROSSO,41.132778,16.185833,2026-05-21 05:30:00,precip_10min_interval,0.0,mm,2026-05-21T08:05:06.145869
MBA21,MONTEGROSSO,41.132778,16.185833,2026-05-21 05:30:00,ws_2m_hourly,2.9,m/s,2026-05-21T08:05:11.835169
MBA22,S.P. SANTERAMO,40.80611,16.591389,2026-05-21 05:30:00,precip_10min_interval,0.0,mm,2026-05-21T08:05:06.145937
MBA22,S.P. SANTERAMO,40.80611,16.591389,2026-05-21 05:30:00,ws_2m_hourly,3.4,m/s,2026-05-21T08:05:11.835234
MBA24,CASSANO DELLE MURGE,40.918888,16.78861,2026-05-21 05:30:00,precip_10min_interval,0.0,mm,2026-05-21T08:05:06.146017
MBA24,CASSANO DELLE MURGE,40.918888,16.78861,2026-05-21 05:30:00,ws_2m_hourly,3.0,m/s,2026-05-21T08:05:11.835305
MBA25,SANTERAMO IN COLLE,40.78611,16.775833,2026-05-21 05:30:00,precip_10min_interval,0.0,mm,2026-05-21T08:05:06.146087
MBA25,SANTERAMO IN COLLE,40.78611,16.775833,2026-05-21 05:30:00,ws_2m_hourly,2.7,m/s,2026-05-21T08:05:11.835374
MBA26,CAMPO SPER. UNIBA,41.023609,16.906389,2026-05-21 05:30:00,precip_10min_interval,0.0,mm,2026-05-21T08:05:06.146155
MBA26,CAMPO SPER. UNIBA,41.023609,16.906389,2026-05-21 05:30:00,ws_2m_hourly,2.1,m/s,2026-05-21T08:05:11.835440
MBA27,SERRONE(AZ.AGR.MANCINI),40.921391,16.947222,2026-05-21 05:30:00,precip_10min_interval,0.0,mm,2026-05-21T08:05:06.146223
MBA27,SERRONE(AZ.AGR.MANCINI),40.921391,16.947222,2026-05-21 05:30:00,ws_2m_hourly,3.0,m/s,2026-05-21T08:05:11.835511
MBA28,MURGIA ANTICI,40.715557,17.106667,2026-05-21 05:30:00,precip_10min_interval,0.0,mm,2026-05-21T08:05:06.146294
MBA28,MURGIA ANTICI,40.715557,17.106667,2026-05-21 05:30:00,ws_2m_hourly,2.2,m/s,2026-05-21T08:05:11.835582
MBA29,LAMENDOLA I,40.812222,17.164167,2026-05-21 05:30:00,precip_10min_interval,0.0,mm,2026-05-21T08:05:06.146361
MBA29,LAMENDOLA I,40.812222,17.164167,2026-05-21 05:30:00,ws_2m_hourly,1.9,m/s,2026-05-21T08:05:11.835652
MBR30,FASCIANELLO,40.860279,17.364166,2026-05-21 05:30:00,precip_10min_interval,0.0,mm,2026-05-21T08:05:06.146430
MBR30,FASCIANELLO,40.860279,17.364166,2026-05-21 05:30:00,ws_2m_hourly,3.9,m/s,2026-05-21T08:05:11.835719
MBR31,FERRUZZO,40.62389,17.497499,2026-05-21 05:30:00,precip_10min_interval,0.0,mm,2026-05-21T08:05:06.146502
MBR31,FERRUZZO,40.62389,17.497499,2026-05-21 05:30:00,ws_2m_hourly,2.9,m/s,2026-05-21T08:05:11.835792
MFG01,S. LUCIA,41.470554,15.363889,2026-05-21 05:30:00,precip_10min_interval,0.0,mm,2026-05-21T08:05:06.146569
MFG01,S. LUCIA,41.470554,15.363889,2026-05-21 05:30:00,ws_2m_hourly,0.6,m/s,2026-05-21T08:05:11.835859
MFG02,SERRA DEI BISI,41.347778,15.282778,2026-05-21 05:30:00,precip_10min_interval,0.0,mm,2026-05-21T08:05:06.146640
MFG02,SERRA DEI BISI,41.347778,15.282778,2026-05-21 05:30:00,ws_2m_hourly,1.8,m/s,2026-05-21T08:05:11.835928
MFG03,LA PESCIA,41.40889,15.756667,2026-05-21 05:30:00,precip_10min_interval,0.0,mm,2026-05-21T08:05:06.146709
MFG03,LA PESCIA,41.40889,15.756667,2026-05-21 05:30:00,ws_2m_hourly,2.8,m/s,2026-05-21T08:05:11.836009
MFG04,TRE SANTI,41.393612,15.848056,2026-05-21 05:30:00,precip_10min_interval,0.0,mm,2026-05-21T08:05:06.146778
MFG04,TRE SANTI,41.393612,15.848056,2026-05-21 05:30:00,ws_2m_hourly,3.4,m/s,2026-05-21T08:05:11.836077
MFG05,RIVOLI,41.470833,15.929444,2026-05-21 05:30:00,precip_10min_interval,0.0,mm,2026-05-21T08:05:06.146853
MFG05,RIVOLI,41.470833,15.929444,2026-05-21 05:30:00,ws_2m_hourly,1.4,m/s,2026-05-21T08:05:11.836153
MFG06,TAVOLETTA,41.194168,15.932222,2026-05-21 05:30:00,precip_10min_interval,0.0,mm,2026-05-21T08:05:06.146925
MFG06,TAVOLETTA,41.194168,15.932222,2026-05-21 05:30:00,ws_2m_hourly,1.0,m/s,2026-05-21T08:05:11.836226
MFG07,COPPA D'ORO,41.421665,15.606944,2026-05-21 05:30:00,precip_10min_interval,0.0,mm,2026-05-21T08:05:06.147004
MFG07,COPPA D'ORO,41.421665,15.606944,2026-05-21 05:30:00,ws_2m_hourly,3.1,m/s,2026-05-21T08:05:11.836293
MFG09,ARIOLA,41.8325,15.859722,2026-05-21 05:30:00,precip_10min_interval,0.0,mm,2026-05-21T08:05:06.147076
MFG09,ARIOLA,41.8325,15.859722,2026-05-21 05:30:00,ws_2m_hourly,0.4,m/s,2026-05-21T08:05:11.836363
MFG10,MATINE CARNE SALATA,41.651943,15.706389,2026-05-21 05:30:00,precip_10min_interval,0.0,mm,2026-05-21T08:05:06.147148
MFG10,MATINE CARNE SALATA,41.651943,15.706389,2026-05-21 05:30:00,ws_2m_hourly,0.8,m/s,2026-05-21T08:05:11.836430
MFG11,SELVA DELLE GROTTE,41.714722,15.148056,2026-05-21 05:30:00,precip_10min_interval,0.0,mm,2026-05-21T08:05:06.147216
MFG11,SELVA DELLE GROTTE,41.714722,15.148056,2026-05-21 05:30:00,ws_2m_hourly,0.8,m/s,2026-05-21T08:05:11.836509
MFG13,BISCIGLIETO,41.142502,15.662778,2026-05-21 05:30:00,precip_10min_interval,0.0,mm,2026-05-21T08:05:06.147286
MFG13,BISCIGLIETO,41.142502,15.662778,2026-05-21 05:30:00,ws_2m_hourly,5.0,m/s,2026-05-21T08:05:11.836575
MFG14,S. LUCIA,41.922779,15.874722,2026-05-21 05:30:00,precip_10min_interval,0.0,mm,2026-05-21T08:05:06.147356
MFG14,S. LUCIA,41.922779,15.874722,2026-05-21 05:30:00,ws_2m_hourly,1.2,m/s,2026-05-21T08:05:11.836646
MFG15,CASA LORDA,41.62389,15.403056,2026-05-21 05:30:00,precip_10min_interval,0.0,mm,2026-05-21T08:05:06.147423
MFG15,CASA LORDA,41.62389,15.403056,2026-05-21 05:30:00,ws_2m_hourly,0.3,m/s,2026-05-21T08:05:11.836716
MFG16,QUERCIA COPPE,41.693054,15.756944,2026-05-21 05:30:00,precip_10min_interval,0.0,mm,2026-05-21T08:05:06.147493
MFG16,QUERCIA COPPE,41.693054,15.756944,2026-05-21 05:30:00,ws_2m_hourly,4.8,m/s,2026-05-21T08:05:11.836784
MFG17,CARRO CHIUSO,41.284168,16.077223,2026-05-21 05:30:00,precip_10min_interval,0.0,mm,2026-05-21T08:05:06.147561
MFG17,CARRO CHIUSO,41.284168,16.077223,2026-05-21 05:30:00,ws_2m_hourly,1.7,m/s,2026-05-21T08:05:11.836859
MFG18,VIESTE,41.901669,16.080557,2026-05-21 05:30:00,precip_10min_interval,0.0,mm,2026-05-21T08:05:06.147640
MFG18,VIESTE,41.901669,16.080557,2026-05-21 05:30:00,ws_2m_hourly,1.9,m/s,2026-05-21T08:05:11.836926
MFG19,FOGGIA MONTEROZZI,41.521111,15.591944,2026-05-21 05:30:00,precip_10min_interval,0.0,mm,2026-05-21T08:05:06.147706
MFG19,FOGGIA MONTEROZZI,41.521111,15.591944,2026-05-21 05:30:00,ws_2m_hourly,3.6,m/s,2026-05-21T08:05:11.837004
MLE34,BARBARO,39.980831,18.1525,2026-05-21 05:30:00,precip_10min_interval,0.0,mm,2026-05-21T08:05:06.147782
MLE34,BARBARO,39.980831,18.1525,2026-05-21 05:30:00,ws_2m_hourly,2.7,m/s,2026-05-21T08:05:11.837075
MLE35,MALOPRA,40.225555,18.299168,2026-05-21 05:30:00,precip_10min_interval,0.0,mm,2026-05-21T08:05:06.147848
MLE35,MALOPRA,40.225555,18.299168,2026-05-21 05:30:00,ws_2m_hourly,2.4,m/s,2026-05-21T08:05:11.837145
MTA32,MARTINA FRANCA,40.634724,17.277779,2026-05-21 05:30:00,precip_10min_interval,0.0,mm,2026-05-21T08:05:06.147918
MTA32,MARTINA FRANCA,40.634724,17.277779,2026-05-21 05:30:00,ws_2m_hourly,2.0,m/s,2026-05-21T08:05:11.837214
0PU01,GUROLAMANNA,40.916111,16.447779,2026-05-21 05:40:00,precip_10min_interval,0.0,mm,2026-05-21T08:05:06.142605
0PU01,GUROLAMANNA,40.916111,16.447779,2026-05-21 05:40:00,ws_10m_hourly,5.6,m/s,2026-05-21T08:05:11.828573
0PU01,GUROLAMANNA,40.916111,16.447779,2026-05-21 05:40:00,ws_2m_hourly,3.5,m/s,2026-05-21T08:05:11.828567
0PU03,LIMELLI D'IMPERATORE,40.883057,16.3125,2026-05-21 05:40:00,precip_10min_interval,0.0,mm,2026-05-21T08:05:06.142701
0PU03,LIMELLI D'IMPERATORE,40.883057,16.3125,2026-05-21 05:40:00,ws_10m_hourly,4.9,m/s,2026-05-21T08:05:11.828734
0PU03,LIMELLI D'IMPERATORE,40.883057,16.3125,2026-05-21 05:40:00,ws_2m_hourly,2.9,m/s,2026-05-21T08:05:11.828731
0PU04,OTTAVA SEDICI,40.7925,17.481943,2026-05-21 05:40:00,precip_10min_interval,0.0,mm,2026-05-21T08:05:06.142764
0PU04,OTTAVA SEDICI,40.7925,17.481943,2026-05-21 05:40:00,ws_10m_hourly,3.9,m/s,2026-05-21T08:05:11.828873
0PU04,OTTAVA SEDICI,40.7925,17.481943,2026-05-21 05:40:00,ws_2m_hourly,0.7,m/s,2026-05-21T08:05:11.828870
0PU06,MAINE,40.543056,18.032223,2026-05-21 05:40:00,precip_10min_interval,0.0,mm,2026-05-21T08:05:06.142829
0PU06,MAINE,40.543056,18.032223,2026-05-21 05:40:00,ws_10m_hourly,2.5,m/s,2026-05-21T08:05:11.829025
0PU06,MAINE,40.543056,18.032223,2026-05-21 05:40:00,ws_2m_hourly,0.6,m/s,2026-05-21T08:05:11.829022
0PU07,TRIONFO,41.347221,15.744167,2026-05-21 05:40:00,precip_10min_interval,0.0,mm,2026-05-21T08:05:06.142893
0PU07,TRIONFO,41.347221,15.744167,2026-05-21 05:40:00,ws_10m_hourly,4.0,m/s,2026-05-21T08:05:11.829154
0PU07,TRIONFO,41.347221,15.744167,2026-05-21 05:40:00,ws_2m_hourly,0.1,m/s,2026-05-21T08:05:11.829151
0PU08,TORRETTA,41.542221,15.173889,2026-05-21 05:40:00,precip_10min_interval,0.0,mm,2026-05-21T08:05:06.142982
0PU08,TORRETTA,41.542221,15.173889,2026-05-21 05:40:00,ws_10m_hourly,6.4,m/s,2026-05-21T08:05:11.829283
0PU08,TORRETTA,41.542221,15.173889,2026-05-21 05:40:00,ws_2m_hourly,0.0,m/s,2026-05-21T08:05:11.829279
0PU10,FRASSANITO,40.237221,18.441389,2026-05-21 05:40:00,precip_10min_interval,0.0,mm,2026-05-21T08:05:06.143051
0PU10,FRASSANITO,40.237221,18.441389,2026-05-21 05:40:00,ws_10m_hourly,5.2,m/s,2026-05-21T08:05:11.829409
0PU10,FRASSANITO,40.237221,18.441389,2026-05-21 05:40:00,ws_2m_hourly,2.8,m/s,2026-05-21T08:05:11.829406
0PU11,BADESSA,40.470554,18.097221,2026-05-21 05:40:00,precip_10min_interval,0.0,mm,2026-05-21T08:05:06.143112
0PU11,BADESSA,40.470554,18.097221,2026-05-21 05:40:00,ws_10m_hourly,4.9,m/s,2026-05-21T08:05:11.829538
0PU11,BADESSA,40.470554,18.097221,2026-05-21 05:40:00,ws_2m_hourly,2.8,m/s,2026-05-21T08:05:11.829533
0PU12,CONTE,39.981945,18.067499,2026-05-21 05:40:00,precip_10min_interval,0.0,mm,2026-05-21T08:05:06.143184
0PU12,CONTE,39.981945,18.067499,2026-05-21 05:40:00,ws_10m_hourly,3.2,m/s,2026-05-21T08:05:11.829660
0PU12,CONTE,39.981945,18.067499,2026-05-21 05:40:00,ws_2m_hourly,1.4,m/s,2026-05-21T08:05:11.829657
0PU13,TORRICELLA,40.343334,17.487778,2026-05-21 05:40:00,precip_10min_interval,0.0,mm,2026-05-21T08:05:06.143246
0PU13,TORRICELLA,40.343334,17.487778,2026-05-21 05:40:00,ws_10m_hourly,6.5,m/s,2026-05-21T08:05:11.829792
0PU13,TORRICELLA,40.343334,17.487778,2026-05-21 05:40:00,ws_2m_hourly,3.6,m/s,2026-05-21T08:05:11.829789
0PU14,TAFURI,40.680832,16.867779,2026-05-21 05:40:00,precip_10min_interval,0.0,mm,2026-05-21T08:05:06.143313
0PU14,TAFURI,40.680832,16.867779,2026-05-21 05:40:00,ws_10m_hourly,5.6,m/s,2026-05-21T08:05:11.829926
0PU14,TAFURI,40.680832,16.867779,2026-05-21 05:40:00,ws_2m_hourly,2.7,m/s,2026-05-21T08:05:11.829923
0PU16,ANDRIA,41.202221,16.201944,2026-05-21 05:40:00,precip_10min_interval,0.0,mm,2026-05-21T08:05:06.143372
0PU16,ANDRIA,41.202221,16.201944,2026-05-21 05:40:00,ws_10m_hourly,2.2,m/s,2026-05-21T08:05:11.830064
0PU16,ANDRIA,41.202221,16.201944,2026-05-21 05:40:00,ws_2m_hourly,0.5,m/s,2026-05-21T08:05:11.830058
0PU17,OSTUNI-SAROLO,40.688332,17.413889,2026-05-21 05:40:00,precip_10min_interval,0.0,mm,2026-05-21T08:05:06.143434
0PU17,OSTUNI-SAROLO,40.688332,17.413889,2026-05-21 05:40:00,ws_10m_hourly,3.0,m/s,2026-05-21T08:05:11.830189
0PU17,OSTUNI-SAROLO,40.688332,17.413889,2026-05-21 05:40:00,ws_2m_hourly,0.9,m/s,2026-05-21T08:05:11.830186
0PU18,MONOPOLI,40.919445,17.294443,2026-05-21 05:40:00,precip_10min_interval,0.0,mm,2026-05-21T08:05:06.143505
0PU18,MONOPOLI,40.919445,17.294443,2026-05-21 05:40:00,ws_10m_hourly,3.5,m/s,2026-05-21T08:05:11.830317
0PU18,MONOPOLI,40.919445,17.294443,2026-05-21 05:40:00,ws_2m_hourly,2.0,m/s,2026-05-21T08:05:11.830314
0PU19,TERLIZZI,41.120834,16.549168,2026-05-21 05:40:00,precip_10min_interval,0.0,mm,2026-05-21T08:05:06.143565
0PU19,TERLIZZI,41.120834,16.549168,2026-05-21 05:40:00,ws_10m_hourly,1.2,m/s,2026-05-21T08:05:11.830447
0PU19,TERLIZZI,41.120834,16.549168,2026-05-21 05:40:00,ws_2m_hourly,0.4,m/s,2026-05-21T08:05:11.830443
0PU20,VILLA CASTELLI,40.553055,17.504444,2026-05-21 05:40:00,precip_10min_interval,0.0,mm,2026-05-21T08:05:06.143627
0PU20,VILLA CASTELLI,40.553055,17.504444,2026-05-21 05:40:00,ws_10m_hourly,5.1,m/s,2026-05-21T08:05:11.830574
0PU20,VILLA CASTELLI,40.553055,17.504444,2026-05-21 05:40:00,ws_2m_hourly,2.8,m/s,2026-05-21T08:05:11.830568
0PU21,CAROVIGNO,40.691944,17.630278,2026-05-21 05:40:00,precip_10min_interval,0.0,mm,2026-05-21T08:05:06.143692
0PU21,CAROVIGNO,40.691944,17.630278,2026-05-21 05:40:00,ws_10m_hourly,3.8,m/s,2026-05-21T08:05:11.830702
0PU21,CAROVIGNO,40.691944,17.630278,2026-05-21 05:40:00,ws_2m_hourly,1.1,m/s,2026-05-21T08:05:11.830699
0PU22,APRICENA,41.773335,15.438611,2026-05-21 05:40:00,precip_10min_interval,0.0,mm,2026-05-21T08:05:06.143758
0PU22,APRICENA,41.773335,15.438611,2026-05-21 05:40:00,ws_10m_hourly,1.9,m/s,2026-05-21T08:05:11.830838
0PU22,APRICENA,41.773335,15.438611,2026-05-21 05:40:00,ws_2m_hourly,0.0,m/s,2026-05-21T08:05:11.830835
0PU23,MANFREDONIA,41.541389,15.885833,2026-05-21 05:40:00,precip_10min_interval,0.0,mm,2026-05-21T08:05:06.143821
0PU23,MANFREDONIA,41.541389,15.885833,2026-05-21 05:40:00,ws_10m_hourly,4.8,m/s,2026-05-21T08:05:11.830975
0PU23,MANFREDONIA,41.541389,15.885833,2026-05-21 05:40:00,ws_2m_hourly,1.7,m/s,2026-05-21T08:05:11.830972
0PU25,NOCIGLIA,40.034443,18.313057,2026-05-21 05:40:00,precip_10min_interval,0.0,mm,2026-05-21T08:05:06.143888
0PU25,NOCIGLIA,40.034443,18.313057,2026-05-21 05:40:00,ws_10m_hourly,3.4,m/s,2026-05-21T08:05:11.831101
0PU25,NOCIGLIA,40.034443,18.313057,2026-05-21 05:40:00,ws_2m_hourly,1.4,m/s,2026-05-21T08:05:11.831098
0PU27,GROTTAGLIE,40.53389,17.362778,2026-05-21 05:40:00,ws_10m_hourly,4.5,m/s,2026-05-21T08:05:11.831230
0PU27,GROTTAGLIE,40.53389,17.362778,2026-05-21 05:40:00,ws_2m_hourly,2.5,m/s,2026-05-21T08:05:11.831227
0PU28,TRANI,41.247501,16.415556,2026-05-21 05:40:00,precip_10min_interval,0.0,mm,2026-05-21T08:05:06.143958
0PU28,TRANI,41.247501,16.415556,2026-05-21 05:40:00,ws_10m_hourly,2.7,m/s,2026-05-21T08:05:11.831358
0PU28,TRANI,41.247501,16.415556,2026-05-21 05:40:00,ws_2m_hourly,1.9,m/s,2026-05-21T08:05:11.831355
0PU30,NOICATTARO,41.021942,16.967777,2026-05-21 05:40:00,precip_10min_interval,0.0,mm,2026-05-21T08:05:06.144019
0PU30,NOICATTARO,41.021942,16.967777,2026-05-21 05:40:00,ws_10m_hourly,2.4,m/s,2026-05-21T08:05:11.831485
0PU30,NOICATTARO,41.021942,16.967777,2026-05-21 05:40:00,ws_2m_hourly,1.2,m/s,2026-05-21T08:05:11.831482
0PU31,ALBEROBELLO,40.790558,17.233334,2026-05-21 05:40:00,precip_10min_interval,0.0,mm,2026-05-21T08:05:06.144083
0PU31,ALBEROBELLO,40.790558,17.233334,2026-05-21 05:40:00,ws_10m_hourly,3.7,m/s,2026-05-21T08:05:11.831612
0PU31,ALBEROBELLO,40.790558,17.233334,2026-05-21 05:40:00,ws_2m_hourly,1.6,m/s,2026-05-21T08:05:11.831609
0PU33,MOCCARI,40.558334,17.851667,2026-05-21 05:40:00,precip_10min_interval,0.0,mm,2026-05-21T08:05:06.144142
0PU33,MOCCARI,40.558334,17.851667,2026-05-21 05:40:00,ws_10m_hourly,3.8,m/s,2026-05-21T08:05:11.831746
0PU33,MOCCARI,40.558334,17.851667,2026-05-21 05:40:00,ws_2m_hourly,2.2,m/s,2026-05-21T08:05:11.831743
0PU34,LATIANO,40.548332,17.688057,2026-05-21 05:40:00,precip_10min_interval,0.0,mm,2026-05-21T08:05:06.144208
0PU34,LATIANO,40.548332,17.688057,2026-05-21 05:40:00,ws_10m_hourly,3.5,m/s,2026-05-21T08:05:11.831873
0PU34,LATIANO,40.548332,17.688057,2026-05-21 05:40:00,ws_2m_hourly,1.8,m/s,2026-05-21T08:05:11.831870
0PU35,SAN VITO DEI NORMANNI,40.629166,17.73361,2026-05-21 05:40:00,precip_10min_interval,0.0,mm,2026-05-21T08:05:06.144266
0PU35,SAN VITO DEI NORMANNI,40.629166,17.73361,2026-05-21 05:40:00,ws_10m_hourly,5.1,m/s,2026-05-21T08:05:11.832009
0PU35,SAN VITO DEI NORMANNI,40.629166,17.73361,2026-05-21 05:40:00,ws_2m_hourly,2.8,m/s,2026-05-21T08:05:11.832006
0PU36,VILLANOVA,41.654167,15.586667,2026-05-21 05:40:00,precip_10min_interval,0.0,mm,2026-05-21T08:05:06.144334
0PU36,VILLANOVA,41.654167,15.586667,2026-05-21 05:40:00,ws_10m_hourly,6.6,m/s,2026-05-21T08:05:11.832132
0PU36,VILLANOVA,41.654167,15.586667,2026-05-21 05:40:00,ws_2m_hourly,3.0,m/s,2026-05-21T08:05:11.832129
0PU37,TROIA,41.336388,15.382778,2026-05-21 05:40:00,precip_10min_interval,0.0,mm,2026-05-21T08:05:06.144392
0PU37,TROIA,41.336388,15.382778,2026-05-21 05:40:00,ws_10m_hourly,5.2,m/s,2026-05-21T08:05:11.832262
0PU37,TROIA,41.336388,15.382778,2026-05-21 05:40:00,ws_2m_hourly,3.4,m/s,2026-05-21T08:05:11.832259
0PU38,BORGO LA ROCCA,41.558334,15.516111,2026-05-21 05:40:00,precip_10min_interval,0.0,mm,2026-05-21T08:05:06.144455
0PU38,BORGO LA ROCCA,41.558334,15.516111,2026-05-21 05:40:00,ws_10m_hourly,2.4,m/s,2026-05-21T08:05:11.832396
0PU38,BORGO LA ROCCA,41.558334,15.516111,2026-05-21 05:40:00,ws_2m_hourly,1.4,m/s,2026-05-21T08:05:11.832393
0PU40,ARCHE,40.273888,18.013611,2026-05-21 05:40:00,precip_10min_interval,0.0,mm,2026-05-21T08:05:06.144537
0PU40,ARCHE,40.273888,18.013611,2026-05-21 05:40:00,ws_10m_hourly,4.5,m/s,2026-05-21T08:05:11.832532
0PU40,ARCHE,40.273888,18.013611,2026-05-21 05:40:00,ws_2m_hourly,1.3,m/s,2026-05-21T08:05:11.832529
0PU41,LECCE,40.326668,18.139999,2026-05-21 05:40:00,precip_10min_interval,0.0,mm,2026-05-21T08:05:06.144603
0PU41,LECCE,40.326668,18.139999,2026-05-21 05:40:00,ws_10m_hourly,3.6,m/s,2026-05-21T08:05:11.832668
0PU41,LECCE,40.326668,18.139999,2026-05-21 05:40:00,ws_2m_hourly,2.3,m/s,2026-05-21T08:05:11.832665
0PU42,SALICE SALENTINO,40.390556,17.875278,2026-05-21 05:40:00,precip_10min_interval,0.0,mm,2026-05-21T08:05:06.144664
0PU42,SALICE SALENTINO,40.390556,17.875278,2026-05-21 05:40:00,ws_10m_hourly,5.3,m/s,2026-05-21T08:05:11.832804
0PU42,SALICE SALENTINO,40.390556,17.875278,2026-05-21 05:40:00,ws_2m_hourly,3.4,m/s,2026-05-21T08:05:11.832801
0PU43,LUCUGNANO,39.930279,18.3225,2026-05-21 05:40:00,precip_10min_interval,0.0,mm,2026-05-21T08:05:06.144731
0PU43,LUCUGNANO,39.930279,18.3225,2026-05-21 05:40:00,ws_10m_hourly,3.0,m/s,2026-05-21T08:05:11.832936
0PU43,LUCUGNANO,39.930279,18.3225,2026-05-21 05:40:00,ws_2m_hourly,1.7,m/s,2026-05-21T08:05:11.832933
0PU44,MANDURIA,40.381943,17.621111,2026-05-21 05:40:00,precip_10min_interval,0.0,mm,2026-05-21T08:05:06.144796
0PU44,MANDURIA,40.381943,17.621111,2026-05-21 05:40:00,ws_10m_hourly,4.7,m/s,2026-05-21T08:05:11.833079
0PU44,MANDURIA,40.381943,17.621111,2026-05-21 05:40:00,ws_2m_hourly,3.3,m/s,2026-05-21T08:05:11.833077
0PU45,MOTTOLA,40.675556,16.996111,2026-05-21 05:40:00,precip_10min_interval,0.0,mm,2026-05-21T08:05:06.144862
0PU45,MOTTOLA,40.675556,16.996111,2026-05-21 05:40:00,ws_10m_hourly,4.7,m/s,2026-05-21T08:05:11.833213
0PU45,MOTTOLA,40.675556,16.996111,2026-05-21 05:40:00,ws_2m_hourly,1.5,m/s,2026-05-21T08:05:11.833210
0PU46,MASSAFRA,40.582779,17.091944,2026-05-21 05:40:00,precip_10min_interval,0.0,mm,2026-05-21T08:05:06.144924
0PU46,MASSAFRA,40.582779,17.091944,2026-05-21 05:40:00,ws_10m_hourly,5.0,m/s,2026-05-21T08:05:11.833336
0PU46,MASSAFRA,40.582779,17.091944,2026-05-21 05:40:00,ws_2m_hourly,2.7,m/s,2026-05-21T08:05:11.833333
0PU47,CASTELLANETA,40.494446,16.878889,2026-05-21 05:40:00,precip_10min_interval,0.0,mm,2026-05-21T08:05:06.144997
0PU47,CASTELLANETA,40.494446,16.878889,2026-05-21 05:40:00,ws_10m_hourly,4.7,m/s,2026-05-21T08:05:11.833469
0PU47,CASTELLANETA,40.494446,16.878889,2026-05-21 05:40:00,ws_2m_hourly,2.0,m/s,2026-05-21T08:05:11.833466
0PU48,BARI C.N.R. IRSA,41.116943,16.820557,2026-05-21 05:40:00,precip_10min_interval,0.0,mm,2026-05-21T08:05:06.145065
0PU48,BARI C.N.R. IRSA,41.116943,16.820557,2026-05-21 05:40:00,ws_10m_hourly,3.0,m/s,2026-05-21T08:05:11.833593
0PU48,BARI C.N.R. IRSA,41.116943,16.820557,2026-05-21 05:40:00,ws_2m_hourly,1.7,m/s,2026-05-21T08:05:11.833588
0PU49,LOCOROTONDO ITAS,40.757221,17.340834,2026-05-21 05:40:00,precip_10min_interval,0.0,mm,2026-05-21T08:05:06.145127
0PU49,LOCOROTONDO ITAS,40.757221,17.340834,2026-05-21 05:40:00,ws_10m_hourly,3.6,m/s,2026-05-21T08:05:11.833725
0PU49,LOCOROTONDO ITAS,40.757221,17.340834,2026-05-21 05:40:00,ws_2m_hourly,2.2,m/s,2026-05-21T08:05:11.833720
0PU53,TORITTO,40.957222,16.567223,2026-05-21 05:40:00,precip_10min_interval,0.0,mm,2026-05-21T08:05:06.145197
0PU53,TORITTO,40.957222,16.567223,2026-05-21 05:40:00,ws_10m_hourly,6.1,m/s,2026-05-21T08:05:11.833857
0PU53,TORITTO,40.957222,16.567223,2026-05-21 05:40:00,ws_2m_hourly,4.6,m/s,2026-05-21T08:05:11.833851
0PU54,TORRE SANTA SUSANNA,40.459442,17.724722,2026-05-21 05:40:00,precip_10min_interval,0.0,mm,2026-05-21T08:05:06.145258
0PU54,TORRE SANTA SUSANNA,40.459442,17.724722,2026-05-21 05:40:00,ws_10m_hourly,3.8,m/s,2026-05-21T08:05:11.834007
0PU54,TORRE SANTA SUSANNA,40.459442,17.724722,2026-05-21 05:40:00,ws_2m_hourly,0.5,m/s,2026-05-21T08:05:11.834002
0PU55,LESINA-RIPALTA,41.8475,15.266111,2026-05-21 05:40:00,precip_10min_interval,0.0,mm,2026-05-21T08:05:06.145328
0PU55,LESINA-RIPALTA,41.8475,15.266111,2026-05-21 05:40:00,ws_10m_hourly,3.3,m/s,2026-05-21T08:05:11.834145
0PU55,LESINA-RIPALTA,41.8475,15.266111,2026-05-21 05:40:00,ws_2m_hourly,1.8,m/s,2026-05-21T08:05:11.834142
0PU56,CARLANTINO,41.588333,14.983611,2026-05-21 05:40:00,precip_10min_interval,0.0,mm,2026-05-21T08:05:06.145395
0PU56,CARLANTINO,41.588333,14.983611,2026-05-21 05:40:00,ws_10m_hourly,3.6,m/s,2026-05-21T08:05:11.834279
0PU56,CARLANTINO,41.588333,14.983611,2026-05-21 05:40:00,ws_2m_hourly,2.1,m/s,2026-05-21T08:05:11.834274
0PU57,SANT'AGATA DI PUGLIA,41.150276,15.46,2026-05-21 05:40:00,precip_10min_interval,0.0,mm,2026-05-21T08:05:06.145461
0PU57,SANT'AGATA DI PUGLIA,41.150276,15.46,2026-05-21 05:40:00,ws_10m_hourly,4.7,m/s,2026-05-21T08:05:11.834416
0PU57,SANT'AGATA DI PUGLIA,41.150276,15.46,2026-05-21 05:40:00,ws_2m_hourly,2.8,m/s,2026-05-21T08:05:11.834413
0PU58,GINOSA,40.556389,16.843611,2026-05-21 05:40:00,precip_10min_interval,0.0,mm,2026-05-21T08:05:06.145527
0PU58,GINOSA,40.556389,16.843611,2026-05-21 05:40:00,ws_10m_hourly,6.0,m/s,2026-05-21T08:05:11.834553
0PU58,GINOSA,40.556389,16.843611,2026-05-21 05:40:00,ws_2m_hourly,4.5,m/s,2026-05-21T08:05:11.834550
0PU59,PALAGIANELLO,40.578335,16.975279,2026-05-21 05:40:00,precip_10min_interval,0.0,mm,2026-05-21T08:05:06.145598
0PU59,PALAGIANELLO,40.578335,16.975279,2026-05-21 05:40:00,ws_10m_hourly,4.1,m/s,2026-05-21T08:05:11.834689
0PU59,PALAGIANELLO,40.578335,16.975279,2026-05-21 05:40:00,ws_2m_hourly,2.6,m/s,2026-05-21T08:05:11.834686
0PU60,MINERVINO DI LECCE,40.093613,18.418612,2026-05-21 05:40:00,precip_10min_interval,0.0,mm,2026-05-21T08:05:06.145665
0PU60,MINERVINO DI LECCE,40.093613,18.418612,2026-05-21 05:40:00,ws_10m_hourly,4.1,m/s,2026-05-21T08:05:11.834826
0PU60,MINERVINO DI LECCE,40.093613,18.418612,2026-05-21 05:40:00,ws_2m_hourly,2.4,m/s,2026-05-21T08:05:11.834823
0PU61,NARDO',40.171391,17.976389,2026-05-21 05:40:00,precip_10min_interval,0.0,mm,2026-05-21T08:05:06.145734
0PU61,NARDO',40.171391,17.976389,2026-05-21 05:40:00,ws_10m_hourly,5.8,m/s,2026-05-21T08:05:11.834977
0PU61,NARDO',40.171391,17.976389,2026-05-21 05:40:00,ws_2m_hourly,2.0,m/s,2026-05-21T08:05:11.834974
MBA20,IPSAA,41.22139,16.049723,2026-05-21 05:40:00,precip_10min_interval,0.0,mm,2026-05-21T08:05:06.145803
MBA20,IPSAA,41.22139,16.049723,2026-05-21 05:40:00,ws_2m_hourly,0.7,m/s,2026-05-21T08:05:11.835100
MBA21,MONTEGROSSO,41.132778,16.185833,2026-05-21 05:40:00,precip_10min_interval,0.0,mm,2026-05-21T08:05:06.145872
MBA21,MONTEGROSSO,41.132778,16.185833,2026-05-21 05:40:00,ws_2m_hourly,2.9,m/s,2026-05-21T08:05:11.835172
MBA22,S.P. SANTERAMO,40.80611,16.591389,2026-05-21 05:40:00,precip_10min_interval,0.0,mm,2026-05-21T08:05:06.145950
MBA22,S.P. SANTERAMO,40.80611,16.591389,2026-05-21 05:40:00,ws_2m_hourly,2.7,m/s,2026-05-21T08:05:11.835237
MBA24,CASSANO DELLE MURGE,40.918888,16.78861,2026-05-21 05:40:00,precip_10min_interval,0.0,mm,2026-05-21T08:05:06.146020
MBA24,CASSANO DELLE MURGE,40.918888,16.78861,2026-05-21 05:40:00,ws_2m_hourly,2.7,m/s,2026-05-21T08:05:11.835308
MBA25,SANTERAMO IN COLLE,40.78611,16.775833,2026-05-21 05:40:00,precip_10min_interval,0.0,mm,2026-05-21T08:05:06.146090
MBA25,SANTERAMO IN COLLE,40.78611,16.775833,2026-05-21 05:40:00,ws_2m_hourly,2.9,m/s,2026-05-21T08:05:11.835377
MBA26,CAMPO SPER. UNIBA,41.023609,16.906389,2026-05-21 05:40:00,precip_10min_interval,0.0,mm,2026-05-21T08:05:06.146159
MBA26,CAMPO SPER. UNIBA,41.023609,16.906389,2026-05-21 05:40:00,ws_2m_hourly,2.1,m/s,2026-05-21T08:05:11.835445
MBA27,SERRONE(AZ.AGR.MANCINI),40.921391,16.947222,2026-05-21 05:40:00,precip_10min_interval,0.0,mm,2026-05-21T08:05:06.146229
MBA27,SERRONE(AZ.AGR.MANCINI),40.921391,16.947222,2026-05-21 05:40:00,ws_2m_hourly,3.2,m/s,2026-05-21T08:05:11.835514
MBA28,MURGIA ANTICI,40.715557,17.106667,2026-05-21 05:40:00,precip_10min_interval,0.0,mm,2026-05-21T08:05:06.146299
MBA28,MURGIA ANTICI,40.715557,17.106667,2026-05-21 05:40:00,ws_2m_hourly,2.0,m/s,2026-05-21T08:05:11.835585
MBA29,LAMENDOLA I,40.812222,17.164167,2026-05-21 05:40:00,precip_10min_interval,0.0,mm,2026-05-21T08:05:06.146366
MBA29,LAMENDOLA I,40.812222,17.164167,2026-05-21 05:40:00,ws_2m_hourly,2.3,m/s,2026-05-21T08:05:11.835654
MBR30,FASCIANELLO,40.860279,17.364166,2026-05-21 05:40:00,precip_10min_interval,0.0,mm,2026-05-21T08:05:06.146436
MBR30,FASCIANELLO,40.860279,17.364166,2026-05-21 05:40:00,ws_2m_hourly,4.9,m/s,2026-05-21T08:05:11.835724
MBR31,FERRUZZO,40.62389,17.497499,2026-05-21 05:40:00,precip_10min_interval,0.0,mm,2026-05-21T08:05:06.146505
MBR31,FERRUZZO,40.62389,17.497499,2026-05-21 05:40:00,ws_2m_hourly,2.6,m/s,2026-05-21T08:05:11.835795
MFG01,S. LUCIA,41.470554,15.363889,2026-05-21 05:40:00,precip_10min_interval,0.0,mm,2026-05-21T08:05:06.146572
MFG01,S. LUCIA,41.470554,15.363889,2026-05-21 05:40:00,ws_2m_hourly,0.3,m/s,2026-05-21T08:05:11.835862
MFG02,SERRA DEI BISI,41.347778,15.282778,2026-05-21 05:40:00,precip_10min_interval,0.0,mm,2026-05-21T08:05:06.146643
MFG02,SERRA DEI BISI,41.347778,15.282778,2026-05-21 05:40:00,ws_2m_hourly,2.0,m/s,2026-05-21T08:05:11.835931
MFG03,LA PESCIA,41.40889,15.756667,2026-05-21 05:40:00,precip_10min_interval,0.0,mm,2026-05-21T08:05:06.146712
MFG03,LA PESCIA,41.40889,15.756667,2026-05-21 05:40:00,ws_2m_hourly,2.8,m/s,2026-05-21T08:05:11.836012
MFG04,TRE SANTI,41.393612,15.848056,2026-05-21 05:40:00,precip_10min_interval,0.0,mm,2026-05-21T08:05:06.146781
MFG04,TRE SANTI,41.393612,15.848056,2026-05-21 05:40:00,ws_2m_hourly,3.5,m/s,2026-05-21T08:05:11.836080
MFG05,RIVOLI,41.470833,15.929444,2026-05-21 05:40:00,precip_10min_interval,0.0,mm,2026-05-21T08:05:06.146856
MFG05,RIVOLI,41.470833,15.929444,2026-05-21 05:40:00,ws_2m_hourly,1.5,m/s,2026-05-21T08:05:11.836156
MFG06,TAVOLETTA,41.194168,15.932222,2026-05-21 05:40:00,precip_10min_interval,0.0,mm,2026-05-21T08:05:06.146928
MFG06,TAVOLETTA,41.194168,15.932222,2026-05-21 05:40:00,ws_2m_hourly,1.6,m/s,2026-05-21T08:05:11.836229
MFG07,COPPA D'ORO,41.421665,15.606944,2026-05-21 05:40:00,precip_10min_interval,0.0,mm,2026-05-21T08:05:06.147007
MFG07,COPPA D'ORO,41.421665,15.606944,2026-05-21 05:40:00,ws_2m_hourly,3.7,m/s,2026-05-21T08:05:11.836296
MFG09,ARIOLA,41.8325,15.859722,2026-05-21 05:40:00,precip_10min_interval,0.0,mm,2026-05-21T08:05:06.147079
MFG09,ARIOLA,41.8325,15.859722,2026-05-21 05:40:00,ws_2m_hourly,0.3,m/s,2026-05-21T08:05:11.836366
MFG10,MATINE CARNE SALATA,41.651943,15.706389,2026-05-21 05:40:00,precip_10min_interval,0.0,mm,2026-05-21T08:05:06.147151
MFG10,MATINE CARNE SALATA,41.651943,15.706389,2026-05-21 05:40:00,ws_2m_hourly,0.9,m/s,2026-05-21T08:05:11.836433
MFG11,SELVA DELLE GROTTE,41.714722,15.148056,2026-05-21 05:40:00,precip_10min_interval,0.0,mm,2026-05-21T08:05:06.147221
MFG11,SELVA DELLE GROTTE,41.714722,15.148056,2026-05-21 05:40:00,ws_2m_hourly,1.3,m/s,2026-05-21T08:05:11.836512
MFG13,BISCIGLIETO,41.142502,15.662778,2026-05-21 05:40:00,precip_10min_interval,0.0,mm,2026-05-21T08:05:06.147289
MFG13,BISCIGLIETO,41.142502,15.662778,2026-05-21 05:40:00,ws_2m_hourly,5.1,m/s,2026-05-21T08:05:11.836580
MFG14,S. LUCIA,41.922779,15.874722,2026-05-21 05:40:00,precip_10min_interval,0.0,mm,2026-05-21T08:05:06.147359
MFG14,S. LUCIA,41.922779,15.874722,2026-05-21 05:40:00,ws_2m_hourly,1.0,m/s,2026-05-21T08:05:11.836649
MFG15,CASA LORDA,41.62389,15.403056,2026-05-21 05:40:00,precip_10min_interval,0.0,mm,2026-05-21T08:05:06.147426
MFG15,CASA LORDA,41.62389,15.403056,2026-05-21 05:40:00,ws_2m_hourly,0.4,m/s,2026-05-21T08:05:11.836718
MFG16,QUERCIA COPPE,41.693054,15.756944,2026-05-21 05:40:00,precip_10min_interval,0.0,mm,2026-05-21T08:05:06.147496
MFG16,QUERCIA COPPE,41.693054,15.756944,2026-05-21 05:40:00,ws_2m_hourly,5.1,m/s,2026-05-21T08:05:11.836786
MFG17,CARRO CHIUSO,41.284168,16.077223,2026-05-21 05:40:00,precip_10min_interval,0.0,mm,2026-05-21T08:05:06.147564
MFG17,CARRO CHIUSO,41.284168,16.077223,2026-05-21 05:40:00,ws_2m_hourly,1.6,m/s,2026-05-21T08:05:11.836862
MFG18,VIESTE,41.901669,16.080557,2026-05-21 05:40:00,precip_10min_interval,0.0,mm,2026-05-21T08:05:06.147643
MFG18,VIESTE,41.901669,16.080557,2026-05-21 05:40:00,ws_2m_hourly,2.5,m/s,2026-05-21T08:05:11.836929
MFG19,FOGGIA MONTEROZZI,41.521111,15.591944,2026-05-21 05:40:00,precip_10min_interval,0.0,mm,2026-05-21T08:05:06.147712
MFG19,FOGGIA MONTEROZZI,41.521111,15.591944,2026-05-21 05:40:00,ws_2m_hourly,2.8,m/s,2026-05-21T08:05:11.837007
MLE34,BARBARO,39.980831,18.1525,2026-05-21 05:40:00,precip_10min_interval,0.0,mm,2026-05-21T08:05:06.147785
MLE34,BARBARO,39.980831,18.1525,2026-05-21 05:40:00,ws_2m_hourly,3.4,m/s,2026-05-21T08:05:11.837080
MLE35,MALOPRA,40.225555,18.299168,2026-05-21 05:40:00,precip_10min_interval,0.0,mm,2026-05-21T08:05:06.147851
MLE35,MALOPRA,40.225555,18.299168,2026-05-21 05:40:00,ws_2m_hourly,2.4,m/s,2026-05-21T08:05:11.837148
MTA32,MARTINA FRANCA,40.634724,17.277779,2026-05-21 05:40:00,precip_10min_interval,0.0,mm,2026-05-21T08:05:06.147921
MTA32,MARTINA FRANCA,40.634724,17.277779,2026-05-21 05:40:00,ws_2m_hourly,1.9,m/s,2026-05-21T08:05:11.837217
0PU01,GUROLAMANNA,40.916111,16.447779,2026-05-21 05:50:00,precip_10min_interval,0.0,mm,2026-05-21T08:05:06.142611
0PU01,GUROLAMANNA,40.916111,16.447779,2026-05-21 05:50:00,ws_10m_hourly,5.4,m/s,2026-05-21T08:05:11.828584
0PU01,GUROLAMANNA,40.916111,16.447779,2026-05-21 05:50:00,ws_2m_hourly,3.4,m/s,2026-05-21T08:05:11.828579
0PU03,LIMELLI D'IMPERATORE,40.883057,16.3125,2026-05-21 05:50:00,precip_10min_interval,0.0,mm,2026-05-21T08:05:06.142704
0PU03,LIMELLI D'IMPERATORE,40.883057,16.3125,2026-05-21 05:50:00,ws_10m_hourly,5.3,m/s,2026-05-21T08:05:11.828746
0PU03,LIMELLI D'IMPERATORE,40.883057,16.3125,2026-05-21 05:50:00,ws_2m_hourly,3.2,m/s,2026-05-21T08:05:11.828737
0PU04,OTTAVA SEDICI,40.7925,17.481943,2026-05-21 05:50:00,precip_10min_interval,0.0,mm,2026-05-21T08:05:06.142767
0PU04,OTTAVA SEDICI,40.7925,17.481943,2026-05-21 05:50:00,ws_10m_hourly,4.1,m/s,2026-05-21T08:05:11.828880
0PU04,OTTAVA SEDICI,40.7925,17.481943,2026-05-21 05:50:00,ws_2m_hourly,0.9,m/s,2026-05-21T08:05:11.828876
0PU06,MAINE,40.543056,18.032223,2026-05-21 05:50:00,precip_10min_interval,0.0,mm,2026-05-21T08:05:06.142832
0PU06,MAINE,40.543056,18.032223,2026-05-21 05:50:00,ws_10m_hourly,2.6,m/s,2026-05-21T08:05:11.829031
0PU06,MAINE,40.543056,18.032223,2026-05-21 05:50:00,ws_2m_hourly,0.6,m/s,2026-05-21T08:05:11.829028
0PU07,TRIONFO,41.347221,15.744167,2026-05-21 05:50:00,precip_10min_interval,0.0,mm,2026-05-21T08:05:06.142896
0PU07,TRIONFO,41.347221,15.744167,2026-05-21 05:50:00,ws_10m_hourly,4.0,m/s,2026-05-21T08:05:11.829161
0PU07,TRIONFO,41.347221,15.744167,2026-05-21 05:50:00,ws_2m_hourly,0.1,m/s,2026-05-21T08:05:11.829157
0PU08,TORRETTA,41.542221,15.173889,2026-05-21 05:50:00,precip_10min_interval,0.0,mm,2026-05-21T08:05:06.142988
0PU08,TORRETTA,41.542221,15.173889,2026-05-21 05:50:00,ws_10m_hourly,6.0,m/s,2026-05-21T08:05:11.829289
0PU08,TORRETTA,41.542221,15.173889,2026-05-21 05:50:00,ws_2m_hourly,0.0,m/s,2026-05-21T08:05:11.829286
0PU10,FRASSANITO,40.237221,18.441389,2026-05-21 05:50:00,precip_10min_interval,0.0,mm,2026-05-21T08:05:06.143054
0PU10,FRASSANITO,40.237221,18.441389,2026-05-21 05:50:00,ws_10m_hourly,5.0,m/s,2026-05-21T08:05:11.829416
0PU10,FRASSANITO,40.237221,18.441389,2026-05-21 05:50:00,ws_2m_hourly,2.7,m/s,2026-05-21T08:05:11.829412
0PU11,BADESSA,40.470554,18.097221,2026-05-21 05:50:00,precip_10min_interval,0.0,mm,2026-05-21T08:05:06.143115
0PU11,BADESSA,40.470554,18.097221,2026-05-21 05:50:00,ws_10m_hourly,4.2,m/s,2026-05-21T08:05:11.829544
0PU11,BADESSA,40.470554,18.097221,2026-05-21 05:50:00,ws_2m_hourly,2.2,m/s,2026-05-21T08:05:11.829541
0PU12,CONTE,39.981945,18.067499,2026-05-21 05:50:00,precip_10min_interval,0.0,mm,2026-05-21T08:05:06.143187
0PU12,CONTE,39.981945,18.067499,2026-05-21 05:50:00,ws_10m_hourly,2.9,m/s,2026-05-21T08:05:11.829668
0PU12,CONTE,39.981945,18.067499,2026-05-21 05:50:00,ws_2m_hourly,1.2,m/s,2026-05-21T08:05:11.829665
0PU13,TORRICELLA,40.343334,17.487778,2026-05-21 05:50:00,precip_10min_interval,0.0,mm,2026-05-21T08:05:06.143249
0PU13,TORRICELLA,40.343334,17.487778,2026-05-21 05:50:00,ws_10m_hourly,6.1,m/s,2026-05-21T08:05:11.829800
0PU13,TORRICELLA,40.343334,17.487778,2026-05-21 05:50:00,ws_2m_hourly,3.4,m/s,2026-05-21T08:05:11.829795
0PU14,TAFURI,40.680832,16.867779,2026-05-21 05:50:00,precip_10min_interval,0.0,mm,2026-05-21T08:05:06.143315
0PU14,TAFURI,40.680832,16.867779,2026-05-21 05:50:00,ws_10m_hourly,5.8,m/s,2026-05-21T08:05:11.829932
0PU14,TAFURI,40.680832,16.867779,2026-05-21 05:50:00,ws_2m_hourly,2.8,m/s,2026-05-21T08:05:11.829929
0PU16,ANDRIA,41.202221,16.201944,2026-05-21 05:50:00,precip_10min_interval,0.0,mm,2026-05-21T08:05:06.143375
0PU16,ANDRIA,41.202221,16.201944,2026-05-21 05:50:00,ws_10m_hourly,2.3,m/s,2026-05-21T08:05:11.830070
0PU16,ANDRIA,41.202221,16.201944,2026-05-21 05:50:00,ws_2m_hourly,0.6,m/s,2026-05-21T08:05:11.830067
0PU17,OSTUNI-SAROLO,40.688332,17.413889,2026-05-21 05:50:00,precip_10min_interval,0.0,mm,2026-05-21T08:05:06.143440
0PU17,OSTUNI-SAROLO,40.688332,17.413889,2026-05-21 05:50:00,ws_10m_hourly,2.7,m/s,2026-05-21T08:05:11.830195
0PU17,OSTUNI-SAROLO,40.688332,17.413889,2026-05-21 05:50:00,ws_2m_hourly,1.0,m/s,2026-05-21T08:05:11.830192
0PU18,MONOPOLI,40.919445,17.294443,2026-05-21 05:50:00,precip_10min_interval,0.0,mm,2026-05-21T08:05:06.143508
0PU18,MONOPOLI,40.919445,17.294443,2026-05-21 05:50:00,ws_10m_hourly,3.4,m/s,2026-05-21T08:05:11.830323
0PU18,MONOPOLI,40.919445,17.294443,2026-05-21 05:50:00,ws_2m_hourly,1.9,m/s,2026-05-21T08:05:11.830320
0PU19,TERLIZZI,41.120834,16.549168,2026-05-21 05:50:00,precip_10min_interval,0.0,mm,2026-05-21T08:05:06.143568
0PU19,TERLIZZI,41.120834,16.549168,2026-05-21 05:50:00,ws_10m_hourly,1.3,m/s,2026-05-21T08:05:11.830453
0PU19,TERLIZZI,41.120834,16.549168,2026-05-21 05:50:00,ws_2m_hourly,0.4,m/s,2026-05-21T08:05:11.830450
0PU20,VILLA CASTELLI,40.553055,17.504444,2026-05-21 05:50:00,precip_10min_interval,0.0,mm,2026-05-21T08:05:06.143630
0PU20,VILLA CASTELLI,40.553055,17.504444,2026-05-21 05:50:00,ws_10m_hourly,4.6,m/s,2026-05-21T08:05:11.830582
0PU20,VILLA CASTELLI,40.553055,17.504444,2026-05-21 05:50:00,ws_2m_hourly,2.5,m/s,2026-05-21T08:05:11.830577
0PU21,CAROVIGNO,40.691944,17.630278,2026-05-21 05:50:00,precip_10min_interval,0.0,mm,2026-05-21T08:05:06.143694
0PU21,CAROVIGNO,40.691944,17.630278,2026-05-21 05:50:00,ws_10m_hourly,3.9,m/s,2026-05-21T08:05:11.830711
0PU21,CAROVIGNO,40.691944,17.630278,2026-05-21 05:50:00,ws_2m_hourly,1.1,m/s,2026-05-21T08:05:11.830708
0PU22,APRICENA,41.773335,15.438611,2026-05-21 05:50:00,precip_10min_interval,0.0,mm,2026-05-21T08:05:06.143761
0PU22,APRICENA,41.773335,15.438611,2026-05-21 05:50:00,ws_10m_hourly,2.0,m/s,2026-05-21T08:05:11.830843
0PU22,APRICENA,41.773335,15.438611,2026-05-21 05:50:00,ws_2m_hourly,0.0,m/s,2026-05-21T08:05:11.830841
0PU23,MANFREDONIA,41.541389,15.885833,2026-05-21 05:50:00,precip_10min_interval,0.0,mm,2026-05-21T08:05:06.143825
0PU23,MANFREDONIA,41.541389,15.885833,2026-05-21 05:50:00,ws_10m_hourly,3.4,m/s,2026-05-21T08:05:11.830981
0PU23,MANFREDONIA,41.541389,15.885833,2026-05-21 05:50:00,ws_2m_hourly,0.8,m/s,2026-05-21T08:05:11.830978
0PU25,NOCIGLIA,40.034443,18.313057,2026-05-21 05:50:00,precip_10min_interval,0.0,mm,2026-05-21T08:05:06.143891
0PU25,NOCIGLIA,40.034443,18.313057,2026-05-21 05:50:00,ws_10m_hourly,3.5,m/s,2026-05-21T08:05:11.831109
0PU25,NOCIGLIA,40.034443,18.313057,2026-05-21 05:50:00,ws_2m_hourly,1.6,m/s,2026-05-21T08:05:11.831104
0PU27,GROTTAGLIE,40.53389,17.362778,2026-05-21 05:50:00,ws_10m_hourly,4.4,m/s,2026-05-21T08:05:11.831236
0PU27,GROTTAGLIE,40.53389,17.362778,2026-05-21 05:50:00,ws_2m_hourly,2.4,m/s,2026-05-21T08:05:11.831233
0PU28,TRANI,41.247501,16.415556,2026-05-21 05:50:00,precip_10min_interval,0.0,mm,2026-05-21T08:05:06.143961
0PU28,TRANI,41.247501,16.415556,2026-05-21 05:50:00,ws_10m_hourly,2.9,m/s,2026-05-21T08:05:11.831364
0PU28,TRANI,41.247501,16.415556,2026-05-21 05:50:00,ws_2m_hourly,2.1,m/s,2026-05-21T08:05:11.831361
0PU30,NOICATTARO,41.021942,16.967777,2026-05-21 05:50:00,precip_10min_interval,0.0,mm,2026-05-21T08:05:06.144022
0PU30,NOICATTARO,41.021942,16.967777,2026-05-21 05:50:00,ws_10m_hourly,3.1,m/s,2026-05-21T08:05:11.831493
0PU30,NOICATTARO,41.021942,16.967777,2026-05-21 05:50:00,ws_2m_hourly,1.5,m/s,2026-05-21T08:05:11.831490
0PU31,ALBEROBELLO,40.790558,17.233334,2026-05-21 05:50:00,precip_10min_interval,0.0,mm,2026-05-21T08:05:06.144085
0PU31,ALBEROBELLO,40.790558,17.233334,2026-05-21 05:50:00,ws_10m_hourly,3.6,m/s,2026-05-21T08:05:11.831620
0PU31,ALBEROBELLO,40.790558,17.233334,2026-05-21 05:50:00,ws_2m_hourly,1.5,m/s,2026-05-21T08:05:11.831615
0PU33,MOCCARI,40.558334,17.851667,2026-05-21 05:50:00,precip_10min_interval,0.0,mm,2026-05-21T08:05:06.144145
0PU33,MOCCARI,40.558334,17.851667,2026-05-21 05:50:00,ws_10m_hourly,3.8,m/s,2026-05-21T08:05:11.831753
0PU33,MOCCARI,40.558334,17.851667,2026-05-21 05:50:00,ws_2m_hourly,1.9,m/s,2026-05-21T08:05:11.831749
0PU34,LATIANO,40.548332,17.688057,2026-05-21 05:50:00,precip_10min_interval,0.0,mm,2026-05-21T08:05:06.144211
0PU34,LATIANO,40.548332,17.688057,2026-05-21 05:50:00,ws_10m_hourly,3.2,m/s,2026-05-21T08:05:11.831879
0PU34,LATIANO,40.548332,17.688057,2026-05-21 05:50:00,ws_2m_hourly,1.7,m/s,2026-05-21T08:05:11.831876
0PU35,SAN VITO DEI NORMANNI,40.629166,17.73361,2026-05-21 05:50:00,precip_10min_interval,0.0,mm,2026-05-21T08:05:06.144269
0PU35,SAN VITO DEI NORMANNI,40.629166,17.73361,2026-05-21 05:50:00,ws_10m_hourly,5.0,m/s,2026-05-21T08:05:11.832014
0PU35,SAN VITO DEI NORMANNI,40.629166,17.73361,2026-05-21 05:50:00,ws_2m_hourly,2.9,m/s,2026-05-21T08:05:11.832012
0PU36,VILLANOVA,41.654167,15.586667,2026-05-21 05:50:00,precip_10min_interval,0.0,mm,2026-05-21T08:05:06.144337
0PU36,VILLANOVA,41.654167,15.586667,2026-05-21 05:50:00,ws_10m_hourly,7.4,m/s,2026-05-21T08:05:11.832138
0PU36,VILLANOVA,41.654167,15.586667,2026-05-21 05:50:00,ws_2m_hourly,3.2,m/s,2026-05-21T08:05:11.832135
0PU37,TROIA,41.336388,15.382778,2026-05-21 05:50:00,precip_10min_interval,0.0,mm,2026-05-21T08:05:06.144395
0PU37,TROIA,41.336388,15.382778,2026-05-21 05:50:00,ws_10m_hourly,4.5,m/s,2026-05-21T08:05:11.832268
0PU37,TROIA,41.336388,15.382778,2026-05-21 05:50:00,ws_2m_hourly,2.6,m/s,2026-05-21T08:05:11.832265
0PU38,BORGO LA ROCCA,41.558334,15.516111,2026-05-21 05:50:00,precip_10min_interval,0.0,mm,2026-05-21T08:05:06.144460
0PU38,BORGO LA ROCCA,41.558334,15.516111,2026-05-21 05:50:00,ws_10m_hourly,2.1,m/s,2026-05-21T08:05:11.832402
0PU38,BORGO LA ROCCA,41.558334,15.516111,2026-05-21 05:50:00,ws_2m_hourly,1.0,m/s,2026-05-21T08:05:11.832399
0PU40,ARCHE,40.273888,18.013611,2026-05-21 05:50:00,precip_10min_interval,0.0,mm,2026-05-21T08:05:06.144540
0PU40,ARCHE,40.273888,18.013611,2026-05-21 05:50:00,ws_10m_hourly,4.4,m/s,2026-05-21T08:05:11.832538
0PU40,ARCHE,40.273888,18.013611,2026-05-21 05:50:00,ws_2m_hourly,1.3,m/s,2026-05-21T08:05:11.832535
0PU41,LECCE,40.326668,18.139999,2026-05-21 05:50:00,precip_10min_interval,0.0,mm,2026-05-21T08:05:06.144606
0PU41,LECCE,40.326668,18.139999,2026-05-21 05:50:00,ws_10m_hourly,3.7,m/s,2026-05-21T08:05:11.832676
0PU41,LECCE,40.326668,18.139999,2026-05-21 05:50:00,ws_2m_hourly,2.4,m/s,2026-05-21T08:05:11.832673
0PU42,SALICE SALENTINO,40.390556,17.875278,2026-05-21 05:50:00,precip_10min_interval,0.0,mm,2026-05-21T08:05:06.144669
0PU42,SALICE SALENTINO,40.390556,17.875278,2026-05-21 05:50:00,ws_10m_hourly,4.8,m/s,2026-05-21T08:05:11.832810
0PU42,SALICE SALENTINO,40.390556,17.875278,2026-05-21 05:50:00,ws_2m_hourly,3.0,m/s,2026-05-21T08:05:11.832807
0PU43,LUCUGNANO,39.930279,18.3225,2026-05-21 05:50:00,precip_10min_interval,0.0,mm,2026-05-21T08:05:06.144736
0PU43,LUCUGNANO,39.930279,18.3225,2026-05-21 05:50:00,ws_10m_hourly,3.2,m/s,2026-05-21T08:05:11.832952
0PU43,LUCUGNANO,39.930279,18.3225,2026-05-21 05:50:00,ws_2m_hourly,1.7,m/s,2026-05-21T08:05:11.832949
0PU44,MANDURIA,40.381943,17.621111,2026-05-21 05:50:00,precip_10min_interval,0.0,mm,2026-05-21T08:05:06.144799
0PU44,MANDURIA,40.381943,17.621111,2026-05-21 05:50:00,ws_10m_hourly,5.0,m/s,2026-05-21T08:05:11.833086
0PU44,MANDURIA,40.381943,17.621111,2026-05-21 05:50:00,ws_2m_hourly,3.4,m/s,2026-05-21T08:05:11.833082
0PU45,MOTTOLA,40.675556,16.996111,2026-05-21 05:50:00,precip_10min_interval,0.0,mm,2026-05-21T08:05:06.144865
0PU45,MOTTOLA,40.675556,16.996111,2026-05-21 05:50:00,ws_10m_hourly,5.1,m/s,2026-05-21T08:05:11.833220
0PU45,MOTTOLA,40.675556,16.996111,2026-05-21 05:50:00,ws_2m_hourly,2.4,m/s,2026-05-21T08:05:11.833217
0PU46,MASSAFRA,40.582779,17.091944,2026-05-21 05:50:00,precip_10min_interval,0.0,mm,2026-05-21T08:05:06.144927
0PU46,MASSAFRA,40.582779,17.091944,2026-05-21 05:50:00,ws_10m_hourly,5.2,m/s,2026-05-21T08:05:11.833342
0PU46,MASSAFRA,40.582779,17.091944,2026-05-21 05:50:00,ws_2m_hourly,3.1,m/s,2026-05-21T08:05:11.833339
0PU47,CASTELLANETA,40.494446,16.878889,2026-05-21 05:50:00,precip_10min_interval,0.0,mm,2026-05-21T08:05:06.145000
0PU47,CASTELLANETA,40.494446,16.878889,2026-05-21 05:50:00,ws_10m_hourly,4.6,m/s,2026-05-21T08:05:11.833475
0PU47,CASTELLANETA,40.494446,16.878889,2026-05-21 05:50:00,ws_2m_hourly,2.0,m/s,2026-05-21T08:05:11.833472
0PU48,BARI C.N.R. IRSA,41.116943,16.820557,2026-05-21 05:50:00,precip_10min_interval,0.0,mm,2026-05-21T08:05:06.145068
0PU48,BARI C.N.R. IRSA,41.116943,16.820557,2026-05-21 05:50:00,ws_10m_hourly,3.7,m/s,2026-05-21T08:05:11.833599
0PU48,BARI C.N.R. IRSA,41.116943,16.820557,2026-05-21 05:50:00,ws_2m_hourly,2.2,m/s,2026-05-21T08:05:11.833596
0PU49,LOCOROTONDO ITAS,40.757221,17.340834,2026-05-21 05:50:00,precip_10min_interval,0.0,mm,2026-05-21T08:05:06.145130
0PU49,LOCOROTONDO ITAS,40.757221,17.340834,2026-05-21 05:50:00,ws_10m_hourly,4.4,m/s,2026-05-21T08:05:11.833733
0PU49,LOCOROTONDO ITAS,40.757221,17.340834,2026-05-21 05:50:00,ws_2m_hourly,2.8,m/s,2026-05-21T08:05:11.833728
0PU53,TORITTO,40.957222,16.567223,2026-05-21 05:50:00,precip_10min_interval,0.0,mm,2026-05-21T08:05:06.145200
0PU53,TORITTO,40.957222,16.567223,2026-05-21 05:50:00,ws_10m_hourly,6.1,m/s,2026-05-21T08:05:11.833863
0PU53,TORITTO,40.957222,16.567223,2026-05-21 05:50:00,ws_2m_hourly,5.1,m/s,2026-05-21T08:05:11.833860
0PU54,TORRE SANTA SUSANNA,40.459442,17.724722,2026-05-21 05:50:00,precip_10min_interval,0.0,mm,2026-05-21T08:05:06.145261
0PU54,TORRE SANTA SUSANNA,40.459442,17.724722,2026-05-21 05:50:00,ws_10m_hourly,3.5,m/s,2026-05-21T08:05:11.834013
0PU54,TORRE SANTA SUSANNA,40.459442,17.724722,2026-05-21 05:50:00,ws_2m_hourly,0.4,m/s,2026-05-21T08:05:11.834010
0PU55,LESINA-RIPALTA,41.8475,15.266111,2026-05-21 05:50:00,precip_10min_interval,0.0,mm,2026-05-21T08:05:06.145331
0PU55,LESINA-RIPALTA,41.8475,15.266111,2026-05-21 05:50:00,ws_10m_hourly,3.3,m/s,2026-05-21T08:05:11.834152
0PU55,LESINA-RIPALTA,41.8475,15.266111,2026-05-21 05:50:00,ws_2m_hourly,1.9,m/s,2026-05-21T08:05:11.834149
0PU56,CARLANTINO,41.588333,14.983611,2026-05-21 05:50:00,precip_10min_interval,0.0,mm,2026-05-21T08:05:06.145398
0PU56,CARLANTINO,41.588333,14.983611,2026-05-21 05:50:00,ws_10m_hourly,3.5,m/s,2026-05-21T08:05:11.834285
0PU56,CARLANTINO,41.588333,14.983611,2026-05-21 05:50:00,ws_2m_hourly,2.0,m/s,2026-05-21T08:05:11.834282
0PU57,SANT'AGATA DI PUGLIA,41.150276,15.46,2026-05-21 05:50:00,precip_10min_interval,0.0,mm,2026-05-21T08:05:06.145463
0PU57,SANT'AGATA DI PUGLIA,41.150276,15.46,2026-05-21 05:50:00,ws_10m_hourly,3.2,m/s,2026-05-21T08:05:11.834421
0PU57,SANT'AGATA DI PUGLIA,41.150276,15.46,2026-05-21 05:50:00,ws_2m_hourly,1.7,m/s,2026-05-21T08:05:11.834418
0PU58,GINOSA,40.556389,16.843611,2026-05-21 05:50:00,precip_10min_interval,0.0,mm,2026-05-21T08:05:06.145532
0PU58,GINOSA,40.556389,16.843611,2026-05-21 05:50:00,ws_10m_hourly,5.6,m/s,2026-05-21T08:05:11.834559
0PU58,GINOSA,40.556389,16.843611,2026-05-21 05:50:00,ws_2m_hourly,4.0,m/s,2026-05-21T08:05:11.834556
0PU59,PALAGIANELLO,40.578335,16.975279,2026-05-21 05:50:00,precip_10min_interval,0.0,mm,2026-05-21T08:05:06.145601
0PU59,PALAGIANELLO,40.578335,16.975279,2026-05-21 05:50:00,ws_10m_hourly,4.1,m/s,2026-05-21T08:05:11.834697
0PU59,PALAGIANELLO,40.578335,16.975279,2026-05-21 05:50:00,ws_2m_hourly,2.6,m/s,2026-05-21T08:05:11.834694
0PU60,MINERVINO DI LECCE,40.093613,18.418612,2026-05-21 05:50:00,precip_10min_interval,0.0,mm,2026-05-21T08:05:06.145668
0PU60,MINERVINO DI LECCE,40.093613,18.418612,2026-05-21 05:50:00,ws_10m_hourly,4.3,m/s,2026-05-21T08:05:11.834831
0PU60,MINERVINO DI LECCE,40.093613,18.418612,2026-05-21 05:50:00,ws_2m_hourly,2.7,m/s,2026-05-21T08:05:11.834828
0PU61,NARDO',40.171391,17.976389,2026-05-21 05:50:00,precip_10min_interval,0.0,mm,2026-05-21T08:05:06.145737
0PU61,NARDO',40.171391,17.976389,2026-05-21 05:50:00,ws_10m_hourly,5.9,m/s,2026-05-21T08:05:11.834985
0PU61,NARDO',40.171391,17.976389,2026-05-21 05:50:00,ws_2m_hourly,2.0,m/s,2026-05-21T08:05:11.834982
MBA20,IPSAA,41.22139,16.049723,2026-05-21 05:50:00,precip_10min_interval,0.0,mm,2026-05-21T08:05:06.145806
MBA20,IPSAA,41.22139,16.049723,2026-05-21 05:50:00,ws_2m_hourly,0.6,m/s,2026-05-21T08:05:11.835103
MBA21,MONTEGROSSO,41.132778,16.185833,2026-05-21 05:50:00,precip_10min_interval,0.0,mm,2026-05-21T08:05:06.145874
MBA21,MONTEGROSSO,41.132778,16.185833,2026-05-21 05:50:00,ws_2m_hourly,2.7,m/s,2026-05-21T08:05:11.835175
MBA22,S.P. SANTERAMO,40.80611,16.591389,2026-05-21 05:50:00,precip_10min_interval,0.0,mm,2026-05-21T08:05:06.145952
MBA22,S.P. SANTERAMO,40.80611,16.591389,2026-05-21 05:50:00,ws_2m_hourly,2.6,m/s,2026-05-21T08:05:11.835240
MBA24,CASSANO DELLE MURGE,40.918888,16.78861,2026-05-21 05:50:00,precip_10min_interval,0.0,mm,2026-05-21T08:05:06.146023
MBA24,CASSANO DELLE MURGE,40.918888,16.78861,2026-05-21 05:50:00,ws_2m_hourly,2.6,m/s,2026-05-21T08:05:11.835311
MBA25,SANTERAMO IN COLLE,40.78611,16.775833,2026-05-21 05:50:00,precip_10min_interval,0.0,mm,2026-05-21T08:05:06.146093
MBA25,SANTERAMO IN COLLE,40.78611,16.775833,2026-05-21 05:50:00,ws_2m_hourly,2.1,m/s,2026-05-21T08:05:11.835380
MBA26,CAMPO SPER. UNIBA,41.023609,16.906389,2026-05-21 05:50:00,precip_10min_interval,0.0,mm,2026-05-21T08:05:06.146162
MBA26,CAMPO SPER. UNIBA,41.023609,16.906389,2026-05-21 05:50:00,ws_2m_hourly,2.2,m/s,2026-05-21T08:05:11.835448
MBA27,SERRONE(AZ.AGR.MANCINI),40.921391,16.947222,2026-05-21 05:50:00,precip_10min_interval,0.0,mm,2026-05-21T08:05:06.146232
MBA27,SERRONE(AZ.AGR.MANCINI),40.921391,16.947222,2026-05-21 05:50:00,ws_2m_hourly,2.8,m/s,2026-05-21T08:05:11.835517
MBA28,MURGIA ANTICI,40.715557,17.106667,2026-05-21 05:50:00,precip_10min_interval,0.0,mm,2026-05-21T08:05:06.146302
MBA28,MURGIA ANTICI,40.715557,17.106667,2026-05-21 05:50:00,ws_2m_hourly,2.4,m/s,2026-05-21T08:05:11.835590
MBA29,LAMENDOLA I,40.812222,17.164167,2026-05-21 05:50:00,precip_10min_interval,0.0,mm,2026-05-21T08:05:06.146371
MBA29,LAMENDOLA I,40.812222,17.164167,2026-05-21 05:50:00,ws_2m_hourly,2.2,m/s,2026-05-21T08:05:11.835657
MBR30,FASCIANELLO,40.860279,17.364166,2026-05-21 05:50:00,precip_10min_interval,0.0,mm,2026-05-21T08:05:06.146441
MBR30,FASCIANELLO,40.860279,17.364166,2026-05-21 05:50:00,ws_2m_hourly,4.6,m/s,2026-05-21T08:05:11.835729
MBR31,FERRUZZO,40.62389,17.497499,2026-05-21 05:50:00,precip_10min_interval,0.0,mm,2026-05-21T08:05:06.146508
MBR31,FERRUZZO,40.62389,17.497499,2026-05-21 05:50:00,ws_2m_hourly,2.6,m/s,2026-05-21T08:05:11.835798
MFG01,S. LUCIA,41.470554,15.363889,2026-05-21 05:50:00,precip_10min_interval,0.0,mm,2026-05-21T08:05:06.146577
MFG01,S. LUCIA,41.470554,15.363889,2026-05-21 05:50:00,ws_2m_hourly,0.3,m/s,2026-05-21T08:05:11.835867
MFG02,SERRA DEI BISI,41.347778,15.282778,2026-05-21 05:50:00,precip_10min_interval,0.0,mm,2026-05-21T08:05:06.146648
MFG02,SERRA DEI BISI,41.347778,15.282778,2026-05-21 05:50:00,ws_2m_hourly,1.9,m/s,2026-05-21T08:05:11.835934
MFG03,LA PESCIA,41.40889,15.756667,2026-05-21 05:50:00,precip_10min_interval,0.0,mm,2026-05-21T08:05:06.146720
MFG03,LA PESCIA,41.40889,15.756667,2026-05-21 05:50:00,ws_2m_hourly,2.9,m/s,2026-05-21T08:05:11.836015
MFG04,TRE SANTI,41.393612,15.848056,2026-05-21 05:50:00,precip_10min_interval,0.0,mm,2026-05-21T08:05:06.146784
MFG04,TRE SANTI,41.393612,15.848056,2026-05-21 05:50:00,ws_2m_hourly,3.3,m/s,2026-05-21T08:05:11.836085
MFG05,RIVOLI,41.470833,15.929444,2026-05-21 05:50:00,precip_10min_interval,0.0,mm,2026-05-21T08:05:06.146859
MFG05,RIVOLI,41.470833,15.929444,2026-05-21 05:50:00,ws_2m_hourly,1.8,m/s,2026-05-21T08:05:11.836159
MFG06,TAVOLETTA,41.194168,15.932222,2026-05-21 05:50:00,precip_10min_interval,0.0,mm,2026-05-21T08:05:06.146931
MFG06,TAVOLETTA,41.194168,15.932222,2026-05-21 05:50:00,ws_2m_hourly,2.4,m/s,2026-05-21T08:05:11.836231
MFG07,COPPA D'ORO,41.421665,15.606944,2026-05-21 05:50:00,precip_10min_interval,0.0,mm,2026-05-21T08:05:06.147010
MFG07,COPPA D'ORO,41.421665,15.606944,2026-05-21 05:50:00,ws_2m_hourly,4.2,m/s,2026-05-21T08:05:11.836298
MFG09,ARIOLA,41.8325,15.859722,2026-05-21 05:50:00,precip_10min_interval,0.0,mm,2026-05-21T08:05:06.147082
MFG09,ARIOLA,41.8325,15.859722,2026-05-21 05:50:00,ws_2m_hourly,0.4,m/s,2026-05-21T08:05:11.836369
MFG10,MATINE CARNE SALATA,41.651943,15.706389,2026-05-21 05:50:00,precip_10min_interval,0.0,mm,2026-05-21T08:05:06.147154
MFG10,MATINE CARNE SALATA,41.651943,15.706389,2026-05-21 05:50:00,ws_2m_hourly,0.8,m/s,2026-05-21T08:05:11.836437
MFG11,SELVA DELLE GROTTE,41.714722,15.148056,2026-05-21 05:50:00,precip_10min_interval,0.0,mm,2026-05-21T08:05:06.147224
MFG11,SELVA DELLE GROTTE,41.714722,15.148056,2026-05-21 05:50:00,ws_2m_hourly,1.1,m/s,2026-05-21T08:05:11.836515
MFG13,BISCIGLIETO,41.142502,15.662778,2026-05-21 05:50:00,precip_10min_interval,0.0,mm,2026-05-21T08:05:06.147292
MFG13,BISCIGLIETO,41.142502,15.662778,2026-05-21 05:50:00,ws_2m_hourly,5.3,m/s,2026-05-21T08:05:11.836583
MFG14,S. LUCIA,41.922779,15.874722,2026-05-21 05:50:00,precip_10min_interval,0.0,mm,2026-05-21T08:05:06.147362
MFG14,S. LUCIA,41.922779,15.874722,2026-05-21 05:50:00,ws_2m_hourly,1.0,m/s,2026-05-21T08:05:11.836652
MFG15,CASA LORDA,41.62389,15.403056,2026-05-21 05:50:00,precip_10min_interval,0.0,mm,2026-05-21T08:05:06.147429
MFG15,CASA LORDA,41.62389,15.403056,2026-05-21 05:50:00,ws_2m_hourly,0.5,m/s,2026-05-21T08:05:11.836721
MFG16,QUERCIA COPPE,41.693054,15.756944,2026-05-21 05:50:00,precip_10min_interval,0.0,mm,2026-05-21T08:05:06.147499
MFG16,QUERCIA COPPE,41.693054,15.756944,2026-05-21 05:50:00,ws_2m_hourly,4.9,m/s,2026-05-21T08:05:11.836792
MFG17,CARRO CHIUSO,41.284168,16.077223,2026-05-21 05:50:00,precip_10min_interval,0.0,mm,2026-05-21T08:05:06.147567
MFG17,CARRO CHIUSO,41.284168,16.077223,2026-05-21 05:50:00,ws_2m_hourly,1.6,m/s,2026-05-21T08:05:11.836865
MFG18,VIESTE,41.901669,16.080557,2026-05-21 05:50:00,precip_10min_interval,0.0,mm,2026-05-21T08:05:06.147646
MFG18,VIESTE,41.901669,16.080557,2026-05-21 05:50:00,ws_2m_hourly,2.2,m/s,2026-05-21T08:05:11.836932
MFG19,FOGGIA MONTEROZZI,41.521111,15.591944,2026-05-21 05:50:00,precip_10min_interval,0.0,mm,2026-05-21T08:05:06.147715
MFG19,FOGGIA MONTEROZZI,41.521111,15.591944,2026-05-21 05:50:00,ws_2m_hourly,2.5,m/s,2026-05-21T08:05:11.837010
MLE34,BARBARO,39.980831,18.1525,2026-05-21 05:50:00,precip_10min_interval,0.0,mm,2026-05-21T08:05:06.147788
MLE34,BARBARO,39.980831,18.1525,2026-05-21 05:50:00,ws_2m_hourly,3.5,m/s,2026-05-21T08:05:11.837083
MLE35,MALOPRA,40.225555,18.299168,2026-05-21 05:50:00,precip_10min_interval,0.0,mm,2026-05-21T08:05:06.147854
MLE35,MALOPRA,40.225555,18.299168,2026-05-21 05:50:00,ws_2m_hourly,2.2,m/s,2026-05-21T08:05:11.837150
MTA32,MARTINA FRANCA,40.634724,17.277779,2026-05-21 05:50:00,precip_10min_interval,0.0,mm,2026-05-21T08:05:06.147924
MTA32,MARTINA FRANCA,40.634724,17.277779,2026-05-21 05:50:00,ws_2m_hourly,1.7,m/s,2026-05-21T08:05:11.837220
0PU01,GUROLAMANNA,40.916111,16.447779,2026-05-21 06:00:00,precip_10min_interval,0.0,mm,2026-05-21T08:05:06.142616
0PU01,GUROLAMANNA,40.916111,16.447779,2026-05-21 06:00:00,rh_hourly,81.0,%,2026-05-21T08:05:03.964756
0PU01,GUROLAMANNA,40.916111,16.447779,2026-05-21 06:00:00,rs_hourly,34.4,W/m²,2026-05-21T08:05:09.235084
0PU01,GUROLAMANNA,40.916111,16.447779,2026-05-21 06:00:00,tair_hourly,12.8,°C,2026-05-21T08:05:02.582732
0PU01,GUROLAMANNA,40.916111,16.447779,2026-05-21 06:00:00,ws_10m_hourly,5.1,m/s,2026-05-21T08:05:11.828595
0PU01,GUROLAMANNA,40.916111,16.447779,2026-05-21 06:00:00,ws_2m_hourly,3.3,m/s,2026-05-21T08:05:11.828589
0PU03,LIMELLI D'IMPERATORE,40.883057,16.3125,2026-05-21 06:00:00,precip_10min_interval,0.0,mm,2026-05-21T08:05:06.142707
0PU03,LIMELLI D'IMPERATORE,40.883057,16.3125,2026-05-21 06:00:00,rh_hourly,86.0,%,2026-05-21T08:05:03.964779
0PU03,LIMELLI D'IMPERATORE,40.883057,16.3125,2026-05-21 06:00:00,rs_hourly,32.1,W/m²,2026-05-21T08:05:09.235105
0PU03,LIMELLI D'IMPERATORE,40.883057,16.3125,2026-05-21 06:00:00,tair_hourly,11.7,°C,2026-05-21T08:05:02.582755
0PU03,LIMELLI D'IMPERATORE,40.883057,16.3125,2026-05-21 06:00:00,ws_10m_hourly,5.3,m/s,2026-05-21T08:05:11.828753
0PU03,LIMELLI D'IMPERATORE,40.883057,16.3125,2026-05-21 06:00:00,ws_2m_hourly,3.1,m/s,2026-05-21T08:05:11.828749
0PU04,OTTAVA SEDICI,40.7925,17.481943,2026-05-21 06:00:00,precip_10min_interval,0.0,mm,2026-05-21T08:05:06.142770
0PU04,OTTAVA SEDICI,40.7925,17.481943,2026-05-21 06:00:00,rh_hourly,70.0,%,2026-05-21T08:05:03.964804
0PU04,OTTAVA SEDICI,40.7925,17.481943,2026-05-21 06:00:00,rs_hourly,15.0,W/m²,2026-05-21T08:05:09.235126
0PU04,OTTAVA SEDICI,40.7925,17.481943,2026-05-21 06:00:00,tair_hourly,17.2,°C,2026-05-21T08:05:02.582776
0PU04,OTTAVA SEDICI,40.7925,17.481943,2026-05-21 06:00:00,ws_10m_hourly,4.2,m/s,2026-05-21T08:05:11.828890
0PU04,OTTAVA SEDICI,40.7925,17.481943,2026-05-21 06:00:00,ws_2m_hourly,1.1,m/s,2026-05-21T08:05:11.828886
0PU06,MAINE,40.543056,18.032223,2026-05-21 06:00:00,precip_10min_interval,0.0,mm,2026-05-21T08:05:06.142835
0PU06,MAINE,40.543056,18.032223,2026-05-21 06:00:00,rh_hourly,77.0,%,2026-05-21T08:05:03.964826
0PU06,MAINE,40.543056,18.032223,2026-05-21 06:00:00,rs_hourly,20.1,W/m²,2026-05-21T08:05:09.235150
0PU06,MAINE,40.543056,18.032223,2026-05-21 06:00:00,tair_hourly,16.2,°C,2026-05-21T08:05:02.582806
0PU06,MAINE,40.543056,18.032223,2026-05-21 06:00:00,ws_10m_hourly,2.8,m/s,2026-05-21T08:05:11.829038
0PU06,MAINE,40.543056,18.032223,2026-05-21 06:00:00,ws_2m_hourly,0.6,m/s,2026-05-21T08:05:11.829034
0PU07,TRIONFO,41.347221,15.744167,2026-05-21 06:00:00,precip_10min_interval,0.0,mm,2026-05-21T08:05:06.142899
0PU07,TRIONFO,41.347221,15.744167,2026-05-21 06:00:00,rh_hourly,73.0,%,2026-05-21T08:05:03.964848
0PU07,TRIONFO,41.347221,15.744167,2026-05-21 06:00:00,rs_hourly,11.2,W/m²,2026-05-21T08:05:09.235177
0PU07,TRIONFO,41.347221,15.744167,2026-05-21 06:00:00,tair_hourly,14.7,°C,2026-05-21T08:05:02.582829
0PU07,TRIONFO,41.347221,15.744167,2026-05-21 06:00:00,ws_10m_hourly,3.2,m/s,2026-05-21T08:05:11.829167
0PU07,TRIONFO,41.347221,15.744167,2026-05-21 06:00:00,ws_2m_hourly,0.1,m/s,2026-05-21T08:05:11.829164
0PU08,TORRETTA,41.542221,15.173889,2026-05-21 06:00:00,precip_10min_interval,0.0,mm,2026-05-21T08:05:06.142991
0PU08,TORRETTA,41.542221,15.173889,2026-05-21 06:00:00,rh_hourly,59.0,%,2026-05-21T08:05:03.964861
0PU08,TORRETTA,41.542221,15.173889,2026-05-21 06:00:00,rs_hourly,15.1,W/m²,2026-05-21T08:05:09.235198
0PU08,TORRETTA,41.542221,15.173889,2026-05-21 06:00:00,tair_hourly,15.9,°C,2026-05-21T08:05:02.582841
0PU08,TORRETTA,41.542221,15.173889,2026-05-21 06:00:00,ws_10m_hourly,5.0,m/s,2026-05-21T08:05:11.829295
0PU08,TORRETTA,41.542221,15.173889,2026-05-21 06:00:00,ws_2m_hourly,0.0,m/s,2026-05-21T08:05:11.829292
0PU10,FRASSANITO,40.237221,18.441389,2026-05-21 06:00:00,precip_10min_interval,0.0,mm,2026-05-21T08:05:06.143058
0PU10,FRASSANITO,40.237221,18.441389,2026-05-21 06:00:00,rh_hourly,84.0,%,2026-05-21T08:05:03.964875
0PU10,FRASSANITO,40.237221,18.441389,2026-05-21 06:00:00,rs_hourly,41.4,W/m²,2026-05-21T08:05:09.235215
0PU10,FRASSANITO,40.237221,18.441389,2026-05-21 06:00:00,tair_hourly,17.3,°C,2026-05-21T08:05:02.582853
0PU10,FRASSANITO,40.237221,18.441389,2026-05-21 06:00:00,ws_10m_hourly,5.6,m/s,2026-05-21T08:05:11.829422
0PU10,FRASSANITO,40.237221,18.441389,2026-05-21 06:00:00,ws_2m_hourly,3.0,m/s,2026-05-21T08:05:11.829419
0PU11,BADESSA,40.470554,18.097221,2026-05-21 06:00:00,precip_10min_interval,0.0,mm,2026-05-21T08:05:06.143120
0PU11,BADESSA,40.470554,18.097221,2026-05-21 06:00:00,rh_hourly,77.0,%,2026-05-21T08:05:03.964890
0PU11,BADESSA,40.470554,18.097221,2026-05-21 06:00:00,rs_hourly,29.6,W/m²,2026-05-21T08:05:09.235237
0PU11,BADESSA,40.470554,18.097221,2026-05-21 06:00:00,tair_hourly,16.4,°C,2026-05-21T08:05:02.582868
0PU11,BADESSA,40.470554,18.097221,2026-05-21 06:00:00,ws_10m_hourly,3.5,m/s,2026-05-21T08:05:11.829551
0PU11,BADESSA,40.470554,18.097221,2026-05-21 06:00:00,ws_2m_hourly,1.7,m/s,2026-05-21T08:05:11.829548
0PU12,CONTE,39.981945,18.067499,2026-05-21 06:00:00,precip_10min_interval,0.0,mm,2026-05-21T08:05:06.143190
0PU12,CONTE,39.981945,18.067499,2026-05-21 06:00:00,rh_hourly,74.0,%,2026-05-21T08:05:03.964902
0PU12,CONTE,39.981945,18.067499,2026-05-21 06:00:00,rs_hourly,20.7,W/m²,2026-05-21T08:05:09.235250
0PU12,CONTE,39.981945,18.067499,2026-05-21 06:00:00,tair_hourly,15.3,°C,2026-05-21T08:05:02.582880
0PU12,CONTE,39.981945,18.067499,2026-05-21 06:00:00,ws_10m_hourly,2.7,m/s,2026-05-21T08:05:11.829674
0PU12,CONTE,39.981945,18.067499,2026-05-21 06:00:00,ws_2m_hourly,0.6,m/s,2026-05-21T08:05:11.829671
0PU13,TORRICELLA,40.343334,17.487778,2026-05-21 06:00:00,precip_10min_interval,0.0,mm,2026-05-21T08:05:06.143252
0PU13,TORRICELLA,40.343334,17.487778,2026-05-21 06:00:00,rh_hourly,68.0,%,2026-05-21T08:05:03.964914
0PU13,TORRICELLA,40.343334,17.487778,2026-05-21 06:00:00,rs_hourly,33.4,W/m²,2026-05-21T08:05:09.235262
0PU13,TORRICELLA,40.343334,17.487778,2026-05-21 06:00:00,tair_hourly,16.9,°C,2026-05-21T08:05:02.582892
0PU13,TORRICELLA,40.343334,17.487778,2026-05-21 06:00:00,ws_10m_hourly,6.3,m/s,2026-05-21T08:05:11.829807
0PU13,TORRICELLA,40.343334,17.487778,2026-05-21 06:00:00,ws_2m_hourly,3.4,m/s,2026-05-21T08:05:11.829803
0PU14,TAFURI,40.680832,16.867779,2026-05-21 06:00:00,precip_10min_interval,0.0,mm,2026-05-21T08:05:06.143318
0PU14,TAFURI,40.680832,16.867779,2026-05-21 06:00:00,rh_hourly,75.0,%,2026-05-21T08:05:03.964932
0PU14,TAFURI,40.680832,16.867779,2026-05-21 06:00:00,rs_hourly,18.2,W/m²,2026-05-21T08:05:09.235277
0PU14,TAFURI,40.680832,16.867779,2026-05-21 06:00:00,tair_hourly,14.5,°C,2026-05-21T08:05:02.582913
0PU14,TAFURI,40.680832,16.867779,2026-05-21 06:00:00,ws_10m_hourly,5.9,m/s,2026-05-21T08:05:11.829951
0PU14,TAFURI,40.680832,16.867779,2026-05-21 06:00:00,ws_2m_hourly,2.9,m/s,2026-05-21T08:05:11.829936
0PU16,ANDRIA,41.202221,16.201944,2026-05-21 06:00:00,precip_10min_interval,0.0,mm,2026-05-21T08:05:06.143378
0PU16,ANDRIA,41.202221,16.201944,2026-05-21 06:00:00,rh_hourly,76.0,%,2026-05-21T08:05:03.964966
0PU16,ANDRIA,41.202221,16.201944,2026-05-21 06:00:00,rs_hourly,16.2,W/m²,2026-05-21T08:05:09.235289
0PU16,ANDRIA,41.202221,16.201944,2026-05-21 06:00:00,tair_hourly,13.7,°C,2026-05-21T08:05:02.582926
0PU16,ANDRIA,41.202221,16.201944,2026-05-21 06:00:00,ws_10m_hourly,2.4,m/s,2026-05-21T08:05:11.830076
0PU16,ANDRIA,41.202221,16.201944,2026-05-21 06:00:00,ws_2m_hourly,0.5,m/s,2026-05-21T08:05:11.830073
0PU17,OSTUNI-SAROLO,40.688332,17.413889,2026-05-21 06:00:00,precip_10min_interval,0.0,mm,2026-05-21T08:05:06.143443
0PU17,OSTUNI-SAROLO,40.688332,17.413889,2026-05-21 06:00:00,rh_hourly,82.0,%,2026-05-21T08:05:03.964981
0PU17,OSTUNI-SAROLO,40.688332,17.413889,2026-05-21 06:00:00,rs_hourly,0.0,W/m²,2026-05-21T08:05:09.235301
0PU17,OSTUNI-SAROLO,40.688332,17.413889,2026-05-21 06:00:00,tair_hourly,13.2,°C,2026-05-21T08:05:02.582958
0PU17,OSTUNI-SAROLO,40.688332,17.413889,2026-05-21 06:00:00,ws_10m_hourly,2.8,m/s,2026-05-21T08:05:11.830202
0PU17,OSTUNI-SAROLO,40.688332,17.413889,2026-05-21 06:00:00,ws_2m_hourly,0.9,m/s,2026-05-21T08:05:11.830199
0PU18,MONOPOLI,40.919445,17.294443,2026-05-21 06:00:00,precip_10min_interval,0.0,mm,2026-05-21T08:05:06.143511
0PU18,MONOPOLI,40.919445,17.294443,2026-05-21 06:00:00,rh_hourly,72.0,%,2026-05-21T08:05:03.964994
0PU18,MONOPOLI,40.919445,17.294443,2026-05-21 06:00:00,rs_hourly,40.3,W/m²,2026-05-21T08:05:09.235316
0PU18,MONOPOLI,40.919445,17.294443,2026-05-21 06:00:00,tair_hourly,15.9,°C,2026-05-21T08:05:02.582977
0PU18,MONOPOLI,40.919445,17.294443,2026-05-21 06:00:00,ws_10m_hourly,3.5,m/s,2026-05-21T08:05:11.830329
0PU18,MONOPOLI,40.919445,17.294443,2026-05-21 06:00:00,ws_2m_hourly,2.1,m/s,2026-05-21T08:05:11.830326
0PU19,TERLIZZI,41.120834,16.549168,2026-05-21 06:00:00,precip_10min_interval,0.0,mm,2026-05-21T08:05:06.143571
0PU19,TERLIZZI,41.120834,16.549168,2026-05-21 06:00:00,rh_hourly,71.0,%,2026-05-21T08:05:03.965015
0PU19,TERLIZZI,41.120834,16.549168,2026-05-21 06:00:00,rs_hourly,20.8,W/m²,2026-05-21T08:05:09.235328
0PU19,TERLIZZI,41.120834,16.549168,2026-05-21 06:00:00,tair_hourly,15.2,°C,2026-05-21T08:05:02.582993
0PU19,TERLIZZI,41.120834,16.549168,2026-05-21 06:00:00,ws_10m_hourly,1.4,m/s,2026-05-21T08:05:11.830459
0PU19,TERLIZZI,41.120834,16.549168,2026-05-21 06:00:00,ws_2m_hourly,0.5,m/s,2026-05-21T08:05:11.830456
0PU20,VILLA CASTELLI,40.553055,17.504444,2026-05-21 06:00:00,precip_10min_interval,0.0,mm,2026-05-21T08:05:06.143634
0PU20,VILLA CASTELLI,40.553055,17.504444,2026-05-21 06:00:00,rh_hourly,69.0,%,2026-05-21T08:05:03.965027
0PU20,VILLA CASTELLI,40.553055,17.504444,2026-05-21 06:00:00,rs_hourly,18.9,W/m²,2026-05-21T08:05:09.235343
0PU20,VILLA CASTELLI,40.553055,17.504444,2026-05-21 06:00:00,tair_hourly,16.0,°C,2026-05-21T08:05:02.583006
0PU20,VILLA CASTELLI,40.553055,17.504444,2026-05-21 06:00:00,ws_10m_hourly,4.5,m/s,2026-05-21T08:05:11.830588
0PU20,VILLA CASTELLI,40.553055,17.504444,2026-05-21 06:00:00,ws_2m_hourly,2.4,m/s,2026-05-21T08:05:11.830585
0PU21,CAROVIGNO,40.691944,17.630278,2026-05-21 06:00:00,precip_10min_interval,0.0,mm,2026-05-21T08:05:06.143697
0PU21,CAROVIGNO,40.691944,17.630278,2026-05-21 06:00:00,rh_hourly,73.0,%,2026-05-21T08:05:03.965039
0PU21,CAROVIGNO,40.691944,17.630278,2026-05-21 06:00:00,rs_hourly,43.3,W/m²,2026-05-21T08:05:09.235358
0PU21,CAROVIGNO,40.691944,17.630278,2026-05-21 06:00:00,tair_hourly,16.6,°C,2026-05-21T08:05:02.583018
0PU21,CAROVIGNO,40.691944,17.630278,2026-05-21 06:00:00,ws_10m_hourly,3.9,m/s,2026-05-21T08:05:11.830717
0PU21,CAROVIGNO,40.691944,17.630278,2026-05-21 06:00:00,ws_2m_hourly,1.2,m/s,2026-05-21T08:05:11.830714
0PU22,APRICENA,41.773335,15.438611,2026-05-21 06:00:00,precip_10min_interval,0.0,mm,2026-05-21T08:05:06.143764
0PU22,APRICENA,41.773335,15.438611,2026-05-21 06:00:00,rh_hourly,80.0,%,2026-05-21T08:05:03.965053
0PU22,APRICENA,41.773335,15.438611,2026-05-21 06:00:00,rs_hourly,14.0,W/m²,2026-05-21T08:05:09.235372
0PU22,APRICENA,41.773335,15.438611,2026-05-21 06:00:00,tair_hourly,13.4,°C,2026-05-21T08:05:02.583033
0PU22,APRICENA,41.773335,15.438611,2026-05-21 06:00:00,ws_10m_hourly,2.0,m/s,2026-05-21T08:05:11.830854
0PU22,APRICENA,41.773335,15.438611,2026-05-21 06:00:00,ws_2m_hourly,0.0,m/s,2026-05-21T08:05:11.830851
0PU23,MANFREDONIA,41.541389,15.885833,2026-05-21 06:00:00,precip_10min_interval,0.0,mm,2026-05-21T08:05:06.143828
0PU23,MANFREDONIA,41.541389,15.885833,2026-05-21 06:00:00,rh_hourly,71.0,%,2026-05-21T08:05:03.965067
0PU23,MANFREDONIA,41.541389,15.885833,2026-05-21 06:00:00,rs_hourly,19.2,W/m²,2026-05-21T08:05:09.235384
0PU23,MANFREDONIA,41.541389,15.885833,2026-05-21 06:00:00,tair_hourly,17.7,°C,2026-05-21T08:05:02.583047
0PU23,MANFREDONIA,41.541389,15.885833,2026-05-21 06:00:00,ws_10m_hourly,4.6,m/s,2026-05-21T08:05:11.830987
0PU23,MANFREDONIA,41.541389,15.885833,2026-05-21 06:00:00,ws_2m_hourly,1.8,m/s,2026-05-21T08:05:11.830984
0PU25,NOCIGLIA,40.034443,18.313057,2026-05-21 06:00:00,precip_10min_interval,0.0,mm,2026-05-21T08:05:06.143894
0PU25,NOCIGLIA,40.034443,18.313057,2026-05-21 06:00:00,rh_hourly,78.0,%,2026-05-21T08:05:03.965083
0PU25,NOCIGLIA,40.034443,18.313057,2026-05-21 06:00:00,rs_hourly,33.5,W/m²,2026-05-21T08:05:09.235397
0PU25,NOCIGLIA,40.034443,18.313057,2026-05-21 06:00:00,tair_hourly,15.6,°C,2026-05-21T08:05:02.583061
0PU25,NOCIGLIA,40.034443,18.313057,2026-05-21 06:00:00,ws_10m_hourly,3.4,m/s,2026-05-21T08:05:11.831115
0PU25,NOCIGLIA,40.034443,18.313057,2026-05-21 06:00:00,ws_2m_hourly,1.7,m/s,2026-05-21T08:05:11.831112
0PU27,GROTTAGLIE,40.53389,17.362778,2026-05-21 06:00:00,rh_hourly,66.0,%,2026-05-21T08:05:03.965099
0PU27,GROTTAGLIE,40.53389,17.362778,2026-05-21 06:00:00,rs_hourly,40.0,W/m²,2026-05-21T08:05:09.235412
0PU27,GROTTAGLIE,40.53389,17.362778,2026-05-21 06:00:00,tair_hourly,16.1,°C,2026-05-21T08:05:02.583076
0PU27,GROTTAGLIE,40.53389,17.362778,2026-05-21 06:00:00,ws_10m_hourly,4.5,m/s,2026-05-21T08:05:11.831242
0PU27,GROTTAGLIE,40.53389,17.362778,2026-05-21 06:00:00,ws_2m_hourly,2.2,m/s,2026-05-21T08:05:11.831239
0PU28,TRANI,41.247501,16.415556,2026-05-21 06:00:00,precip_10min_interval,0.0,mm,2026-05-21T08:05:06.143964
0PU28,TRANI,41.247501,16.415556,2026-05-21 06:00:00,rh_hourly,69.0,%,2026-05-21T08:05:03.965146
0PU28,TRANI,41.247501,16.415556,2026-05-21 06:00:00,rs_hourly,19.3,W/m²,2026-05-21T08:05:09.235421
0PU28,TRANI,41.247501,16.415556,2026-05-21 06:00:00,tair_hourly,15.6,°C,2026-05-21T08:05:02.583088
0PU28,TRANI,41.247501,16.415556,2026-05-21 06:00:00,ws_10m_hourly,3.1,m/s,2026-05-21T08:05:11.831371
0PU28,TRANI,41.247501,16.415556,2026-05-21 06:00:00,ws_2m_hourly,2.1,m/s,2026-05-21T08:05:11.831367
0PU30,NOICATTARO,41.021942,16.967777,2026-05-21 06:00:00,precip_10min_interval,0.0,mm,2026-05-21T08:05:06.144027
0PU30,NOICATTARO,41.021942,16.967777,2026-05-21 06:00:00,rh_hourly,76.0,%,2026-05-21T08:05:03.965158
0PU30,NOICATTARO,41.021942,16.967777,2026-05-21 06:00:00,rs_hourly,0.0,W/m²,2026-05-21T08:05:09.235434
0PU30,NOICATTARO,41.021942,16.967777,2026-05-21 06:00:00,tair_hourly,14.2,°C,2026-05-21T08:05:02.583100
0PU30,NOICATTARO,41.021942,16.967777,2026-05-21 06:00:00,ws_10m_hourly,2.9,m/s,2026-05-21T08:05:11.831500
0PU30,NOICATTARO,41.021942,16.967777,2026-05-21 06:00:00,ws_2m_hourly,1.4,m/s,2026-05-21T08:05:11.831496
0PU31,ALBEROBELLO,40.790558,17.233334,2026-05-21 06:00:00,precip_10min_interval,0.0,mm,2026-05-21T08:05:06.144088
0PU31,ALBEROBELLO,40.790558,17.233334,2026-05-21 06:00:00,rh_hourly,79.0,%,2026-05-21T08:05:03.965170
0PU31,ALBEROBELLO,40.790558,17.233334,2026-05-21 06:00:00,rs_hourly,38.2,W/m²,2026-05-21T08:05:09.235445
0PU31,ALBEROBELLO,40.790558,17.233334,2026-05-21 06:00:00,tair_hourly,13.0,°C,2026-05-21T08:05:02.583115
0PU31,ALBEROBELLO,40.790558,17.233334,2026-05-21 06:00:00,ws_10m_hourly,3.6,m/s,2026-05-21T08:05:11.831626
0PU31,ALBEROBELLO,40.790558,17.233334,2026-05-21 06:00:00,ws_2m_hourly,1.5,m/s,2026-05-21T08:05:11.831623
0PU33,MOCCARI,40.558334,17.851667,2026-05-21 06:00:00,precip_10min_interval,0.0,mm,2026-05-21T08:05:06.144148
0PU33,MOCCARI,40.558334,17.851667,2026-05-21 06:00:00,rh_hourly,75.0,%,2026-05-21T08:05:03.965185
0PU33,MOCCARI,40.558334,17.851667,2026-05-21 06:00:00,rs_hourly,25.3,W/m²,2026-05-21T08:05:09.235460
0PU33,MOCCARI,40.558334,17.851667,2026-05-21 06:00:00,tair_hourly,16.8,°C,2026-05-21T08:05:02.583127
0PU33,MOCCARI,40.558334,17.851667,2026-05-21 06:00:00,ws_10m_hourly,3.6,m/s,2026-05-21T08:05:11.831761
0PU33,MOCCARI,40.558334,17.851667,2026-05-21 06:00:00,ws_2m_hourly,2.0,m/s,2026-05-21T08:05:11.831756
0PU34,LATIANO,40.548332,17.688057,2026-05-21 06:00:00,precip_10min_interval,0.0,mm,2026-05-21T08:05:06.144214
0PU34,LATIANO,40.548332,17.688057,2026-05-21 06:00:00,rh_hourly,74.0,%,2026-05-21T08:05:03.965196
0PU34,LATIANO,40.548332,17.688057,2026-05-21 06:00:00,rs_hourly,15.1,W/m²,2026-05-21T08:05:09.235472
0PU34,LATIANO,40.548332,17.688057,2026-05-21 06:00:00,tair_hourly,15.4,°C,2026-05-21T08:05:02.583144
0PU34,LATIANO,40.548332,17.688057,2026-05-21 06:00:00,ws_10m_hourly,3.4,m/s,2026-05-21T08:05:11.831885
0PU34,LATIANO,40.548332,17.688057,2026-05-21 06:00:00,ws_2m_hourly,1.7,m/s,2026-05-21T08:05:11.831882
0PU35,SAN VITO DEI NORMANNI,40.629166,17.73361,2026-05-21 06:00:00,precip_10min_interval,0.0,mm,2026-05-21T08:05:06.144273
0PU35,SAN VITO DEI NORMANNI,40.629166,17.73361,2026-05-21 06:00:00,rs_hourly,28.9,W/m²,2026-05-21T08:05:09.235487
0PU35,SAN VITO DEI NORMANNI,40.629166,17.73361,2026-05-21 06:00:00,tair_hourly,16.8,°C,2026-05-21T08:05:02.583158
0PU35,SAN VITO DEI NORMANNI,40.629166,17.73361,2026-05-21 06:00:00,ws_10m_hourly,5.0,m/s,2026-05-21T08:05:11.832023
0PU35,SAN VITO DEI NORMANNI,40.629166,17.73361,2026-05-21 06:00:00,ws_2m_hourly,2.8,m/s,2026-05-21T08:05:11.832020
0PU36,VILLANOVA,41.654167,15.586667,2026-05-21 06:00:00,precip_10min_interval,0.0,mm,2026-05-21T08:05:06.144339
0PU36,VILLANOVA,41.654167,15.586667,2026-05-21 06:00:00,rh_hourly,71.0,%,2026-05-21T08:05:03.965208
0PU36,VILLANOVA,41.654167,15.586667,2026-05-21 06:00:00,rs_hourly,14.7,W/m²,2026-05-21T08:05:09.235501
0PU36,VILLANOVA,41.654167,15.586667,2026-05-21 06:00:00,tair_hourly,18.5,°C,2026-05-21T08:05:02.583173
0PU36,VILLANOVA,41.654167,15.586667,2026-05-21 06:00:00,ws_10m_hourly,8.6,m/s,2026-05-21T08:05:11.832144
0PU36,VILLANOVA,41.654167,15.586667,2026-05-21 06:00:00,ws_2m_hourly,4.6,m/s,2026-05-21T08:05:11.832141
0PU37,TROIA,41.336388,15.382778,2026-05-21 06:00:00,precip_10min_interval,0.0,mm,2026-05-21T08:05:06.144398
0PU37,TROIA,41.336388,15.382778,2026-05-21 06:00:00,rh_hourly,70.0,%,2026-05-21T08:05:03.965223
0PU37,TROIA,41.336388,15.382778,2026-05-21 06:00:00,rs_hourly,18.5,W/m²,2026-05-21T08:05:09.235513
0PU37,TROIA,41.336388,15.382778,2026-05-21 06:00:00,tair_hourly,13.4,°C,2026-05-21T08:05:02.583185
0PU37,TROIA,41.336388,15.382778,2026-05-21 06:00:00,ws_10m_hourly,4.8,m/s,2026-05-21T08:05:11.832274
0PU37,TROIA,41.336388,15.382778,2026-05-21 06:00:00,ws_2m_hourly,2.6,m/s,2026-05-21T08:05:11.832271
0PU38,BORGO LA ROCCA,41.558334,15.516111,2026-05-21 06:00:00,precip_10min_interval,0.0,mm,2026-05-21T08:05:06.144463
0PU38,BORGO LA ROCCA,41.558334,15.516111,2026-05-21 06:00:00,rh_hourly,72.0,%,2026-05-21T08:05:03.965236
0PU38,BORGO LA ROCCA,41.558334,15.516111,2026-05-21 06:00:00,rs_hourly,39.2,W/m²,2026-05-21T08:05:09.235528
0PU38,BORGO LA ROCCA,41.558334,15.516111,2026-05-21 06:00:00,tair_hourly,14.7,°C,2026-05-21T08:05:02.583197
0PU38,BORGO LA ROCCA,41.558334,15.516111,2026-05-21 06:00:00,ws_10m_hourly,3.7,m/s,2026-05-21T08:05:11.832408
0PU38,BORGO LA ROCCA,41.558334,15.516111,2026-05-21 06:00:00,ws_2m_hourly,1.5,m/s,2026-05-21T08:05:11.832405
0PU40,ARCHE,40.273888,18.013611,2026-05-21 06:00:00,precip_10min_interval,0.0,mm,2026-05-21T08:05:06.144543
0PU40,ARCHE,40.273888,18.013611,2026-05-21 06:00:00,rh_hourly,71.0,%,2026-05-21T08:05:03.965249
0PU40,ARCHE,40.273888,18.013611,2026-05-21 06:00:00,rs_hourly,26.2,W/m²,2026-05-21T08:05:09.235542
0PU40,ARCHE,40.273888,18.013611,2026-05-21 06:00:00,tair_hourly,16.4,°C,2026-05-21T08:05:02.583211
0PU40,ARCHE,40.273888,18.013611,2026-05-21 06:00:00,ws_10m_hourly,4.6,m/s,2026-05-21T08:05:11.832546
0PU40,ARCHE,40.273888,18.013611,2026-05-21 06:00:00,ws_2m_hourly,1.5,m/s,2026-05-21T08:05:11.832541
0PU41,LECCE,40.326668,18.139999,2026-05-21 06:00:00,precip_10min_interval,0.0,mm,2026-05-21T08:05:06.144609
0PU41,LECCE,40.326668,18.139999,2026-05-21 06:00:00,rh_hourly,72.0,%,2026-05-21T08:05:03.965264
0PU41,LECCE,40.326668,18.139999,2026-05-21 06:00:00,rs_hourly,36.4,W/m²,2026-05-21T08:05:09.235554
0PU41,LECCE,40.326668,18.139999,2026-05-21 06:00:00,tair_hourly,16.7,°C,2026-05-21T08:05:02.583223
0PU41,LECCE,40.326668,18.139999,2026-05-21 06:00:00,ws_10m_hourly,3.6,m/s,2026-05-21T08:05:11.832683
0PU41,LECCE,40.326668,18.139999,2026-05-21 06:00:00,ws_2m_hourly,2.3,m/s,2026-05-21T08:05:11.832680
0PU42,SALICE SALENTINO,40.390556,17.875278,2026-05-21 06:00:00,precip_10min_interval,0.0,mm,2026-05-21T08:05:06.144672
0PU42,SALICE SALENTINO,40.390556,17.875278,2026-05-21 06:00:00,rh_hourly,73.0,%,2026-05-21T08:05:03.965281
0PU42,SALICE SALENTINO,40.390556,17.875278,2026-05-21 06:00:00,rs_hourly,38.4,W/m²,2026-05-21T08:05:09.235567
0PU42,SALICE SALENTINO,40.390556,17.875278,2026-05-21 06:00:00,tair_hourly,16.5,°C,2026-05-21T08:05:02.583236
0PU42,SALICE SALENTINO,40.390556,17.875278,2026-05-21 06:00:00,ws_10m_hourly,4.7,m/s,2026-05-21T08:05:11.832816
0PU42,SALICE SALENTINO,40.390556,17.875278,2026-05-21 06:00:00,ws_2m_hourly,2.7,m/s,2026-05-21T08:05:11.832814
0PU43,LUCUGNANO,39.930279,18.3225,2026-05-21 06:00:00,precip_10min_interval,0.0,mm,2026-05-21T08:05:06.144741
0PU43,LUCUGNANO,39.930279,18.3225,2026-05-21 06:00:00,rh_hourly,77.0,%,2026-05-21T08:05:03.965293
0PU43,LUCUGNANO,39.930279,18.3225,2026-05-21 06:00:00,rs_hourly,26.6,W/m²,2026-05-21T08:05:09.235582
0PU43,LUCUGNANO,39.930279,18.3225,2026-05-21 06:00:00,tair_hourly,15.5,°C,2026-05-21T08:05:02.583251
0PU43,LUCUGNANO,39.930279,18.3225,2026-05-21 06:00:00,ws_10m_hourly,3.2,m/s,2026-05-21T08:05:11.832958
0PU43,LUCUGNANO,39.930279,18.3225,2026-05-21 06:00:00,ws_2m_hourly,1.7,m/s,2026-05-21T08:05:11.832955
0PU44,MANDURIA,40.381943,17.621111,2026-05-21 06:00:00,precip_10min_interval,0.0,mm,2026-05-21T08:05:06.144802
0PU44,MANDURIA,40.381943,17.621111,2026-05-21 06:00:00,rh_hourly,67.0,%,2026-05-21T08:05:03.965305
0PU44,MANDURIA,40.381943,17.621111,2026-05-21 06:00:00,rs_hourly,24.3,W/m²,2026-05-21T08:05:09.235595
0PU44,MANDURIA,40.381943,17.621111,2026-05-21 06:00:00,tair_hourly,16.8,°C,2026-05-21T08:05:02.583263
0PU44,MANDURIA,40.381943,17.621111,2026-05-21 06:00:00,ws_10m_hourly,4.9,m/s,2026-05-21T08:05:11.833092
0PU44,MANDURIA,40.381943,17.621111,2026-05-21 06:00:00,ws_2m_hourly,3.2,m/s,2026-05-21T08:05:11.833089
0PU45,MOTTOLA,40.675556,16.996111,2026-05-21 06:00:00,precip_10min_interval,0.0,mm,2026-05-21T08:05:06.144868
0PU45,MOTTOLA,40.675556,16.996111,2026-05-21 06:00:00,rh_hourly,74.0,%,2026-05-21T08:05:03.965322
0PU45,MOTTOLA,40.675556,16.996111,2026-05-21 06:00:00,rs_hourly,28.0,W/m²,2026-05-21T08:05:09.235607
0PU45,MOTTOLA,40.675556,16.996111,2026-05-21 06:00:00,tair_hourly,14.6,°C,2026-05-21T08:05:02.583277
0PU45,MOTTOLA,40.675556,16.996111,2026-05-21 06:00:00,ws_10m_hourly,4.7,m/s,2026-05-21T08:05:11.833226
0PU45,MOTTOLA,40.675556,16.996111,2026-05-21 06:00:00,ws_2m_hourly,1.9,m/s,2026-05-21T08:05:11.833223
0PU46,MASSAFRA,40.582779,17.091944,2026-05-21 06:00:00,precip_10min_interval,0.0,mm,2026-05-21T08:05:06.144930
0PU46,MASSAFRA,40.582779,17.091944,2026-05-21 06:00:00,rh_hourly,61.0,%,2026-05-21T08:05:03.965334
0PU46,MASSAFRA,40.582779,17.091944,2026-05-21 06:00:00,rs_hourly,29.7,W/m²,2026-05-21T08:05:09.235616
0PU46,MASSAFRA,40.582779,17.091944,2026-05-21 06:00:00,tair_hourly,16.1,°C,2026-05-21T08:05:02.583291
0PU46,MASSAFRA,40.582779,17.091944,2026-05-21 06:00:00,ws_10m_hourly,5.3,m/s,2026-05-21T08:05:11.833348
0PU46,MASSAFRA,40.582779,17.091944,2026-05-21 06:00:00,ws_2m_hourly,3.1,m/s,2026-05-21T08:05:11.833345
0PU47,CASTELLANETA,40.494446,16.878889,2026-05-21 06:00:00,precip_10min_interval,0.0,mm,2026-05-21T08:05:06.145006
0PU47,CASTELLANETA,40.494446,16.878889,2026-05-21 06:00:00,rh_hourly,56.0,%,2026-05-21T08:05:03.965346
0PU47,CASTELLANETA,40.494446,16.878889,2026-05-21 06:00:00,rs_hourly,21.6,W/m²,2026-05-21T08:05:09.235632
0PU47,CASTELLANETA,40.494446,16.878889,2026-05-21 06:00:00,tair_hourly,15.6,°C,2026-05-21T08:05:02.583304
0PU47,CASTELLANETA,40.494446,16.878889,2026-05-21 06:00:00,ws_10m_hourly,4.8,m/s,2026-05-21T08:05:11.833481
0PU47,CASTELLANETA,40.494446,16.878889,2026-05-21 06:00:00,ws_2m_hourly,2.1,m/s,2026-05-21T08:05:11.833478
0PU48,BARI C.N.R. IRSA,41.116943,16.820557,2026-05-21 06:00:00,precip_10min_interval,0.0,mm,2026-05-21T08:05:06.145071
0PU48,BARI C.N.R. IRSA,41.116943,16.820557,2026-05-21 06:00:00,rh_hourly,65.0,%,2026-05-21T08:05:03.965360
0PU48,BARI C.N.R. IRSA,41.116943,16.820557,2026-05-21 06:00:00,rs_hourly,16.4,W/m²,2026-05-21T08:05:09.235641
0PU48,BARI C.N.R. IRSA,41.116943,16.820557,2026-05-21 06:00:00,tair_hourly,17.1,°C,2026-05-21T08:05:02.583319
0PU48,BARI C.N.R. IRSA,41.116943,16.820557,2026-05-21 06:00:00,ws_10m_hourly,3.2,m/s,2026-05-21T08:05:11.833605
0PU48,BARI C.N.R. IRSA,41.116943,16.820557,2026-05-21 06:00:00,ws_2m_hourly,2.0,m/s,2026-05-21T08:05:11.833602
0PU49,LOCOROTONDO ITAS,40.757221,17.340834,2026-05-21 06:00:00,precip_10min_interval,0.0,mm,2026-05-21T08:05:06.145135
0PU49,LOCOROTONDO ITAS,40.757221,17.340834,2026-05-21 06:00:00,rh_hourly,75.0,%,2026-05-21T08:05:03.965372
0PU49,LOCOROTONDO ITAS,40.757221,17.340834,2026-05-21 06:00:00,rs_hourly,31.4,W/m²,2026-05-21T08:05:09.235653
0PU49,LOCOROTONDO ITAS,40.757221,17.340834,2026-05-21 06:00:00,tair_hourly,13.4,°C,2026-05-21T08:05:02.583331
0PU49,LOCOROTONDO ITAS,40.757221,17.340834,2026-05-21 06:00:00,ws_10m_hourly,3.4,m/s,2026-05-21T08:05:11.833739
0PU49,LOCOROTONDO ITAS,40.757221,17.340834,2026-05-21 06:00:00,ws_2m_hourly,2.0,m/s,2026-05-21T08:05:11.833736
0PU53,TORITTO,40.957222,16.567223,2026-05-21 06:00:00,precip_10min_interval,0.0,mm,2026-05-21T08:05:06.145202
0PU53,TORITTO,40.957222,16.567223,2026-05-21 06:00:00,rh_hourly,72.0,%,2026-05-21T08:05:03.965384
0PU53,TORITTO,40.957222,16.567223,2026-05-21 06:00:00,rs_hourly,16.2,W/m²,2026-05-21T08:05:09.235665
0PU53,TORITTO,40.957222,16.567223,2026-05-21 06:00:00,tair_hourly,14.4,°C,2026-05-21T08:05:02.583345
0PU53,TORITTO,40.957222,16.567223,2026-05-21 06:00:00,ws_10m_hourly,6.1,m/s,2026-05-21T08:05:11.833871
0PU53,TORITTO,40.957222,16.567223,2026-05-21 06:00:00,ws_2m_hourly,5.0,m/s,2026-05-21T08:05:11.833868
0PU54,TORRE SANTA SUSANNA,40.459442,17.724722,2026-05-21 06:00:00,precip_10min_interval,0.0,mm,2026-05-21T08:05:06.145266
0PU54,TORRE SANTA SUSANNA,40.459442,17.724722,2026-05-21 06:00:00,rh_hourly,73.0,%,2026-05-21T08:05:03.965399
0PU54,TORRE SANTA SUSANNA,40.459442,17.724722,2026-05-21 06:00:00,rs_hourly,22.7,W/m²,2026-05-21T08:05:09.235679
0PU54,TORRE SANTA SUSANNA,40.459442,17.724722,2026-05-21 06:00:00,tair_hourly,15.3,°C,2026-05-21T08:05:02.583357
0PU54,TORRE SANTA SUSANNA,40.459442,17.724722,2026-05-21 06:00:00,ws_10m_hourly,3.3,m/s,2026-05-21T08:05:11.834019
0PU54,TORRE SANTA SUSANNA,40.459442,17.724722,2026-05-21 06:00:00,ws_2m_hourly,0.3,m/s,2026-05-21T08:05:11.834016
0PU55,LESINA-RIPALTA,41.8475,15.266111,2026-05-21 06:00:00,precip_10min_interval,0.0,mm,2026-05-21T08:05:06.145334
0PU55,LESINA-RIPALTA,41.8475,15.266111,2026-05-21 06:00:00,rh_hourly,67.0,%,2026-05-21T08:05:03.965412
0PU55,LESINA-RIPALTA,41.8475,15.266111,2026-05-21 06:00:00,rs_hourly,20.4,W/m²,2026-05-21T08:05:09.235691
0PU55,LESINA-RIPALTA,41.8475,15.266111,2026-05-21 06:00:00,tair_hourly,16.2,°C,2026-05-21T08:05:02.583372
0PU55,LESINA-RIPALTA,41.8475,15.266111,2026-05-21 06:00:00,ws_10m_hourly,3.3,m/s,2026-05-21T08:05:11.834158
0PU55,LESINA-RIPALTA,41.8475,15.266111,2026-05-21 06:00:00,ws_2m_hourly,2.0,m/s,2026-05-21T08:05:11.834155
0PU56,CARLANTINO,41.588333,14.983611,2026-05-21 06:00:00,precip_10min_interval,0.0,mm,2026-05-21T08:05:06.145403
0PU56,CARLANTINO,41.588333,14.983611,2026-05-21 06:00:00,rh_hourly,66.0,%,2026-05-21T08:05:03.965424
0PU56,CARLANTINO,41.588333,14.983611,2026-05-21 06:00:00,tair_hourly,13.0,°C,2026-05-21T08:05:02.583387
0PU56,CARLANTINO,41.588333,14.983611,2026-05-21 06:00:00,ws_10m_hourly,4.5,m/s,2026-05-21T08:05:11.834291
0PU56,CARLANTINO,41.588333,14.983611,2026-05-21 06:00:00,ws_2m_hourly,2.8,m/s,2026-05-21T08:05:11.834288
0PU57,SANT'AGATA DI PUGLIA,41.150276,15.46,2026-05-21 06:00:00,precip_10min_interval,0.0,mm,2026-05-21T08:05:06.145466
0PU57,SANT'AGATA DI PUGLIA,41.150276,15.46,2026-05-21 06:00:00,rh_hourly,60.0,%,2026-05-21T08:05:03.965437
0PU57,SANT'AGATA DI PUGLIA,41.150276,15.46,2026-05-21 06:00:00,rs_hourly,16.5,W/m²,2026-05-21T08:05:09.235706
0PU57,SANT'AGATA DI PUGLIA,41.150276,15.46,2026-05-21 06:00:00,tair_hourly,15.3,°C,2026-05-21T08:05:02.583399
0PU57,SANT'AGATA DI PUGLIA,41.150276,15.46,2026-05-21 06:00:00,ws_10m_hourly,2.7,m/s,2026-05-21T08:05:11.834427
0PU57,SANT'AGATA DI PUGLIA,41.150276,15.46,2026-05-21 06:00:00,ws_2m_hourly,1.3,m/s,2026-05-21T08:05:11.834424
0PU58,GINOSA,40.556389,16.843611,2026-05-21 06:00:00,precip_10min_interval,0.0,mm,2026-05-21T08:05:06.145535
0PU58,GINOSA,40.556389,16.843611,2026-05-21 06:00:00,rh_hourly,66.0,%,2026-05-21T08:05:03.965453
0PU58,GINOSA,40.556389,16.843611,2026-05-21 06:00:00,rs_hourly,43.2,W/m²,2026-05-21T08:05:09.235721
0PU58,GINOSA,40.556389,16.843611,2026-05-21 06:00:00,tair_hourly,15.9,°C,2026-05-21T08:05:02.583411
0PU58,GINOSA,40.556389,16.843611,2026-05-21 06:00:00,ws_10m_hourly,5.7,m/s,2026-05-21T08:05:11.834567
0PU58,GINOSA,40.556389,16.843611,2026-05-21 06:00:00,ws_2m_hourly,4.4,m/s,2026-05-21T08:05:11.834564
0PU59,PALAGIANELLO,40.578335,16.975279,2026-05-21 06:00:00,precip_10min_interval,0.0,mm,2026-05-21T08:05:06.145604
0PU59,PALAGIANELLO,40.578335,16.975279,2026-05-21 06:00:00,rh_hourly,72.0,%,2026-05-21T08:05:03.965465
0PU59,PALAGIANELLO,40.578335,16.975279,2026-05-21 06:00:00,rs_hourly,20.3,W/m²,2026-05-21T08:05:09.235733
0PU59,PALAGIANELLO,40.578335,16.975279,2026-05-21 06:00:00,tair_hourly,15.2,°C,2026-05-21T08:05:02.583428
0PU59,PALAGIANELLO,40.578335,16.975279,2026-05-21 06:00:00,ws_10m_hourly,4.5,m/s,2026-05-21T08:05:11.834703
0PU59,PALAGIANELLO,40.578335,16.975279,2026-05-21 06:00:00,ws_2m_hourly,2.9,m/s,2026-05-21T08:05:11.834700
0PU60,MINERVINO DI LECCE,40.093613,18.418612,2026-05-21 06:00:00,precip_10min_interval,0.0,mm,2026-05-21T08:05:06.145671
0PU60,MINERVINO DI LECCE,40.093613,18.418612,2026-05-21 06:00:00,rh_hourly,82.0,%,2026-05-21T08:05:03.965477
0PU60,MINERVINO DI LECCE,40.093613,18.418612,2026-05-21 06:00:00,rs_hourly,37.2,W/m²,2026-05-21T08:05:09.235745
0PU60,MINERVINO DI LECCE,40.093613,18.418612,2026-05-21 06:00:00,tair_hourly,16.1,°C,2026-05-21T08:05:02.583439
0PU60,MINERVINO DI LECCE,40.093613,18.418612,2026-05-21 06:00:00,ws_10m_hourly,4.7,m/s,2026-05-21T08:05:11.834840
0PU60,MINERVINO DI LECCE,40.093613,18.418612,2026-05-21 06:00:00,ws_2m_hourly,3.1,m/s,2026-05-21T08:05:11.834837
0PU61,NARDO',40.171391,17.976389,2026-05-21 06:00:00,precip_10min_interval,0.0,mm,2026-05-21T08:05:06.145740
0PU61,NARDO',40.171391,17.976389,2026-05-21 06:00:00,rh_hourly,69.0,%,2026-05-21T08:05:03.965491
0PU61,NARDO',40.171391,17.976389,2026-05-21 06:00:00,rs_hourly,22.3,W/m²,2026-05-21T08:05:09.235759
0PU61,NARDO',40.171391,17.976389,2026-05-21 06:00:00,tair_hourly,16.8,°C,2026-05-21T08:05:02.583452
0PU61,NARDO',40.171391,17.976389,2026-05-21 06:00:00,ws_10m_hourly,5.9,m/s,2026-05-21T08:05:11.834991
0PU61,NARDO',40.171391,17.976389,2026-05-21 06:00:00,ws_2m_hourly,2.1,m/s,2026-05-21T08:05:11.834988
MBA20,IPSAA,41.22139,16.049723,2026-05-21 06:00:00,precip_10min_interval,0.0,mm,2026-05-21T08:05:06.145809
MBA20,IPSAA,41.22139,16.049723,2026-05-21 06:00:00,rh_hourly,85.0,%,2026-05-21T08:05:03.965503
MBA20,IPSAA,41.22139,16.049723,2026-05-21 06:00:00,tair_hourly,11.9,°C,2026-05-21T08:05:02.583464
MBA20,IPSAA,41.22139,16.049723,2026-05-21 06:00:00,ws_2m_hourly,0.6,m/s,2026-05-21T08:05:11.835106
MBA21,MONTEGROSSO,41.132778,16.185833,2026-05-21 06:00:00,precip_10min_interval,0.0,mm,2026-05-21T08:05:06.145879
MBA21,MONTEGROSSO,41.132778,16.185833,2026-05-21 06:00:00,rh_hourly,72.0,%,2026-05-21T08:05:03.965515
MBA21,MONTEGROSSO,41.132778,16.185833,2026-05-21 06:00:00,tair_hourly,13.2,°C,2026-05-21T08:05:02.583481
MBA21,MONTEGROSSO,41.132778,16.185833,2026-05-21 06:00:00,ws_2m_hourly,2.4,m/s,2026-05-21T08:05:11.835178
MBA22,S.P. SANTERAMO,40.80611,16.591389,2026-05-21 06:00:00,precip_10min_interval,0.0,mm,2026-05-21T08:05:06.145955
MBA22,S.P. SANTERAMO,40.80611,16.591389,2026-05-21 06:00:00,rh_hourly,86.0,%,2026-05-21T08:05:03.965532
MBA22,S.P. SANTERAMO,40.80611,16.591389,2026-05-21 06:00:00,tair_hourly,12.2,°C,2026-05-21T08:05:02.583493
MBA22,S.P. SANTERAMO,40.80611,16.591389,2026-05-21 06:00:00,ws_2m_hourly,2.5,m/s,2026-05-21T08:05:11.835247
MBA24,CASSANO DELLE MURGE,40.918888,16.78861,2026-05-21 06:00:00,precip_10min_interval,0.0,mm,2026-05-21T08:05:06.146026
MBA24,CASSANO DELLE MURGE,40.918888,16.78861,2026-05-21 06:00:00,rh_hourly,76.0,%,2026-05-21T08:05:03.965544
MBA24,CASSANO DELLE MURGE,40.918888,16.78861,2026-05-21 06:00:00,tair_hourly,14.7,°C,2026-05-21T08:05:02.583505
MBA24,CASSANO DELLE MURGE,40.918888,16.78861,2026-05-21 06:00:00,ws_2m_hourly,2.7,m/s,2026-05-21T08:05:11.835314
MBA25,SANTERAMO IN COLLE,40.78611,16.775833,2026-05-21 06:00:00,precip_10min_interval,0.0,mm,2026-05-21T08:05:06.146096
MBA25,SANTERAMO IN COLLE,40.78611,16.775833,2026-05-21 06:00:00,rh_hourly,71.0,%,2026-05-21T08:05:03.965558
MBA25,SANTERAMO IN COLLE,40.78611,16.775833,2026-05-21 06:00:00,tair_hourly,13.6,°C,2026-05-21T08:05:02.583520
MBA25,SANTERAMO IN COLLE,40.78611,16.775833,2026-05-21 06:00:00,ws_2m_hourly,2.5,m/s,2026-05-21T08:05:11.835383
MBA26,CAMPO SPER. UNIBA,41.023609,16.906389,2026-05-21 06:00:00,precip_10min_interval,0.0,mm,2026-05-21T08:05:06.146165
MBA26,CAMPO SPER. UNIBA,41.023609,16.906389,2026-05-21 06:00:00,rh_hourly,86.0,%,2026-05-21T08:05:03.965570
MBA26,CAMPO SPER. UNIBA,41.023609,16.906389,2026-05-21 06:00:00,tair_hourly,14.0,°C,2026-05-21T08:05:02.583532
MBA26,CAMPO SPER. UNIBA,41.023609,16.906389,2026-05-21 06:00:00,ws_2m_hourly,2.4,m/s,2026-05-21T08:05:11.835451
MBA27,SERRONE(AZ.AGR.MANCINI),40.921391,16.947222,2026-05-21 06:00:00,precip_10min_interval,0.0,mm,2026-05-21T08:05:06.146235
MBA27,SERRONE(AZ.AGR.MANCINI),40.921391,16.947222,2026-05-21 06:00:00,rh_hourly,81.0,%,2026-05-21T08:05:03.965584
MBA27,SERRONE(AZ.AGR.MANCINI),40.921391,16.947222,2026-05-21 06:00:00,tair_hourly,13.8,°C,2026-05-21T08:05:02.583544
MBA27,SERRONE(AZ.AGR.MANCINI),40.921391,16.947222,2026-05-21 06:00:00,ws_2m_hourly,2.6,m/s,2026-05-21T08:05:11.835520
MBA28,MURGIA ANTICI,40.715557,17.106667,2026-05-21 06:00:00,precip_10min_interval,0.0,mm,2026-05-21T08:05:06.146305
MBA28,MURGIA ANTICI,40.715557,17.106667,2026-05-21 06:00:00,rh_hourly,83.0,%,2026-05-21T08:05:03.965595
MBA28,MURGIA ANTICI,40.715557,17.106667,2026-05-21 06:00:00,tair_hourly,12.3,°C,2026-05-21T08:05:02.583558
MBA28,MURGIA ANTICI,40.715557,17.106667,2026-05-21 06:00:00,ws_2m_hourly,2.5,m/s,2026-05-21T08:05:11.835593
MBA29,LAMENDOLA I,40.812222,17.164167,2026-05-21 06:00:00,precip_10min_interval,0.0,mm,2026-05-21T08:05:06.146374
MBA29,LAMENDOLA I,40.812222,17.164167,2026-05-21 06:00:00,rh_hourly,83.0,%,2026-05-21T08:05:03.965607
MBA29,LAMENDOLA I,40.812222,17.164167,2026-05-21 06:00:00,tair_hourly,12.3,°C,2026-05-21T08:05:02.583573
MBA29,LAMENDOLA I,40.812222,17.164167,2026-05-21 06:00:00,ws_2m_hourly,2.3,m/s,2026-05-21T08:05:11.835660
MBR30,FASCIANELLO,40.860279,17.364166,2026-05-21 06:00:00,precip_10min_interval,0.0,mm,2026-05-21T08:05:06.146444
MBR30,FASCIANELLO,40.860279,17.364166,2026-05-21 06:00:00,rh_hourly,68.0,%,2026-05-21T08:05:03.965623
MBR30,FASCIANELLO,40.860279,17.364166,2026-05-21 06:00:00,tair_hourly,17.3,°C,2026-05-21T08:05:02.583588
MBR30,FASCIANELLO,40.860279,17.364166,2026-05-21 06:00:00,ws_2m_hourly,4.4,m/s,2026-05-21T08:05:11.835732
MBR31,FERRUZZO,40.62389,17.497499,2026-05-21 06:00:00,precip_10min_interval,0.0,mm,2026-05-21T08:05:06.146511
MBR31,FERRUZZO,40.62389,17.497499,2026-05-21 06:00:00,rh_hourly,77.0,%,2026-05-21T08:05:03.965635
MBR31,FERRUZZO,40.62389,17.497499,2026-05-21 06:00:00,tair_hourly,13.9,°C,2026-05-21T08:05:02.583600
MBR31,FERRUZZO,40.62389,17.497499,2026-05-21 06:00:00,ws_2m_hourly,2.6,m/s,2026-05-21T08:05:11.835801
MFG01,S. LUCIA,41.470554,15.363889,2026-05-21 06:00:00,precip_10min_interval,0.0,mm,2026-05-21T08:05:06.146581
MFG01,S. LUCIA,41.470554,15.363889,2026-05-21 06:00:00,rh_hourly,79.0,%,2026-05-21T08:05:03.965647
MFG01,S. LUCIA,41.470554,15.363889,2026-05-21 06:00:00,tair_hourly,11.2,°C,2026-05-21T08:05:02.583614
MFG01,S. LUCIA,41.470554,15.363889,2026-05-21 06:00:00,ws_2m_hourly,0.6,m/s,2026-05-21T08:05:11.835870
MFG02,SERRA DEI BISI,41.347778,15.282778,2026-05-21 06:00:00,precip_10min_interval,0.0,mm,2026-05-21T08:05:06.146651
MFG02,SERRA DEI BISI,41.347778,15.282778,2026-05-21 06:00:00,rh_hourly,61.0,%,2026-05-21T08:05:03.965662
MFG02,SERRA DEI BISI,41.347778,15.282778,2026-05-21 06:00:00,tair_hourly,13.7,°C,2026-05-21T08:05:02.583627
MFG02,SERRA DEI BISI,41.347778,15.282778,2026-05-21 06:00:00,ws_2m_hourly,1.9,m/s,2026-05-21T08:05:11.835947
MFG03,LA PESCIA,41.40889,15.756667,2026-05-21 06:00:00,precip_10min_interval,0.0,mm,2026-05-21T08:05:06.146723
MFG03,LA PESCIA,41.40889,15.756667,2026-05-21 06:00:00,rh_hourly,76.0,%,2026-05-21T08:05:03.965674
MFG03,LA PESCIA,41.40889,15.756667,2026-05-21 06:00:00,tair_hourly,15.3,°C,2026-05-21T08:05:02.583639
MFG03,LA PESCIA,41.40889,15.756667,2026-05-21 06:00:00,ws_2m_hourly,3.0,m/s,2026-05-21T08:05:11.836020
MFG04,TRE SANTI,41.393612,15.848056,2026-05-21 06:00:00,precip_10min_interval,0.0,mm,2026-05-21T08:05:06.146787
MFG04,TRE SANTI,41.393612,15.848056,2026-05-21 06:00:00,rh_hourly,71.0,%,2026-05-21T08:05:03.965685
MFG04,TRE SANTI,41.393612,15.848056,2026-05-21 06:00:00,tair_hourly,16.2,°C,2026-05-21T08:05:02.583655
MFG04,TRE SANTI,41.393612,15.848056,2026-05-21 06:00:00,ws_2m_hourly,3.1,m/s,2026-05-21T08:05:11.836089
MFG05,RIVOLI,41.470833,15.929444,2026-05-21 06:00:00,precip_10min_interval,0.0,mm,2026-05-21T08:05:06.146867
MFG05,RIVOLI,41.470833,15.929444,2026-05-21 06:00:00,rh_hourly,77.0,%,2026-05-21T08:05:03.965702
MFG05,RIVOLI,41.470833,15.929444,2026-05-21 06:00:00,ws_2m_hourly,1.7,m/s,2026-05-21T08:05:11.836162
MFG06,TAVOLETTA,41.194168,15.932222,2026-05-21 06:00:00,precip_10min_interval,0.0,mm,2026-05-21T08:05:06.146934
MFG06,TAVOLETTA,41.194168,15.932222,2026-05-21 06:00:00,rh_hourly,75.0,%,2026-05-21T08:05:03.965714
MFG06,TAVOLETTA,41.194168,15.932222,2026-05-21 06:00:00,tair_hourly,15.3,°C,2026-05-21T08:05:02.583667
MFG06,TAVOLETTA,41.194168,15.932222,2026-05-21 06:00:00,ws_2m_hourly,3.6,m/s,2026-05-21T08:05:11.836234
MFG07,COPPA D'ORO,41.421665,15.606944,2026-05-21 06:00:00,precip_10min_interval,0.0,mm,2026-05-21T08:05:06.147014
MFG07,COPPA D'ORO,41.421665,15.606944,2026-05-21 06:00:00,rh_hourly,64.0,%,2026-05-21T08:05:03.965726
MFG07,COPPA D'ORO,41.421665,15.606944,2026-05-21 06:00:00,tair_hourly,16.8,°C,2026-05-21T08:05:02.583679
MFG07,COPPA D'ORO,41.421665,15.606944,2026-05-21 06:00:00,ws_2m_hourly,4.8,m/s,2026-05-21T08:05:11.836301
MFG09,ARIOLA,41.8325,15.859722,2026-05-21 06:00:00,precip_10min_interval,0.0,mm,2026-05-21T08:05:06.147088
MFG09,ARIOLA,41.8325,15.859722,2026-05-21 06:00:00,rh_hourly,100.0,%,2026-05-21T08:05:03.965740
MFG09,ARIOLA,41.8325,15.859722,2026-05-21 06:00:00,tair_hourly,16.1,°C,2026-05-21T08:05:02.583693
MFG09,ARIOLA,41.8325,15.859722,2026-05-21 06:00:00,ws_2m_hourly,0.4,m/s,2026-05-21T08:05:11.836372
MFG10,MATINE CARNE SALATA,41.651943,15.706389,2026-05-21 06:00:00,precip_10min_interval,0.0,mm,2026-05-21T08:05:06.147157
MFG10,MATINE CARNE SALATA,41.651943,15.706389,2026-05-21 06:00:00,rh_hourly,80.0,%,2026-05-21T08:05:03.965754
MFG10,MATINE CARNE SALATA,41.651943,15.706389,2026-05-21 06:00:00,tair_hourly,15.3,°C,2026-05-21T08:05:02.583711
MFG10,MATINE CARNE SALATA,41.651943,15.706389,2026-05-21 06:00:00,ws_2m_hourly,1.1,m/s,2026-05-21T08:05:11.836448
MFG11,SELVA DELLE GROTTE,41.714722,15.148056,2026-05-21 06:00:00,precip_10min_interval,0.0,mm,2026-05-21T08:05:06.147227
MFG11,SELVA DELLE GROTTE,41.714722,15.148056,2026-05-21 06:00:00,rh_hourly,78.0,%,2026-05-21T08:05:03.965766
MFG11,SELVA DELLE GROTTE,41.714722,15.148056,2026-05-21 06:00:00,tair_hourly,12.1,°C,2026-05-21T08:05:02.583723
MFG11,SELVA DELLE GROTTE,41.714722,15.148056,2026-05-21 06:00:00,ws_2m_hourly,1.0,m/s,2026-05-21T08:05:11.836518
MFG13,BISCIGLIETO,41.142502,15.662778,2026-05-21 06:00:00,precip_10min_interval,0.0,mm,2026-05-21T08:05:06.147295
MFG13,BISCIGLIETO,41.142502,15.662778,2026-05-21 06:00:00,rh_hourly,69.0,%,2026-05-21T08:05:03.965778
MFG13,BISCIGLIETO,41.142502,15.662778,2026-05-21 06:00:00,tair_hourly,15.2,°C,2026-05-21T08:05:02.583735
MFG13,BISCIGLIETO,41.142502,15.662778,2026-05-21 06:00:00,ws_2m_hourly,5.7,m/s,2026-05-21T08:05:11.836586
MFG14,S. LUCIA,41.922779,15.874722,2026-05-21 06:00:00,precip_10min_interval,0.0,mm,2026-05-21T08:05:06.147364
MFG14,S. LUCIA,41.922779,15.874722,2026-05-21 06:00:00,rh_hourly,86.0,%,2026-05-21T08:05:03.965798
MFG14,S. LUCIA,41.922779,15.874722,2026-05-21 06:00:00,tair_hourly,16.8,°C,2026-05-21T08:05:02.583750
MFG14,S. LUCIA,41.922779,15.874722,2026-05-21 06:00:00,ws_2m_hourly,0.9,m/s,2026-05-21T08:05:11.836656
MFG15,CASA LORDA,41.62389,15.403056,2026-05-21 06:00:00,precip_10min_interval,0.0,mm,2026-05-21T08:05:06.147432
MFG15,CASA LORDA,41.62389,15.403056,2026-05-21 06:00:00,rh_hourly,84.0,%,2026-05-21T08:05:03.965810
MFG15,CASA LORDA,41.62389,15.403056,2026-05-21 06:00:00,tair_hourly,12.1,°C,2026-05-21T08:05:02.583762
MFG15,CASA LORDA,41.62389,15.403056,2026-05-21 06:00:00,ws_2m_hourly,1.1,m/s,2026-05-21T08:05:11.836724
MFG16,QUERCIA COPPE,41.693054,15.756944,2026-05-21 06:00:00,precip_10min_interval,0.0,mm,2026-05-21T08:05:06.147502
MFG16,QUERCIA COPPE,41.693054,15.756944,2026-05-21 06:00:00,rh_hourly,91.0,%,2026-05-21T08:05:03.965821
MFG16,QUERCIA COPPE,41.693054,15.756944,2026-05-21 06:00:00,tair_hourly,12.6,°C,2026-05-21T08:05:02.583774
MFG16,QUERCIA COPPE,41.693054,15.756944,2026-05-21 06:00:00,ws_2m_hourly,4.6,m/s,2026-05-21T08:05:11.836795
MFG17,CARRO CHIUSO,41.284168,16.077223,2026-05-21 06:00:00,precip_10min_interval,0.0,mm,2026-05-21T08:05:06.147572
MFG17,CARRO CHIUSO,41.284168,16.077223,2026-05-21 06:00:00,rh_hourly,80.0,%,2026-05-21T08:05:03.965837
MFG17,CARRO CHIUSO,41.284168,16.077223,2026-05-21 06:00:00,tair_hourly,12.7,°C,2026-05-21T08:05:02.583791
MFG17,CARRO CHIUSO,41.284168,16.077223,2026-05-21 06:00:00,ws_2m_hourly,1.7,m/s,2026-05-21T08:05:11.836868
MFG18,VIESTE,41.901669,16.080557,2026-05-21 06:00:00,precip_10min_interval,0.0,mm,2026-05-21T08:05:06.147649
MFG18,VIESTE,41.901669,16.080557,2026-05-21 06:00:00,rh_hourly,90.0,%,2026-05-21T08:05:03.965849
MFG18,VIESTE,41.901669,16.080557,2026-05-21 06:00:00,tair_hourly,16.7,°C,2026-05-21T08:05:02.583802
MFG18,VIESTE,41.901669,16.080557,2026-05-21 06:00:00,ws_2m_hourly,2.1,m/s,2026-05-21T08:05:11.836937
MFG19,FOGGIA MONTEROZZI,41.521111,15.591944,2026-05-21 06:00:00,precip_10min_interval,0.0,mm,2026-05-21T08:05:06.147718
MFG19,FOGGIA MONTEROZZI,41.521111,15.591944,2026-05-21 06:00:00,tair_hourly,16.0,°C,2026-05-21T08:05:02.583814
MFG19,FOGGIA MONTEROZZI,41.521111,15.591944,2026-05-21 06:00:00,ws_2m_hourly,3.1,m/s,2026-05-21T08:05:11.837013
MLE34,BARBARO,39.980831,18.1525,2026-05-21 06:00:00,precip_10min_interval,0.0,mm,2026-05-21T08:05:06.147791
MLE34,BARBARO,39.980831,18.1525,2026-05-21 06:00:00,rh_hourly,73.0,%,2026-05-21T08:05:03.965861
MLE34,BARBARO,39.980831,18.1525,2026-05-21 06:00:00,tair_hourly,15.8,°C,2026-05-21T08:05:02.583831
MLE34,BARBARO,39.980831,18.1525,2026-05-21 06:00:00,ws_2m_hourly,2.7,m/s,2026-05-21T08:05:11.837086
MLE35,MALOPRA,40.225555,18.299168,2026-05-21 06:00:00,precip_10min_interval,0.0,mm,2026-05-21T08:05:06.147857
MLE35,MALOPRA,40.225555,18.299168,2026-05-21 06:00:00,rh_hourly,80.0,%,2026-05-21T08:05:03.965873
MLE35,MALOPRA,40.225555,18.299168,2026-05-21 06:00:00,tair_hourly,16.0,°C,2026-05-21T08:05:02.583843
MLE35,MALOPRA,40.225555,18.299168,2026-05-21 06:00:00,ws_2m_hourly,2.3,m/s,2026-05-21T08:05:11.837153
MTA32,MARTINA FRANCA,40.634724,17.277779,2026-05-21 06:00:00,precip_10min_interval,0.0,mm,2026-05-21T08:05:06.147927
MTA32,MARTINA FRANCA,40.634724,17.277779,2026-05-21 06:00:00,rh_hourly,76.0,%,2026-05-21T08:05:03.965888
MTA32,MARTINA FRANCA,40.634724,17.277779,2026-05-21 06:00:00,tair_hourly,13.5,°C,2026-05-21T08:05:02.583857
MTA32,MARTINA FRANCA,40.634724,17.277779,2026-05-21 06:00:00,ws_2m_hourly,1.9,m/s,2026-05-21T08:05:11.837223
0PU01,GUROLAMANNA,40.916111,16.447779,2026-05-21 06:10:00,precip_10min_interval,0.0,mm,2026-05-21T08:05:06.142621
0PU01,GUROLAMANNA,40.916111,16.447779,2026-05-21 06:10:00,ws_10m_hourly,5.8,m/s,2026-05-21T08:05:11.828606
0PU01,GUROLAMANNA,40.916111,16.447779,2026-05-21 06:10:00,ws_2m_hourly,3.7,m/s,2026-05-21T08:05:11.828600
0PU03,LIMELLI D'IMPERATORE,40.883057,16.3125,2026-05-21 06:10:00,precip_10min_interval,0.0,mm,2026-05-21T08:05:06.142710
0PU03,LIMELLI D'IMPERATORE,40.883057,16.3125,2026-05-21 06:10:00,ws_10m_hourly,5.2,m/s,2026-05-21T08:05:11.828760
0PU03,LIMELLI D'IMPERATORE,40.883057,16.3125,2026-05-21 06:10:00,ws_2m_hourly,3.1,m/s,2026-05-21T08:05:11.828756
0PU04,OTTAVA SEDICI,40.7925,17.481943,2026-05-21 06:10:00,precip_10min_interval,0.0,mm,2026-05-21T08:05:06.142776
0PU04,OTTAVA SEDICI,40.7925,17.481943,2026-05-21 06:10:00,ws_10m_hourly,3.3,m/s,2026-05-21T08:05:11.828898
0PU04,OTTAVA SEDICI,40.7925,17.481943,2026-05-21 06:10:00,ws_2m_hourly,0.8,m/s,2026-05-21T08:05:11.828894
0PU06,MAINE,40.543056,18.032223,2026-05-21 06:10:00,precip_10min_interval,0.0,mm,2026-05-21T08:05:06.142839
0PU06,MAINE,40.543056,18.032223,2026-05-21 06:10:00,ws_10m_hourly,2.6,m/s,2026-05-21T08:05:11.829047
0PU06,MAINE,40.543056,18.032223,2026-05-21 06:10:00,ws_2m_hourly,0.6,m/s,2026-05-21T08:05:11.829044
0PU07,TRIONFO,41.347221,15.744167,2026-05-21 06:10:00,precip_10min_interval,0.0,mm,2026-05-21T08:05:06.142902
0PU07,TRIONFO,41.347221,15.744167,2026-05-21 06:10:00,ws_10m_hourly,2.2,m/s,2026-05-21T08:05:11.829173
0PU07,TRIONFO,41.347221,15.744167,2026-05-21 06:10:00,ws_2m_hourly,0.3,m/s,2026-05-21T08:05:11.829170
0PU08,TORRETTA,41.542221,15.173889,2026-05-21 06:10:00,precip_10min_interval,0.0,mm,2026-05-21T08:05:06.142994
0PU08,TORRETTA,41.542221,15.173889,2026-05-21 06:10:00,ws_10m_hourly,4.5,m/s,2026-05-21T08:05:11.829301
0PU08,TORRETTA,41.542221,15.173889,2026-05-21 06:10:00,ws_2m_hourly,0.0,m/s,2026-05-21T08:05:11.829298
0PU10,FRASSANITO,40.237221,18.441389,2026-05-21 06:10:00,precip_10min_interval,0.0,mm,2026-05-21T08:05:06.143061
0PU10,FRASSANITO,40.237221,18.441389,2026-05-21 06:10:00,ws_10m_hourly,6.4,m/s,2026-05-21T08:05:11.829428
0PU10,FRASSANITO,40.237221,18.441389,2026-05-21 06:10:00,ws_2m_hourly,3.3,m/s,2026-05-21T08:05:11.829425
0PU11,BADESSA,40.470554,18.097221,2026-05-21 06:10:00,precip_10min_interval,0.0,mm,2026-05-21T08:05:06.143126
0PU11,BADESSA,40.470554,18.097221,2026-05-21 06:10:00,ws_10m_hourly,3.9,m/s,2026-05-21T08:05:11.829557
0PU11,BADESSA,40.470554,18.097221,2026-05-21 06:10:00,ws_2m_hourly,1.9,m/s,2026-05-21T08:05:11.829554
0PU12,CONTE,39.981945,18.067499,2026-05-21 06:10:00,precip_10min_interval,0.0,mm,2026-05-21T08:05:06.143194
0PU12,CONTE,39.981945,18.067499,2026-05-21 06:10:00,ws_10m_hourly,3.0,m/s,2026-05-21T08:05:11.829683
0PU12,CONTE,39.981945,18.067499,2026-05-21 06:10:00,ws_2m_hourly,0.2,m/s,2026-05-21T08:05:11.829680
0PU13,TORRICELLA,40.343334,17.487778,2026-05-21 06:10:00,precip_10min_interval,0.0,mm,2026-05-21T08:05:06.143255
0PU13,TORRICELLA,40.343334,17.487778,2026-05-21 06:10:00,ws_10m_hourly,5.8,m/s,2026-05-21T08:05:11.829813
0PU13,TORRICELLA,40.343334,17.487778,2026-05-21 06:10:00,ws_2m_hourly,3.3,m/s,2026-05-21T08:05:11.829810
0PU14,TAFURI,40.680832,16.867779,2026-05-21 06:10:00,precip_10min_interval,0.0,mm,2026-05-21T08:05:06.143321
0PU14,TAFURI,40.680832,16.867779,2026-05-21 06:10:00,ws_10m_hourly,6.3,m/s,2026-05-21T08:05:11.829957
0PU14,TAFURI,40.680832,16.867779,2026-05-21 06:10:00,ws_2m_hourly,3.3,m/s,2026-05-21T08:05:11.829954
0PU16,ANDRIA,41.202221,16.201944,2026-05-21 06:10:00,precip_10min_interval,0.0,mm,2026-05-21T08:05:06.143381
0PU16,ANDRIA,41.202221,16.201944,2026-05-21 06:10:00,ws_10m_hourly,2.6,m/s,2026-05-21T08:05:11.830084
0PU16,ANDRIA,41.202221,16.201944,2026-05-21 06:10:00,ws_2m_hourly,0.6,m/s,2026-05-21T08:05:11.830079
0PU17,OSTUNI-SAROLO,40.688332,17.413889,2026-05-21 06:10:00,precip_10min_interval,0.0,mm,2026-05-21T08:05:06.143446
0PU17,OSTUNI-SAROLO,40.688332,17.413889,2026-05-21 06:10:00,ws_10m_hourly,3.2,m/s,2026-05-21T08:05:11.830208
0PU17,OSTUNI-SAROLO,40.688332,17.413889,2026-05-21 06:10:00,ws_2m_hourly,1.2,m/s,2026-05-21T08:05:11.830205
0PU18,MONOPOLI,40.919445,17.294443,2026-05-21 06:10:00,precip_10min_interval,0.0,mm,2026-05-21T08:05:06.143514
0PU18,MONOPOLI,40.919445,17.294443,2026-05-21 06:10:00,ws_10m_hourly,4.1,m/s,2026-05-21T08:05:11.830335
0PU18,MONOPOLI,40.919445,17.294443,2026-05-21 06:10:00,ws_2m_hourly,2.4,m/s,2026-05-21T08:05:11.830332
0PU19,TERLIZZI,41.120834,16.549168,2026-05-21 06:10:00,precip_10min_interval,0.0,mm,2026-05-21T08:05:06.143576
0PU19,TERLIZZI,41.120834,16.549168,2026-05-21 06:10:00,ws_10m_hourly,1.5,m/s,2026-05-21T08:05:11.830465
0PU19,TERLIZZI,41.120834,16.549168,2026-05-21 06:10:00,ws_2m_hourly,0.6,m/s,2026-05-21T08:05:11.830462
0PU20,VILLA CASTELLI,40.553055,17.504444,2026-05-21 06:10:00,precip_10min_interval,0.0,mm,2026-05-21T08:05:06.143639
0PU20,VILLA CASTELLI,40.553055,17.504444,2026-05-21 06:10:00,ws_10m_hourly,5.0,m/s,2026-05-21T08:05:11.830594
0PU20,VILLA CASTELLI,40.553055,17.504444,2026-05-21 06:10:00,ws_2m_hourly,2.7,m/s,2026-05-21T08:05:11.830591
0PU21,CAROVIGNO,40.691944,17.630278,2026-05-21 06:10:00,precip_10min_interval,0.0,mm,2026-05-21T08:05:06.143700
0PU21,CAROVIGNO,40.691944,17.630278,2026-05-21 06:10:00,ws_10m_hourly,4.1,m/s,2026-05-21T08:05:11.830724
0PU21,CAROVIGNO,40.691944,17.630278,2026-05-21 06:10:00,ws_2m_hourly,1.2,m/s,2026-05-21T08:05:11.830720
0PU22,APRICENA,41.773335,15.438611,2026-05-21 06:10:00,precip_10min_interval,0.0,mm,2026-05-21T08:05:06.143767
0PU22,APRICENA,41.773335,15.438611,2026-05-21 06:10:00,ws_10m_hourly,1.8,m/s,2026-05-21T08:05:11.830861
0PU22,APRICENA,41.773335,15.438611,2026-05-21 06:10:00,ws_2m_hourly,0.0,m/s,2026-05-21T08:05:11.830858
0PU23,MANFREDONIA,41.541389,15.885833,2026-05-21 06:10:00,precip_10min_interval,0.0,mm,2026-05-21T08:05:06.143831
0PU23,MANFREDONIA,41.541389,15.885833,2026-05-21 06:10:00,ws_10m_hourly,4.1,m/s,2026-05-21T08:05:11.830995
0PU23,MANFREDONIA,41.541389,15.885833,2026-05-21 06:10:00,ws_2m_hourly,1.7,m/s,2026-05-21T08:05:11.830992
0PU25,NOCIGLIA,40.034443,18.313057,2026-05-21 06:10:00,precip_10min_interval,0.0,mm,2026-05-21T08:05:06.143897
0PU25,NOCIGLIA,40.034443,18.313057,2026-05-21 06:10:00,ws_10m_hourly,3.7,m/s,2026-05-21T08:05:11.831121
0PU25,NOCIGLIA,40.034443,18.313057,2026-05-21 06:10:00,ws_2m_hourly,1.7,m/s,2026-05-21T08:05:11.831118
0PU27,GROTTAGLIE,40.53389,17.362778,2026-05-21 06:10:00,ws_10m_hourly,4.2,m/s,2026-05-21T08:05:11.831248
0PU27,GROTTAGLIE,40.53389,17.362778,2026-05-21 06:10:00,ws_2m_hourly,2.3,m/s,2026-05-21T08:05:11.831245
0PU28,TRANI,41.247501,16.415556,2026-05-21 06:10:00,precip_10min_interval,0.0,mm,2026-05-21T08:05:06.143967
0PU28,TRANI,41.247501,16.415556,2026-05-21 06:10:00,ws_10m_hourly,3.2,m/s,2026-05-21T08:05:11.831377
0PU28,TRANI,41.247501,16.415556,2026-05-21 06:10:00,ws_2m_hourly,2.3,m/s,2026-05-21T08:05:11.831374
0PU30,NOICATTARO,41.021942,16.967777,2026-05-21 06:10:00,precip_10min_interval,0.0,mm,2026-05-21T08:05:06.144032
0PU30,NOICATTARO,41.021942,16.967777,2026-05-21 06:10:00,ws_10m_hourly,3.3,m/s,2026-05-21T08:05:11.831507
0PU30,NOICATTARO,41.021942,16.967777,2026-05-21 06:10:00,ws_2m_hourly,1.6,m/s,2026-05-21T08:05:11.831503
0PU31,ALBEROBELLO,40.790558,17.233334,2026-05-21 06:10:00,precip_10min_interval,0.0,mm,2026-05-21T08:05:06.144091
0PU31,ALBEROBELLO,40.790558,17.233334,2026-05-21 06:10:00,ws_10m_hourly,3.5,m/s,2026-05-21T08:05:11.831635
0PU31,ALBEROBELLO,40.790558,17.233334,2026-05-21 06:10:00,ws_2m_hourly,1.6,m/s,2026-05-21T08:05:11.831632
0PU33,MOCCARI,40.558334,17.851667,2026-05-21 06:10:00,precip_10min_interval,0.0,mm,2026-05-21T08:05:06.144151
0PU33,MOCCARI,40.558334,17.851667,2026-05-21 06:10:00,ws_10m_hourly,4.0,m/s,2026-05-21T08:05:11.831767
0PU33,MOCCARI,40.558334,17.851667,2026-05-21 06:10:00,ws_2m_hourly,2.2,m/s,2026-05-21T08:05:11.831764
0PU34,LATIANO,40.548332,17.688057,2026-05-21 06:10:00,precip_10min_interval,0.0,mm,2026-05-21T08:05:06.144217
0PU34,LATIANO,40.548332,17.688057,2026-05-21 06:10:00,ws_10m_hourly,3.5,m/s,2026-05-21T08:05:11.831894
0PU34,LATIANO,40.548332,17.688057,2026-05-21 06:10:00,ws_2m_hourly,1.7,m/s,2026-05-21T08:05:11.831888
0PU35,SAN VITO DEI NORMANNI,40.629166,17.73361,2026-05-21 06:10:00,precip_10min_interval,0.0,mm,2026-05-21T08:05:06.144276
0PU35,SAN VITO DEI NORMANNI,40.629166,17.73361,2026-05-21 06:10:00,ws_10m_hourly,5.7,m/s,2026-05-21T08:05:11.832029
0PU35,SAN VITO DEI NORMANNI,40.629166,17.73361,2026-05-21 06:10:00,ws_2m_hourly,3.4,m/s,2026-05-21T08:05:11.832026
0PU36,VILLANOVA,41.654167,15.586667,2026-05-21 06:10:00,precip_10min_interval,0.0,mm,2026-05-21T08:05:06.144342
0PU36,VILLANOVA,41.654167,15.586667,2026-05-21 06:10:00,ws_10m_hourly,8.9,m/s,2026-05-21T08:05:11.832152
0PU36,VILLANOVA,41.654167,15.586667,2026-05-21 06:10:00,ws_2m_hourly,4.6,m/s,2026-05-21T08:05:11.832147
0PU37,TROIA,41.336388,15.382778,2026-05-21 06:10:00,precip_10min_interval,0.0,mm,2026-05-21T08:05:06.144401
0PU37,TROIA,41.336388,15.382778,2026-05-21 06:10:00,ws_10m_hourly,5.1,m/s,2026-05-21T08:05:11.832280
0PU37,TROIA,41.336388,15.382778,2026-05-21 06:10:00,ws_2m_hourly,3.0,m/s,2026-05-21T08:05:11.832277
0PU38,BORGO LA ROCCA,41.558334,15.516111,2026-05-21 06:10:00,precip_10min_interval,0.0,mm,2026-05-21T08:05:06.144466
0PU38,BORGO LA ROCCA,41.558334,15.516111,2026-05-21 06:10:00,ws_10m_hourly,4.0,m/s,2026-05-21T08:05:11.832414
0PU38,BORGO LA ROCCA,41.558334,15.516111,2026-05-21 06:10:00,ws_2m_hourly,1.7,m/s,2026-05-21T08:05:11.832411
0PU40,ARCHE,40.273888,18.013611,2026-05-21 06:10:00,precip_10min_interval,0.0,mm,2026-05-21T08:05:06.144546
0PU40,ARCHE,40.273888,18.013611,2026-05-21 06:10:00,ws_10m_hourly,4.4,m/s,2026-05-21T08:05:11.832553
0PU40,ARCHE,40.273888,18.013611,2026-05-21 06:10:00,ws_2m_hourly,1.5,m/s,2026-05-21T08:05:11.832550
0PU41,LECCE,40.326668,18.139999,2026-05-21 06:10:00,precip_10min_interval,0.0,mm,2026-05-21T08:05:06.144611
0PU41,LECCE,40.326668,18.139999,2026-05-21 06:10:00,ws_10m_hourly,3.6,m/s,2026-05-21T08:05:11.832690
0PU41,LECCE,40.326668,18.139999,2026-05-21 06:10:00,ws_2m_hourly,2.4,m/s,2026-05-21T08:05:11.832687
0PU42,SALICE SALENTINO,40.390556,17.875278,2026-05-21 06:10:00,precip_10min_interval,0.0,mm,2026-05-21T08:05:06.144675
0PU42,SALICE SALENTINO,40.390556,17.875278,2026-05-21 06:10:00,ws_10m_hourly,4.3,m/s,2026-05-21T08:05:11.832823
0PU42,SALICE SALENTINO,40.390556,17.875278,2026-05-21 06:10:00,ws_2m_hourly,2.5,m/s,2026-05-21T08:05:11.832820
0PU43,LUCUGNANO,39.930279,18.3225,2026-05-21 06:10:00,precip_10min_interval,0.0,mm,2026-05-21T08:05:06.144744
0PU43,LUCUGNANO,39.930279,18.3225,2026-05-21 06:10:00,ws_10m_hourly,3.6,m/s,2026-05-21T08:05:11.832964
0PU43,LUCUGNANO,39.930279,18.3225,2026-05-21 06:10:00,ws_2m_hourly,2.1,m/s,2026-05-21T08:05:11.832961
0PU44,MANDURIA,40.381943,17.621111,2026-05-21 06:10:00,precip_10min_interval,0.0,mm,2026-05-21T08:05:06.144805
0PU44,MANDURIA,40.381943,17.621111,2026-05-21 06:10:00,ws_10m_hourly,4.9,m/s,2026-05-21T08:05:11.833098
0PU44,MANDURIA,40.381943,17.621111,2026-05-21 06:10:00,ws_2m_hourly,3.3,m/s,2026-05-21T08:05:11.833095
0PU45,MOTTOLA,40.675556,16.996111,2026-05-21 06:10:00,precip_10min_interval,0.0,mm,2026-05-21T08:05:06.144871
0PU45,MOTTOLA,40.675556,16.996111,2026-05-21 06:10:00,ws_10m_hourly,4.7,m/s,2026-05-21T08:05:11.833232
0PU45,MOTTOLA,40.675556,16.996111,2026-05-21 06:10:00,ws_2m_hourly,1.8,m/s,2026-05-21T08:05:11.833229
0PU46,MASSAFRA,40.582779,17.091944,2026-05-21 06:10:00,precip_10min_interval,0.0,mm,2026-05-21T08:05:06.144933
0PU46,MASSAFRA,40.582779,17.091944,2026-05-21 06:10:00,ws_10m_hourly,4.9,m/s,2026-05-21T08:05:11.833354
0PU46,MASSAFRA,40.582779,17.091944,2026-05-21 06:10:00,ws_2m_hourly,3.1,m/s,2026-05-21T08:05:11.833351
0PU47,CASTELLANETA,40.494446,16.878889,2026-05-21 06:10:00,precip_10min_interval,0.0,mm,2026-05-21T08:05:06.145009
0PU47,CASTELLANETA,40.494446,16.878889,2026-05-21 06:10:00,ws_10m_hourly,5.1,m/s,2026-05-21T08:05:11.833487
0PU47,CASTELLANETA,40.494446,16.878889,2026-05-21 06:10:00,ws_2m_hourly,2.3,m/s,2026-05-21T08:05:11.833484
0PU48,BARI C.N.R. IRSA,41.116943,16.820557,2026-05-21 06:10:00,precip_10min_interval,0.0,mm,2026-05-21T08:05:06.145074
0PU48,BARI C.N.R. IRSA,41.116943,16.820557,2026-05-21 06:10:00,ws_10m_hourly,3.8,m/s,2026-05-21T08:05:11.833611
0PU48,BARI C.N.R. IRSA,41.116943,16.820557,2026-05-21 06:10:00,ws_2m_hourly,2.5,m/s,2026-05-21T08:05:11.833608
0PU49,LOCOROTONDO ITAS,40.757221,17.340834,2026-05-21 06:10:00,precip_10min_interval,0.0,mm,2026-05-21T08:05:06.145138
0PU49,LOCOROTONDO ITAS,40.757221,17.340834,2026-05-21 06:10:00,ws_10m_hourly,3.7,m/s,2026-05-21T08:05:11.833745
0PU49,LOCOROTONDO ITAS,40.757221,17.340834,2026-05-21 06:10:00,ws_2m_hourly,2.3,m/s,2026-05-21T08:05:11.833742
0PU53,TORITTO,40.957222,16.567223,2026-05-21 06:10:00,precip_10min_interval,0.0,mm,2026-05-21T08:05:06.145205
0PU53,TORITTO,40.957222,16.567223,2026-05-21 06:10:00,ws_10m_hourly,6.1,m/s,2026-05-21T08:05:11.833888
0PU53,TORITTO,40.957222,16.567223,2026-05-21 06:10:00,ws_2m_hourly,5.1,m/s,2026-05-21T08:05:11.833885
0PU54,TORRE SANTA SUSANNA,40.459442,17.724722,2026-05-21 06:10:00,precip_10min_interval,0.0,mm,2026-05-21T08:05:06.145269
0PU54,TORRE SANTA SUSANNA,40.459442,17.724722,2026-05-21 06:10:00,ws_10m_hourly,3.5,m/s,2026-05-21T08:05:11.834025
0PU54,TORRE SANTA SUSANNA,40.459442,17.724722,2026-05-21 06:10:00,ws_2m_hourly,0.4,m/s,2026-05-21T08:05:11.834022
0PU55,LESINA-RIPALTA,41.8475,15.266111,2026-05-21 06:10:00,precip_10min_interval,0.0,mm,2026-05-21T08:05:06.145337
0PU55,LESINA-RIPALTA,41.8475,15.266111,2026-05-21 06:10:00,ws_10m_hourly,3.6,m/s,2026-05-21T08:05:11.834164
0PU55,LESINA-RIPALTA,41.8475,15.266111,2026-05-21 06:10:00,ws_2m_hourly,1.9,m/s,2026-05-21T08:05:11.834161
0PU56,CARLANTINO,41.588333,14.983611,2026-05-21 06:10:00,precip_10min_interval,0.0,mm,2026-05-21T08:05:06.145406
0PU56,CARLANTINO,41.588333,14.983611,2026-05-21 06:10:00,ws_10m_hourly,4.5,m/s,2026-05-21T08:05:11.834297
0PU56,CARLANTINO,41.588333,14.983611,2026-05-21 06:10:00,ws_2m_hourly,2.8,m/s,2026-05-21T08:05:11.834294
0PU57,SANT'AGATA DI PUGLIA,41.150276,15.46,2026-05-21 06:10:00,precip_10min_interval,0.0,mm,2026-05-21T08:05:06.145469
0PU57,SANT'AGATA DI PUGLIA,41.150276,15.46,2026-05-21 06:10:00,ws_10m_hourly,2.0,m/s,2026-05-21T08:05:11.834433
0PU57,SANT'AGATA DI PUGLIA,41.150276,15.46,2026-05-21 06:10:00,ws_2m_hourly,1.0,m/s,2026-05-21T08:05:11.834430
0PU58,GINOSA,40.556389,16.843611,2026-05-21 06:10:00,precip_10min_interval,0.0,mm,2026-05-21T08:05:06.145538
0PU58,GINOSA,40.556389,16.843611,2026-05-21 06:10:00,ws_10m_hourly,5.5,m/s,2026-05-21T08:05:11.834573
0PU58,GINOSA,40.556389,16.843611,2026-05-21 06:10:00,ws_2m_hourly,4.0,m/s,2026-05-21T08:05:11.834570
0PU59,PALAGIANELLO,40.578335,16.975279,2026-05-21 06:10:00,precip_10min_interval,0.0,mm,2026-05-21T08:05:06.145607
0PU59,PALAGIANELLO,40.578335,16.975279,2026-05-21 06:10:00,ws_10m_hourly,3.6,m/s,2026-05-21T08:05:11.834711
0PU59,PALAGIANELLO,40.578335,16.975279,2026-05-21 06:10:00,ws_2m_hourly,2.3,m/s,2026-05-21T08:05:11.834706
0PU60,MINERVINO DI LECCE,40.093613,18.418612,2026-05-21 06:10:00,precip_10min_interval,0.0,mm,2026-05-21T08:05:06.145674
0PU60,MINERVINO DI LECCE,40.093613,18.418612,2026-05-21 06:10:00,ws_10m_hourly,4.6,m/s,2026-05-21T08:05:11.834845
0PU60,MINERVINO DI LECCE,40.093613,18.418612,2026-05-21 06:10:00,ws_2m_hourly,2.8,m/s,2026-05-21T08:05:11.834843
0PU61,NARDO',40.171391,17.976389,2026-05-21 06:10:00,precip_10min_interval,0.0,mm,2026-05-21T08:05:06.145743
0PU61,NARDO',40.171391,17.976389,2026-05-21 06:10:00,ws_10m_hourly,5.7,m/s,2026-05-21T08:05:11.834997
0PU61,NARDO',40.171391,17.976389,2026-05-21 06:10:00,ws_2m_hourly,2.1,m/s,2026-05-21T08:05:11.834994
MBA20,IPSAA,41.22139,16.049723,2026-05-21 06:10:00,precip_10min_interval,0.0,mm,2026-05-21T08:05:06.145812
MBA20,IPSAA,41.22139,16.049723,2026-05-21 06:10:00,ws_2m_hourly,1.0,m/s,2026-05-21T08:05:11.835109
MBA21,MONTEGROSSO,41.132778,16.185833,2026-05-21 06:10:00,precip_10min_interval,0.0,mm,2026-05-21T08:05:06.145882
MBA21,MONTEGROSSO,41.132778,16.185833,2026-05-21 06:10:00,ws_2m_hourly,2.6,m/s,2026-05-21T08:05:11.835181
MBA22,S.P. SANTERAMO,40.80611,16.591389,2026-05-21 06:10:00,precip_10min_interval,0.0,mm,2026-05-21T08:05:06.145958
MBA22,S.P. SANTERAMO,40.80611,16.591389,2026-05-21 06:10:00,ws_2m_hourly,3.4,m/s,2026-05-21T08:05:11.835250
MBA24,CASSANO DELLE MURGE,40.918888,16.78861,2026-05-21 06:10:00,precip_10min_interval,0.0,mm,2026-05-21T08:05:06.146029
MBA24,CASSANO DELLE MURGE,40.918888,16.78861,2026-05-21 06:10:00,ws_2m_hourly,2.8,m/s,2026-05-21T08:05:11.835317
MBA25,SANTERAMO IN COLLE,40.78611,16.775833,2026-05-21 06:10:00,precip_10min_interval,0.0,mm,2026-05-21T08:05:06.146099
MBA25,SANTERAMO IN COLLE,40.78611,16.775833,2026-05-21 06:10:00,ws_2m_hourly,3.0,m/s,2026-05-21T08:05:11.835385
MBA26,CAMPO SPER. UNIBA,41.023609,16.906389,2026-05-21 06:10:00,precip_10min_interval,0.0,mm,2026-05-21T08:05:06.146167
MBA26,CAMPO SPER. UNIBA,41.023609,16.906389,2026-05-21 06:10:00,ws_2m_hourly,2.3,m/s,2026-05-21T08:05:11.835455
MBA27,SERRONE(AZ.AGR.MANCINI),40.921391,16.947222,2026-05-21 06:10:00,precip_10min_interval,0.0,mm,2026-05-21T08:05:06.146240
MBA27,SERRONE(AZ.AGR.MANCINI),40.921391,16.947222,2026-05-21 06:10:00,ws_2m_hourly,2.6,m/s,2026-05-21T08:05:11.835523
MBA28,MURGIA ANTICI,40.715557,17.106667,2026-05-21 06:10:00,precip_10min_interval,0.0,mm,2026-05-21T08:05:06.146308
MBA28,MURGIA ANTICI,40.715557,17.106667,2026-05-21 06:10:00,ws_2m_hourly,2.5,m/s,2026-05-21T08:05:11.835599
MBA29,LAMENDOLA I,40.812222,17.164167,2026-05-21 06:10:00,precip_10min_interval,0.0,mm,2026-05-21T08:05:06.146377
MBA29,LAMENDOLA I,40.812222,17.164167,2026-05-21 06:10:00,ws_2m_hourly,2.5,m/s,2026-05-21T08:05:11.835663
MBR30,FASCIANELLO,40.860279,17.364166,2026-05-21 06:10:00,precip_10min_interval,0.0,mm,2026-05-21T08:05:06.146448
MBR30,FASCIANELLO,40.860279,17.364166,2026-05-21 06:10:00,ws_2m_hourly,4.8,m/s,2026-05-21T08:05:11.835735
MBR31,FERRUZZO,40.62389,17.497499,2026-05-21 06:10:00,precip_10min_interval,0.0,mm,2026-05-21T08:05:06.146514
MBR31,FERRUZZO,40.62389,17.497499,2026-05-21 06:10:00,ws_2m_hourly,2.6,m/s,2026-05-21T08:05:11.835804
MFG01,S. LUCIA,41.470554,15.363889,2026-05-21 06:10:00,precip_10min_interval,0.0,mm,2026-05-21T08:05:06.146584
MFG01,S. LUCIA,41.470554,15.363889,2026-05-21 06:10:00,ws_2m_hourly,1.2,m/s,2026-05-21T08:05:11.835873
MFG02,SERRA DEI BISI,41.347778,15.282778,2026-05-21 06:10:00,precip_10min_interval,0.0,mm,2026-05-21T08:05:06.146654
MFG02,SERRA DEI BISI,41.347778,15.282778,2026-05-21 06:10:00,ws_2m_hourly,2.2,m/s,2026-05-21T08:05:11.835950
MFG03,LA PESCIA,41.40889,15.756667,2026-05-21 06:10:00,precip_10min_interval,0.0,mm,2026-05-21T08:05:06.146726
MFG03,LA PESCIA,41.40889,15.756667,2026-05-21 06:10:00,ws_2m_hourly,2.8,m/s,2026-05-21T08:05:11.836023
MFG04,TRE SANTI,41.393612,15.848056,2026-05-21 06:10:00,precip_10min_interval,0.0,mm,2026-05-21T08:05:06.146790
MFG04,TRE SANTI,41.393612,15.848056,2026-05-21 06:10:00,ws_2m_hourly,3.0,m/s,2026-05-21T08:05:11.836092
MFG05,RIVOLI,41.470833,15.929444,2026-05-21 06:10:00,precip_10min_interval,0.0,mm,2026-05-21T08:05:06.146870
MFG05,RIVOLI,41.470833,15.929444,2026-05-21 06:10:00,ws_2m_hourly,1.3,m/s,2026-05-21T08:05:11.836167
MFG06,TAVOLETTA,41.194168,15.932222,2026-05-21 06:10:00,precip_10min_interval,0.0,mm,2026-05-21T08:05:06.146948
MFG06,TAVOLETTA,41.194168,15.932222,2026-05-21 06:10:00,ws_2m_hourly,3.6,m/s,2026-05-21T08:05:11.836237
MFG07,COPPA D'ORO,41.421665,15.606944,2026-05-21 06:10:00,precip_10min_interval,0.0,mm,2026-05-21T08:05:06.147019
MFG07,COPPA D'ORO,41.421665,15.606944,2026-05-21 06:10:00,ws_2m_hourly,4.8,m/s,2026-05-21T08:05:11.836307
MFG09,ARIOLA,41.8325,15.859722,2026-05-21 06:10:00,precip_10min_interval,0.0,mm,2026-05-21T08:05:06.147093
MFG09,ARIOLA,41.8325,15.859722,2026-05-21 06:10:00,ws_2m_hourly,0.4,m/s,2026-05-21T08:05:11.836375
MFG10,MATINE CARNE SALATA,41.651943,15.706389,2026-05-21 06:10:00,precip_10min_interval,0.0,mm,2026-05-21T08:05:06.147162
MFG10,MATINE CARNE SALATA,41.651943,15.706389,2026-05-21 06:10:00,ws_2m_hourly,0.9,m/s,2026-05-21T08:05:11.836453
MFG11,SELVA DELLE GROTTE,41.714722,15.148056,2026-05-21 06:10:00,precip_10min_interval,0.0,mm,2026-05-21T08:05:06.147230
MFG11,SELVA DELLE GROTTE,41.714722,15.148056,2026-05-21 06:10:00,ws_2m_hourly,1.4,m/s,2026-05-21T08:05:11.836521
MFG13,BISCIGLIETO,41.142502,15.662778,2026-05-21 06:10:00,precip_10min_interval,0.0,mm,2026-05-21T08:05:06.147303
MFG13,BISCIGLIETO,41.142502,15.662778,2026-05-21 06:10:00,ws_2m_hourly,5.2,m/s,2026-05-21T08:05:11.836589
MFG14,S. LUCIA,41.922779,15.874722,2026-05-21 06:10:00,precip_10min_interval,0.0,mm,2026-05-21T08:05:06.147367
MFG14,S. LUCIA,41.922779,15.874722,2026-05-21 06:10:00,ws_2m_hourly,1.0,m/s,2026-05-21T08:05:11.836659
MFG15,CASA LORDA,41.62389,15.403056,2026-05-21 06:10:00,precip_10min_interval,0.0,mm,2026-05-21T08:05:06.147435
MFG15,CASA LORDA,41.62389,15.403056,2026-05-21 06:10:00,ws_2m_hourly,1.5,m/s,2026-05-21T08:05:11.836727
MFG16,QUERCIA COPPE,41.693054,15.756944,2026-05-21 06:10:00,precip_10min_interval,0.0,mm,2026-05-21T08:05:06.147505
MFG16,QUERCIA COPPE,41.693054,15.756944,2026-05-21 06:10:00,ws_2m_hourly,4.6,m/s,2026-05-21T08:05:11.836798
MFG17,CARRO CHIUSO,41.284168,16.077223,2026-05-21 06:10:00,precip_10min_interval,0.0,mm,2026-05-21T08:05:06.147578
MFG17,CARRO CHIUSO,41.284168,16.077223,2026-05-21 06:10:00,ws_2m_hourly,1.6,m/s,2026-05-21T08:05:11.836871
MFG18,VIESTE,41.901669,16.080557,2026-05-21 06:10:00,precip_10min_interval,0.0,mm,2026-05-21T08:05:06.147652
MFG18,VIESTE,41.901669,16.080557,2026-05-21 06:10:00,ws_2m_hourly,1.7,m/s,2026-05-21T08:05:11.836949
MFG19,FOGGIA MONTEROZZI,41.521111,15.591944,2026-05-21 06:10:00,precip_10min_interval,0.0,mm,2026-05-21T08:05:06.147721
MFG19,FOGGIA MONTEROZZI,41.521111,15.591944,2026-05-21 06:10:00,ws_2m_hourly,3.7,m/s,2026-05-21T08:05:11.837016
MLE34,BARBARO,39.980831,18.1525,2026-05-21 06:10:00,precip_10min_interval,0.0,mm,2026-05-21T08:05:06.147794
MLE34,BARBARO,39.980831,18.1525,2026-05-21 06:10:00,ws_2m_hourly,2.8,m/s,2026-05-21T08:05:11.837090
MLE35,MALOPRA,40.225555,18.299168,2026-05-21 06:10:00,precip_10min_interval,0.0,mm,2026-05-21T08:05:06.147860
MLE35,MALOPRA,40.225555,18.299168,2026-05-21 06:10:00,ws_2m_hourly,2.4,m/s,2026-05-21T08:05:11.837157
MTA32,MARTINA FRANCA,40.634724,17.277779,2026-05-21 06:10:00,precip_10min_interval,0.0,mm,2026-05-21T08:05:06.147932
MTA32,MARTINA FRANCA,40.634724,17.277779,2026-05-21 06:10:00,ws_2m_hourly,2.2,m/s,2026-05-21T08:05:11.837226
0PU01,GUROLAMANNA,40.916111,16.447779,2026-05-21 06:20:00,precip_10min_interval,0.0,mm,2026-05-21T08:05:06.142631
0PU01,GUROLAMANNA,40.916111,16.447779,2026-05-21 06:20:00,ws_10m_hourly,6.3,m/s,2026-05-21T08:05:11.828616
0PU01,GUROLAMANNA,40.916111,16.447779,2026-05-21 06:20:00,ws_2m_hourly,4.1,m/s,2026-05-21T08:05:11.828612
0PU03,LIMELLI D'IMPERATORE,40.883057,16.3125,2026-05-21 06:20:00,precip_10min_interval,0.0,mm,2026-05-21T08:05:06.142713
0PU03,LIMELLI D'IMPERATORE,40.883057,16.3125,2026-05-21 06:20:00,ws_10m_hourly,5.2,m/s,2026-05-21T08:05:11.828767
0PU03,LIMELLI D'IMPERATORE,40.883057,16.3125,2026-05-21 06:20:00,ws_2m_hourly,3.1,m/s,2026-05-21T08:05:11.828763
0PU04,OTTAVA SEDICI,40.7925,17.481943,2026-05-21 06:20:00,precip_10min_interval,0.0,mm,2026-05-21T08:05:06.142779
0PU04,OTTAVA SEDICI,40.7925,17.481943,2026-05-21 06:20:00,ws_10m_hourly,4.2,m/s,2026-05-21T08:05:11.828905
0PU04,OTTAVA SEDICI,40.7925,17.481943,2026-05-21 06:20:00,ws_2m_hourly,1.1,m/s,2026-05-21T08:05:11.828901
0PU06,MAINE,40.543056,18.032223,2026-05-21 06:20:00,precip_10min_interval,0.0,mm,2026-05-21T08:05:06.142842
0PU06,MAINE,40.543056,18.032223,2026-05-21 06:20:00,ws_10m_hourly,2.0,m/s,2026-05-21T08:05:11.829053
0PU06,MAINE,40.543056,18.032223,2026-05-21 06:20:00,ws_2m_hourly,0.4,m/s,2026-05-21T08:05:11.829050
0PU07,TRIONFO,41.347221,15.744167,2026-05-21 06:20:00,precip_10min_interval,0.0,mm,2026-05-21T08:05:06.142905
0PU07,TRIONFO,41.347221,15.744167,2026-05-21 06:20:00,ws_10m_hourly,3.4,m/s,2026-05-21T08:05:11.829182
0PU07,TRIONFO,41.347221,15.744167,2026-05-21 06:20:00,ws_2m_hourly,0.4,m/s,2026-05-21T08:05:11.829179
0PU08,TORRETTA,41.542221,15.173889,2026-05-21 06:20:00,precip_10min_interval,0.0,mm,2026-05-21T08:05:06.142997
0PU08,TORRETTA,41.542221,15.173889,2026-05-21 06:20:00,ws_10m_hourly,5.3,m/s,2026-05-21T08:05:11.829307
0PU08,TORRETTA,41.542221,15.173889,2026-05-21 06:20:00,ws_2m_hourly,0.0,m/s,2026-05-21T08:05:11.829304
0PU10,FRASSANITO,40.237221,18.441389,2026-05-21 06:20:00,precip_10min_interval,0.0,mm,2026-05-21T08:05:06.143064
0PU10,FRASSANITO,40.237221,18.441389,2026-05-21 06:20:00,ws_10m_hourly,5.8,m/s,2026-05-21T08:05:11.829435
0PU10,FRASSANITO,40.237221,18.441389,2026-05-21 06:20:00,ws_2m_hourly,3.1,m/s,2026-05-21T08:05:11.829431
0PU11,BADESSA,40.470554,18.097221,2026-05-21 06:20:00,precip_10min_interval,0.0,mm,2026-05-21T08:05:06.143129
0PU11,BADESSA,40.470554,18.097221,2026-05-21 06:20:00,ws_10m_hourly,4.0,m/s,2026-05-21T08:05:11.829563
0PU11,BADESSA,40.470554,18.097221,2026-05-21 06:20:00,ws_2m_hourly,1.9,m/s,2026-05-21T08:05:11.829560
0PU12,CONTE,39.981945,18.067499,2026-05-21 06:20:00,precip_10min_interval,0.0,mm,2026-05-21T08:05:06.143197
0PU12,CONTE,39.981945,18.067499,2026-05-21 06:20:00,ws_10m_hourly,3.4,m/s,2026-05-21T08:05:11.829688
0PU12,CONTE,39.981945,18.067499,2026-05-21 06:20:00,ws_2m_hourly,0.5,m/s,2026-05-21T08:05:11.829686
0PU13,TORRICELLA,40.343334,17.487778,2026-05-21 06:20:00,precip_10min_interval,0.0,mm,2026-05-21T08:05:06.143258
0PU13,TORRICELLA,40.343334,17.487778,2026-05-21 06:20:00,ws_10m_hourly,6.0,m/s,2026-05-21T08:05:11.829819
0PU13,TORRICELLA,40.343334,17.487778,2026-05-21 06:20:00,ws_2m_hourly,3.3,m/s,2026-05-21T08:05:11.829816
0PU14,TAFURI,40.680832,16.867779,2026-05-21 06:20:00,precip_10min_interval,0.0,mm,2026-05-21T08:05:06.143324
0PU14,TAFURI,40.680832,16.867779,2026-05-21 06:20:00,ws_10m_hourly,6.2,m/s,2026-05-21T08:05:11.829963
0PU14,TAFURI,40.680832,16.867779,2026-05-21 06:20:00,ws_2m_hourly,3.3,m/s,2026-05-21T08:05:11.829960
0PU16,ANDRIA,41.202221,16.201944,2026-05-21 06:20:00,precip_10min_interval,0.0,mm,2026-05-21T08:05:06.143384
0PU16,ANDRIA,41.202221,16.201944,2026-05-21 06:20:00,ws_10m_hourly,2.5,m/s,2026-05-21T08:05:11.830090
0PU16,ANDRIA,41.202221,16.201944,2026-05-21 06:20:00,ws_2m_hourly,0.5,m/s,2026-05-21T08:05:11.830087
0PU17,OSTUNI-SAROLO,40.688332,17.413889,2026-05-21 06:20:00,precip_10min_interval,0.0,mm,2026-05-21T08:05:06.143454
0PU17,OSTUNI-SAROLO,40.688332,17.413889,2026-05-21 06:20:00,ws_10m_hourly,3.2,m/s,2026-05-21T08:05:11.830216
0PU17,OSTUNI-SAROLO,40.688332,17.413889,2026-05-21 06:20:00,ws_2m_hourly,1.5,m/s,2026-05-21T08:05:11.830211
0PU18,MONOPOLI,40.919445,17.294443,2026-05-21 06:20:00,precip_10min_interval,0.0,mm,2026-05-21T08:05:06.143517
0PU18,MONOPOLI,40.919445,17.294443,2026-05-21 06:20:00,ws_10m_hourly,4.1,m/s,2026-05-21T08:05:11.830341
0PU18,MONOPOLI,40.919445,17.294443,2026-05-21 06:20:00,ws_2m_hourly,2.5,m/s,2026-05-21T08:05:11.830338
0PU19,TERLIZZI,41.120834,16.549168,2026-05-21 06:20:00,precip_10min_interval,0.0,mm,2026-05-21T08:05:06.143579
0PU19,TERLIZZI,41.120834,16.549168,2026-05-21 06:20:00,ws_10m_hourly,1.4,m/s,2026-05-21T08:05:11.830471
0PU19,TERLIZZI,41.120834,16.549168,2026-05-21 06:20:00,ws_2m_hourly,0.5,m/s,2026-05-21T08:05:11.830468
0PU20,VILLA CASTELLI,40.553055,17.504444,2026-05-21 06:20:00,precip_10min_interval,0.0,mm,2026-05-21T08:05:06.143642
0PU20,VILLA CASTELLI,40.553055,17.504444,2026-05-21 06:20:00,ws_10m_hourly,5.0,m/s,2026-05-21T08:05:11.830601
0PU20,VILLA CASTELLI,40.553055,17.504444,2026-05-21 06:20:00,ws_2m_hourly,2.7,m/s,2026-05-21T08:05:11.830597
0PU21,CAROVIGNO,40.691944,17.630278,2026-05-21 06:20:00,precip_10min_interval,0.0,mm,2026-05-21T08:05:06.143706
0PU21,CAROVIGNO,40.691944,17.630278,2026-05-21 06:20:00,ws_10m_hourly,3.9,m/s,2026-05-21T08:05:11.830730
0PU21,CAROVIGNO,40.691944,17.630278,2026-05-21 06:20:00,ws_2m_hourly,1.2,m/s,2026-05-21T08:05:11.830727
0PU22,APRICENA,41.773335,15.438611,2026-05-21 06:20:00,precip_10min_interval,0.0,mm,2026-05-21T08:05:06.143770
0PU22,APRICENA,41.773335,15.438611,2026-05-21 06:20:00,ws_10m_hourly,1.7,m/s,2026-05-21T08:05:11.830867
0PU22,APRICENA,41.773335,15.438611,2026-05-21 06:20:00,ws_2m_hourly,0.0,m/s,2026-05-21T08:05:11.830864
0PU23,MANFREDONIA,41.541389,15.885833,2026-05-21 06:20:00,precip_10min_interval,0.0,mm,2026-05-21T08:05:06.143833
0PU23,MANFREDONIA,41.541389,15.885833,2026-05-21 06:20:00,ws_10m_hourly,3.3,m/s,2026-05-21T08:05:11.831004
0PU23,MANFREDONIA,41.541389,15.885833,2026-05-21 06:20:00,ws_2m_hourly,1.4,m/s,2026-05-21T08:05:11.830998
0PU25,NOCIGLIA,40.034443,18.313057,2026-05-21 06:20:00,precip_10min_interval,0.0,mm,2026-05-21T08:05:06.143900
0PU25,NOCIGLIA,40.034443,18.313057,2026-05-21 06:20:00,ws_10m_hourly,4.3,m/s,2026-05-21T08:05:11.831130
0PU25,NOCIGLIA,40.034443,18.313057,2026-05-21 06:20:00,ws_2m_hourly,2.3,m/s,2026-05-21T08:05:11.831127
0PU27,GROTTAGLIE,40.53389,17.362778,2026-05-21 06:20:00,ws_10m_hourly,4.3,m/s,2026-05-21T08:05:11.831257
0PU27,GROTTAGLIE,40.53389,17.362778,2026-05-21 06:20:00,ws_2m_hourly,2.4,m/s,2026-05-21T08:05:11.831251
0PU28,TRANI,41.247501,16.415556,2026-05-21 06:20:00,precip_10min_interval,0.0,mm,2026-05-21T08:05:06.143970
0PU28,TRANI,41.247501,16.415556,2026-05-21 06:20:00,ws_10m_hourly,2.4,m/s,2026-05-21T08:05:11.831382
0PU28,TRANI,41.247501,16.415556,2026-05-21 06:20:00,ws_2m_hourly,1.7,m/s,2026-05-21T08:05:11.831380
0PU30,NOICATTARO,41.021942,16.967777,2026-05-21 06:20:00,precip_10min_interval,0.0,mm,2026-05-21T08:05:06.144035
0PU30,NOICATTARO,41.021942,16.967777,2026-05-21 06:20:00,ws_10m_hourly,2.1,m/s,2026-05-21T08:05:11.831513
0PU30,NOICATTARO,41.021942,16.967777,2026-05-21 06:20:00,ws_2m_hourly,0.9,m/s,2026-05-21T08:05:11.831510
0PU31,ALBEROBELLO,40.790558,17.233334,2026-05-21 06:20:00,precip_10min_interval,0.0,mm,2026-05-21T08:05:06.144094
0PU31,ALBEROBELLO,40.790558,17.233334,2026-05-21 06:20:00,ws_10m_hourly,3.7,m/s,2026-05-21T08:05:11.831641
0PU31,ALBEROBELLO,40.790558,17.233334,2026-05-21 06:20:00,ws_2m_hourly,1.7,m/s,2026-05-21T08:05:11.831638
0PU33,MOCCARI,40.558334,17.851667,2026-05-21 06:20:00,precip_10min_interval,0.0,mm,2026-05-21T08:05:06.144156
0PU33,MOCCARI,40.558334,17.851667,2026-05-21 06:20:00,ws_10m_hourly,4.0,m/s,2026-05-21T08:05:11.831773
0PU33,MOCCARI,40.558334,17.851667,2026-05-21 06:20:00,ws_2m_hourly,2.3,m/s,2026-05-21T08:05:11.831770
0PU34,LATIANO,40.548332,17.688057,2026-05-21 06:20:00,precip_10min_interval,0.0,mm,2026-05-21T08:05:06.144220
0PU34,LATIANO,40.548332,17.688057,2026-05-21 06:20:00,ws_10m_hourly,3.4,m/s,2026-05-21T08:05:11.831900
0PU34,LATIANO,40.548332,17.688057,2026-05-21 06:20:00,ws_2m_hourly,1.7,m/s,2026-05-21T08:05:11.831897
0PU35,SAN VITO DEI NORMANNI,40.629166,17.73361,2026-05-21 06:20:00,precip_10min_interval,0.0,mm,2026-05-21T08:05:06.144279
0PU35,SAN VITO DEI NORMANNI,40.629166,17.73361,2026-05-21 06:20:00,ws_10m_hourly,5.2,m/s,2026-05-21T08:05:11.832037
0PU35,SAN VITO DEI NORMANNI,40.629166,17.73361,2026-05-21 06:20:00,ws_2m_hourly,3.0,m/s,2026-05-21T08:05:11.832032
0PU36,VILLANOVA,41.654167,15.586667,2026-05-21 06:20:00,precip_10min_interval,0.0,mm,2026-05-21T08:05:06.144345
0PU36,VILLANOVA,41.654167,15.586667,2026-05-21 06:20:00,ws_10m_hourly,9.6,m/s,2026-05-21T08:05:11.832161
0PU36,VILLANOVA,41.654167,15.586667,2026-05-21 06:20:00,ws_2m_hourly,5.2,m/s,2026-05-21T08:05:11.832155
0PU37,TROIA,41.336388,15.382778,2026-05-21 06:20:00,precip_10min_interval,0.0,mm,2026-05-21T08:05:06.144404
0PU37,TROIA,41.336388,15.382778,2026-05-21 06:20:00,ws_10m_hourly,4.6,m/s,2026-05-21T08:05:11.832286
0PU37,TROIA,41.336388,15.382778,2026-05-21 06:20:00,ws_2m_hourly,2.8,m/s,2026-05-21T08:05:11.832284
0PU38,BORGO LA ROCCA,41.558334,15.516111,2026-05-21 06:20:00,precip_10min_interval,0.0,mm,2026-05-21T08:05:06.144469
0PU38,BORGO LA ROCCA,41.558334,15.516111,2026-05-21 06:20:00,ws_10m_hourly,3.7,m/s,2026-05-21T08:05:11.832421
0PU38,BORGO LA ROCCA,41.558334,15.516111,2026-05-21 06:20:00,ws_2m_hourly,2.9,m/s,2026-05-21T08:05:11.832418
0PU40,ARCHE,40.273888,18.013611,2026-05-21 06:20:00,precip_10min_interval,0.0,mm,2026-05-21T08:05:06.144549
0PU40,ARCHE,40.273888,18.013611,2026-05-21 06:20:00,ws_10m_hourly,4.3,m/s,2026-05-21T08:05:11.832559
0PU40,ARCHE,40.273888,18.013611,2026-05-21 06:20:00,ws_2m_hourly,1.3,m/s,2026-05-21T08:05:11.832556
0PU41,LECCE,40.326668,18.139999,2026-05-21 06:20:00,precip_10min_interval,0.0,mm,2026-05-21T08:05:06.144614
0PU41,LECCE,40.326668,18.139999,2026-05-21 06:20:00,ws_10m_hourly,3.2,m/s,2026-05-21T08:05:11.832696
0PU41,LECCE,40.326668,18.139999,2026-05-21 06:20:00,ws_2m_hourly,1.9,m/s,2026-05-21T08:05:11.832693
0PU42,SALICE SALENTINO,40.390556,17.875278,2026-05-21 06:20:00,precip_10min_interval,0.0,mm,2026-05-21T08:05:06.144679
0PU42,SALICE SALENTINO,40.390556,17.875278,2026-05-21 06:20:00,ws_10m_hourly,4.2,m/s,2026-05-21T08:05:11.832829
0PU42,SALICE SALENTINO,40.390556,17.875278,2026-05-21 06:20:00,ws_2m_hourly,2.7,m/s,2026-05-21T08:05:11.832826
0PU43,LUCUGNANO,39.930279,18.3225,2026-05-21 06:20:00,precip_10min_interval,0.0,mm,2026-05-21T08:05:06.144747
0PU43,LUCUGNANO,39.930279,18.3225,2026-05-21 06:20:00,ws_10m_hourly,3.7,m/s,2026-05-21T08:05:11.832970
0PU43,LUCUGNANO,39.930279,18.3225,2026-05-21 06:20:00,ws_2m_hourly,2.0,m/s,2026-05-21T08:05:11.832967
0PU44,MANDURIA,40.381943,17.621111,2026-05-21 06:20:00,precip_10min_interval,0.0,mm,2026-05-21T08:05:06.144808
0PU44,MANDURIA,40.381943,17.621111,2026-05-21 06:20:00,ws_10m_hourly,4.4,m/s,2026-05-21T08:05:11.833103
0PU44,MANDURIA,40.381943,17.621111,2026-05-21 06:20:00,ws_2m_hourly,2.9,m/s,2026-05-21T08:05:11.833100
0PU45,MOTTOLA,40.675556,16.996111,2026-05-21 06:20:00,precip_10min_interval,0.0,mm,2026-05-21T08:05:06.144876
0PU45,MOTTOLA,40.675556,16.996111,2026-05-21 06:20:00,ws_10m_hourly,5.0,m/s,2026-05-21T08:05:11.833240
0PU45,MOTTOLA,40.675556,16.996111,2026-05-21 06:20:00,ws_2m_hourly,2.5,m/s,2026-05-21T08:05:11.833235
0PU46,MASSAFRA,40.582779,17.091944,2026-05-21 06:20:00,precip_10min_interval,0.0,mm,2026-05-21T08:05:06.144936
0PU46,MASSAFRA,40.582779,17.091944,2026-05-21 06:20:00,ws_10m_hourly,5.4,m/s,2026-05-21T08:05:11.833366
0PU46,MASSAFRA,40.582779,17.091944,2026-05-21 06:20:00,ws_2m_hourly,3.3,m/s,2026-05-21T08:05:11.833363
0PU47,CASTELLANETA,40.494446,16.878889,2026-05-21 06:20:00,precip_10min_interval,0.0,mm,2026-05-21T08:05:06.145012
0PU47,CASTELLANETA,40.494446,16.878889,2026-05-21 06:20:00,ws_10m_hourly,4.6,m/s,2026-05-21T08:05:11.833492
0PU47,CASTELLANETA,40.494446,16.878889,2026-05-21 06:20:00,ws_2m_hourly,1.9,m/s,2026-05-21T08:05:11.833490
0PU48,BARI C.N.R. IRSA,41.116943,16.820557,2026-05-21 06:20:00,precip_10min_interval,0.0,mm,2026-05-21T08:05:06.145077
0PU48,BARI C.N.R. IRSA,41.116943,16.820557,2026-05-21 06:20:00,ws_10m_hourly,3.2,m/s,2026-05-21T08:05:11.833619
0PU48,BARI C.N.R. IRSA,41.116943,16.820557,2026-05-21 06:20:00,ws_2m_hourly,2.1,m/s,2026-05-21T08:05:11.833614
0PU49,LOCOROTONDO ITAS,40.757221,17.340834,2026-05-21 06:20:00,precip_10min_interval,0.0,mm,2026-05-21T08:05:06.145141
0PU49,LOCOROTONDO ITAS,40.757221,17.340834,2026-05-21 06:20:00,ws_10m_hourly,3.8,m/s,2026-05-21T08:05:11.833751
0PU49,LOCOROTONDO ITAS,40.757221,17.340834,2026-05-21 06:20:00,ws_2m_hourly,2.3,m/s,2026-05-21T08:05:11.833748
0PU53,TORITTO,40.957222,16.567223,2026-05-21 06:20:00,precip_10min_interval,0.0,mm,2026-05-21T08:05:06.145208
0PU53,TORITTO,40.957222,16.567223,2026-05-21 06:20:00,ws_10m_hourly,5.6,m/s,2026-05-21T08:05:11.833894
0PU53,TORITTO,40.957222,16.567223,2026-05-21 06:20:00,ws_2m_hourly,4.6,m/s,2026-05-21T08:05:11.833891
0PU54,TORRE SANTA SUSANNA,40.459442,17.724722,2026-05-21 06:20:00,precip_10min_interval,0.0,mm,2026-05-21T08:05:06.145272
0PU54,TORRE SANTA SUSANNA,40.459442,17.724722,2026-05-21 06:20:00,ws_10m_hourly,3.6,m/s,2026-05-21T08:05:11.834033
0PU54,TORRE SANTA SUSANNA,40.459442,17.724722,2026-05-21 06:20:00,ws_2m_hourly,0.4,m/s,2026-05-21T08:05:11.834030
0PU55,LESINA-RIPALTA,41.8475,15.266111,2026-05-21 06:20:00,precip_10min_interval,0.0,mm,2026-05-21T08:05:06.145339
0PU55,LESINA-RIPALTA,41.8475,15.266111,2026-05-21 06:20:00,ws_10m_hourly,4.1,m/s,2026-05-21T08:05:11.834170
0PU55,LESINA-RIPALTA,41.8475,15.266111,2026-05-21 06:20:00,ws_2m_hourly,2.4,m/s,2026-05-21T08:05:11.834167
0PU56,CARLANTINO,41.588333,14.983611,2026-05-21 06:20:00,precip_10min_interval,0.0,mm,2026-05-21T08:05:06.145409
0PU56,CARLANTINO,41.588333,14.983611,2026-05-21 06:20:00,ws_10m_hourly,5.0,m/s,2026-05-21T08:05:11.834303
0PU56,CARLANTINO,41.588333,14.983611,2026-05-21 06:20:00,ws_2m_hourly,3.1,m/s,2026-05-21T08:05:11.834300
0PU57,SANT'AGATA DI PUGLIA,41.150276,15.46,2026-05-21 06:20:00,precip_10min_interval,0.0,mm,2026-05-21T08:05:06.145472
0PU57,SANT'AGATA DI PUGLIA,41.150276,15.46,2026-05-21 06:20:00,ws_10m_hourly,1.4,m/s,2026-05-21T08:05:11.834439
0PU57,SANT'AGATA DI PUGLIA,41.150276,15.46,2026-05-21 06:20:00,ws_2m_hourly,1.0,m/s,2026-05-21T08:05:11.834436
0PU58,GINOSA,40.556389,16.843611,2026-05-21 06:20:00,precip_10min_interval,0.0,mm,2026-05-21T08:05:06.145541
0PU58,GINOSA,40.556389,16.843611,2026-05-21 06:20:00,ws_10m_hourly,5.6,m/s,2026-05-21T08:05:11.834582
0PU58,GINOSA,40.556389,16.843611,2026-05-21 06:20:00,ws_2m_hourly,4.0,m/s,2026-05-21T08:05:11.834576
0PU59,PALAGIANELLO,40.578335,16.975279,2026-05-21 06:20:00,precip_10min_interval,0.0,mm,2026-05-21T08:05:06.145610
0PU59,PALAGIANELLO,40.578335,16.975279,2026-05-21 06:20:00,ws_10m_hourly,3.6,m/s,2026-05-21T08:05:11.834717
0PU59,PALAGIANELLO,40.578335,16.975279,2026-05-21 06:20:00,ws_2m_hourly,2.4,m/s,2026-05-21T08:05:11.834714
0PU60,MINERVINO DI LECCE,40.093613,18.418612,2026-05-21 06:20:00,precip_10min_interval,0.0,mm,2026-05-21T08:05:06.145677
0PU60,MINERVINO DI LECCE,40.093613,18.418612,2026-05-21 06:20:00,ws_10m_hourly,4.8,m/s,2026-05-21T08:05:11.834851
0PU60,MINERVINO DI LECCE,40.093613,18.418612,2026-05-21 06:20:00,ws_2m_hourly,3.1,m/s,2026-05-21T08:05:11.834848
0PU61,NARDO',40.171391,17.976389,2026-05-21 06:20:00,precip_10min_interval,0.0,mm,2026-05-21T08:05:06.145748
0PU61,NARDO',40.171391,17.976389,2026-05-21 06:20:00,ws_10m_hourly,5.9,m/s,2026-05-21T08:05:11.835003
0PU61,NARDO',40.171391,17.976389,2026-05-21 06:20:00,ws_2m_hourly,2.2,m/s,2026-05-21T08:05:11.835000
MBA20,IPSAA,41.22139,16.049723,2026-05-21 06:20:00,precip_10min_interval,0.0,mm,2026-05-21T08:05:06.145815
MBA20,IPSAA,41.22139,16.049723,2026-05-21 06:20:00,ws_2m_hourly,0.9,m/s,2026-05-21T08:05:11.835114
MBA21,MONTEGROSSO,41.132778,16.185833,2026-05-21 06:20:00,precip_10min_interval,0.0,mm,2026-05-21T08:05:06.145885
MBA21,MONTEGROSSO,41.132778,16.185833,2026-05-21 06:20:00,ws_2m_hourly,2.7,m/s,2026-05-21T08:05:11.835184
MBA22,S.P. SANTERAMO,40.80611,16.591389,2026-05-21 06:20:00,precip_10min_interval,0.0,mm,2026-05-21T08:05:06.145961
MBA22,S.P. SANTERAMO,40.80611,16.591389,2026-05-21 06:20:00,ws_2m_hourly,3.7,m/s,2026-05-21T08:05:11.835253
MBA24,CASSANO DELLE MURGE,40.918888,16.78861,2026-05-21 06:20:00,precip_10min_interval,0.0,mm,2026-05-21T08:05:06.146037
MBA24,CASSANO DELLE MURGE,40.918888,16.78861,2026-05-21 06:20:00,ws_2m_hourly,2.7,m/s,2026-05-21T08:05:11.835320
MBA25,SANTERAMO IN COLLE,40.78611,16.775833,2026-05-21 06:20:00,precip_10min_interval,0.0,mm,2026-05-21T08:05:06.146102
MBA25,SANTERAMO IN COLLE,40.78611,16.775833,2026-05-21 06:20:00,ws_2m_hourly,3.4,m/s,2026-05-21T08:05:11.835388
MBA26,CAMPO SPER. UNIBA,41.023609,16.906389,2026-05-21 06:20:00,precip_10min_interval,0.0,mm,2026-05-21T08:05:06.146171
MBA26,CAMPO SPER. UNIBA,41.023609,16.906389,2026-05-21 06:20:00,ws_2m_hourly,2.3,m/s,2026-05-21T08:05:11.835458
MBA27,SERRONE(AZ.AGR.MANCINI),40.921391,16.947222,2026-05-21 06:20:00,precip_10min_interval,0.0,mm,2026-05-21T08:05:06.146243
MBA27,SERRONE(AZ.AGR.MANCINI),40.921391,16.947222,2026-05-21 06:20:00,ws_2m_hourly,2.8,m/s,2026-05-21T08:05:11.835526
MBA28,MURGIA ANTICI,40.715557,17.106667,2026-05-21 06:20:00,precip_10min_interval,0.0,mm,2026-05-21T08:05:06.146311
MBA28,MURGIA ANTICI,40.715557,17.106667,2026-05-21 06:20:00,ws_2m_hourly,3.1,m/s,2026-05-21T08:05:11.835602
MBA29,LAMENDOLA I,40.812222,17.164167,2026-05-21 06:20:00,precip_10min_interval,0.0,mm,2026-05-21T08:05:06.146380
MBA29,LAMENDOLA I,40.812222,17.164167,2026-05-21 06:20:00,ws_2m_hourly,2.5,m/s,2026-05-21T08:05:11.835666
MBR30,FASCIANELLO,40.860279,17.364166,2026-05-21 06:20:00,precip_10min_interval,0.0,mm,2026-05-21T08:05:06.146450
MBR30,FASCIANELLO,40.860279,17.364166,2026-05-21 06:20:00,ws_2m_hourly,4.9,m/s,2026-05-21T08:05:11.835738
MBR31,FERRUZZO,40.62389,17.497499,2026-05-21 06:20:00,precip_10min_interval,0.0,mm,2026-05-21T08:05:06.146517
MBR31,FERRUZZO,40.62389,17.497499,2026-05-21 06:20:00,ws_2m_hourly,2.4,m/s,2026-05-21T08:05:11.835807
MFG01,S. LUCIA,41.470554,15.363889,2026-05-21 06:20:00,precip_10min_interval,0.0,mm,2026-05-21T08:05:06.146589
MFG01,S. LUCIA,41.470554,15.363889,2026-05-21 06:20:00,ws_2m_hourly,1.3,m/s,2026-05-21T08:05:11.835875
MFG02,SERRA DEI BISI,41.347778,15.282778,2026-05-21 06:20:00,precip_10min_interval,0.0,mm,2026-05-21T08:05:06.146657
MFG02,SERRA DEI BISI,41.347778,15.282778,2026-05-21 06:20:00,ws_2m_hourly,2.9,m/s,2026-05-21T08:05:11.835955
MFG03,LA PESCIA,41.40889,15.756667,2026-05-21 06:20:00,precip_10min_interval,0.0,mm,2026-05-21T08:05:06.146729
MFG03,LA PESCIA,41.40889,15.756667,2026-05-21 06:20:00,ws_2m_hourly,2.6,m/s,2026-05-21T08:05:11.836026
MFG04,TRE SANTI,41.393612,15.848056,2026-05-21 06:20:00,precip_10min_interval,0.0,mm,2026-05-21T08:05:06.146793
MFG04,TRE SANTI,41.393612,15.848056,2026-05-21 06:20:00,ws_2m_hourly,2.7,m/s,2026-05-21T08:05:11.836095
MFG05,RIVOLI,41.470833,15.929444,2026-05-21 06:20:00,precip_10min_interval,0.0,mm,2026-05-21T08:05:06.146873
MFG05,RIVOLI,41.470833,15.929444,2026-05-21 06:20:00,ws_2m_hourly,2.2,m/s,2026-05-21T08:05:11.836170
MFG06,TAVOLETTA,41.194168,15.932222,2026-05-21 06:20:00,precip_10min_interval,0.0,mm,2026-05-21T08:05:06.146951
MFG06,TAVOLETTA,41.194168,15.932222,2026-05-21 06:20:00,ws_2m_hourly,3.5,m/s,2026-05-21T08:05:11.836240
MFG07,COPPA D'ORO,41.421665,15.606944,2026-05-21 06:20:00,precip_10min_interval,0.0,mm,2026-05-21T08:05:06.147022
MFG07,COPPA D'ORO,41.421665,15.606944,2026-05-21 06:20:00,ws_2m_hourly,3.9,m/s,2026-05-21T08:05:11.836310
MFG09,ARIOLA,41.8325,15.859722,2026-05-21 06:20:00,precip_10min_interval,0.0,mm,2026-05-21T08:05:06.147096
MFG09,ARIOLA,41.8325,15.859722,2026-05-21 06:20:00,ws_2m_hourly,0.6,m/s,2026-05-21T08:05:11.836378
MFG10,MATINE CARNE SALATA,41.651943,15.706389,2026-05-21 06:20:00,precip_10min_interval,0.0,mm,2026-05-21T08:05:06.147165
MFG10,MATINE CARNE SALATA,41.651943,15.706389,2026-05-21 06:20:00,ws_2m_hourly,1.1,m/s,2026-05-21T08:05:11.836456
MFG11,SELVA DELLE GROTTE,41.714722,15.148056,2026-05-21 06:20:00,precip_10min_interval,0.0,mm,2026-05-21T08:05:06.147235
MFG11,SELVA DELLE GROTTE,41.714722,15.148056,2026-05-21 06:20:00,ws_2m_hourly,1.1,m/s,2026-05-21T08:05:11.836524
MFG13,BISCIGLIETO,41.142502,15.662778,2026-05-21 06:20:00,precip_10min_interval,0.0,mm,2026-05-21T08:05:06.147306
MFG13,BISCIGLIETO,41.142502,15.662778,2026-05-21 06:20:00,ws_2m_hourly,5.3,m/s,2026-05-21T08:05:11.836594
MFG14,S. LUCIA,41.922779,15.874722,2026-05-21 06:20:00,precip_10min_interval,0.0,mm,2026-05-21T08:05:06.147370
MFG14,S. LUCIA,41.922779,15.874722,2026-05-21 06:20:00,ws_2m_hourly,1.2,m/s,2026-05-21T08:05:11.836662
MFG15,CASA LORDA,41.62389,15.403056,2026-05-21 06:20:00,precip_10min_interval,0.0,mm,2026-05-21T08:05:06.147440
MFG15,CASA LORDA,41.62389,15.403056,2026-05-21 06:20:00,ws_2m_hourly,1.9,m/s,2026-05-21T08:05:11.836730
MFG16,QUERCIA COPPE,41.693054,15.756944,2026-05-21 06:20:00,precip_10min_interval,0.0,mm,2026-05-21T08:05:06.147508
MFG16,QUERCIA COPPE,41.693054,15.756944,2026-05-21 06:20:00,ws_2m_hourly,5.1,m/s,2026-05-21T08:05:11.836803
MFG17,CARRO CHIUSO,41.284168,16.077223,2026-05-21 06:20:00,precip_10min_interval,0.0,mm,2026-05-21T08:05:06.147581
MFG17,CARRO CHIUSO,41.284168,16.077223,2026-05-21 06:20:00,ws_2m_hourly,1.6,m/s,2026-05-21T08:05:11.836874
MFG18,VIESTE,41.901669,16.080557,2026-05-21 06:20:00,precip_10min_interval,0.0,mm,2026-05-21T08:05:06.147655
MFG18,VIESTE,41.901669,16.080557,2026-05-21 06:20:00,ws_2m_hourly,1.8,m/s,2026-05-21T08:05:11.836952
MFG19,FOGGIA MONTEROZZI,41.521111,15.591944,2026-05-21 06:20:00,precip_10min_interval,0.0,mm,2026-05-21T08:05:06.147723
MFG19,FOGGIA MONTEROZZI,41.521111,15.591944,2026-05-21 06:20:00,ws_2m_hourly,3.9,m/s,2026-05-21T08:05:11.837019
MLE34,BARBARO,39.980831,18.1525,2026-05-21 06:20:00,precip_10min_interval,0.0,mm,2026-05-21T08:05:06.147797
MLE34,BARBARO,39.980831,18.1525,2026-05-21 06:20:00,ws_2m_hourly,3.7,m/s,2026-05-21T08:05:11.837092
MLE35,MALOPRA,40.225555,18.299168,2026-05-21 06:20:00,precip_10min_interval,0.0,mm,2026-05-21T08:05:06.147863
MLE35,MALOPRA,40.225555,18.299168,2026-05-21 06:20:00,ws_2m_hourly,2.7,m/s,2026-05-21T08:05:11.837160
MTA32,MARTINA FRANCA,40.634724,17.277779,2026-05-21 06:20:00,precip_10min_interval,0.0,mm,2026-05-21T08:05:06.147935
MTA32,MARTINA FRANCA,40.634724,17.277779,2026-05-21 06:20:00,ws_2m_hourly,2.2,m/s,2026-05-21T08:05:11.837230
0PU01,GUROLAMANNA,40.916111,16.447779,2026-05-21 06:30:00,precip_10min_interval,0.0,mm,2026-05-21T08:05:06.142635
0PU01,GUROLAMANNA,40.916111,16.447779,2026-05-21 06:30:00,ws_10m_hourly,5.8,m/s,2026-05-21T08:05:11.828632
0PU01,GUROLAMANNA,40.916111,16.447779,2026-05-21 06:30:00,ws_2m_hourly,3.7,m/s,2026-05-21T08:05:11.828625
0PU03,LIMELLI D'IMPERATORE,40.883057,16.3125,2026-05-21 06:30:00,precip_10min_interval,0.0,mm,2026-05-21T08:05:06.142716
0PU03,LIMELLI D'IMPERATORE,40.883057,16.3125,2026-05-21 06:30:00,ws_10m_hourly,5.1,m/s,2026-05-21T08:05:11.828773
0PU03,LIMELLI D'IMPERATORE,40.883057,16.3125,2026-05-21 06:30:00,ws_2m_hourly,3.0,m/s,2026-05-21T08:05:11.828770
0PU04,OTTAVA SEDICI,40.7925,17.481943,2026-05-21 06:30:00,precip_10min_interval,0.0,mm,2026-05-21T08:05:06.142784
0PU04,OTTAVA SEDICI,40.7925,17.481943,2026-05-21 06:30:00,ws_10m_hourly,4.2,m/s,2026-05-21T08:05:11.828911
0PU04,OTTAVA SEDICI,40.7925,17.481943,2026-05-21 06:30:00,ws_2m_hourly,0.7,m/s,2026-05-21T08:05:11.828908
0PU06,MAINE,40.543056,18.032223,2026-05-21 06:30:00,precip_10min_interval,0.0,mm,2026-05-21T08:05:06.142847
0PU06,MAINE,40.543056,18.032223,2026-05-21 06:30:00,ws_10m_hourly,2.0,m/s,2026-05-21T08:05:11.829059
0PU06,MAINE,40.543056,18.032223,2026-05-21 06:30:00,ws_2m_hourly,0.5,m/s,2026-05-21T08:05:11.829056
0PU07,TRIONFO,41.347221,15.744167,2026-05-21 06:30:00,precip_10min_interval,0.0,mm,2026-05-21T08:05:06.142908
0PU07,TRIONFO,41.347221,15.744167,2026-05-21 06:30:00,ws_10m_hourly,4.2,m/s,2026-05-21T08:05:11.829188
0PU07,TRIONFO,41.347221,15.744167,2026-05-21 06:30:00,ws_2m_hourly,0.3,m/s,2026-05-21T08:05:11.829185
0PU08,TORRETTA,41.542221,15.173889,2026-05-21 06:30:00,precip_10min_interval,0.0,mm,2026-05-21T08:05:06.143000
0PU08,TORRETTA,41.542221,15.173889,2026-05-21 06:30:00,ws_10m_hourly,4.1,m/s,2026-05-21T08:05:11.829316
0PU08,TORRETTA,41.542221,15.173889,2026-05-21 06:30:00,ws_2m_hourly,0.0,m/s,2026-05-21T08:05:11.829313
0PU10,FRASSANITO,40.237221,18.441389,2026-05-21 06:30:00,precip_10min_interval,0.0,mm,2026-05-21T08:05:06.143067
0PU10,FRASSANITO,40.237221,18.441389,2026-05-21 06:30:00,ws_10m_hourly,6.1,m/s,2026-05-21T08:05:11.829443
0PU10,FRASSANITO,40.237221,18.441389,2026-05-21 06:30:00,ws_2m_hourly,3.4,m/s,2026-05-21T08:05:11.829438
0PU11,BADESSA,40.470554,18.097221,2026-05-21 06:30:00,precip_10min_interval,0.0,mm,2026-05-21T08:05:06.143132
0PU11,BADESSA,40.470554,18.097221,2026-05-21 06:30:00,ws_10m_hourly,4.1,m/s,2026-05-21T08:05:11.829569
0PU11,BADESSA,40.470554,18.097221,2026-05-21 06:30:00,ws_2m_hourly,2.1,m/s,2026-05-21T08:05:11.829566
0PU12,CONTE,39.981945,18.067499,2026-05-21 06:30:00,precip_10min_interval,0.0,mm,2026-05-21T08:05:06.143200
0PU12,CONTE,39.981945,18.067499,2026-05-21 06:30:00,ws_10m_hourly,4.1,m/s,2026-05-21T08:05:11.829695
0PU12,CONTE,39.981945,18.067499,2026-05-21 06:30:00,ws_2m_hourly,0.8,m/s,2026-05-21T08:05:11.829692
0PU13,TORRICELLA,40.343334,17.487778,2026-05-21 06:30:00,precip_10min_interval,0.0,mm,2026-05-21T08:05:06.143263
0PU13,TORRICELLA,40.343334,17.487778,2026-05-21 06:30:00,ws_10m_hourly,5.9,m/s,2026-05-21T08:05:11.829827
0PU13,TORRICELLA,40.343334,17.487778,2026-05-21 06:30:00,ws_2m_hourly,3.3,m/s,2026-05-21T08:05:11.829822
0PU14,TAFURI,40.680832,16.867779,2026-05-21 06:30:00,precip_10min_interval,0.0,mm,2026-05-21T08:05:06.143327
0PU14,TAFURI,40.680832,16.867779,2026-05-21 06:30:00,ws_10m_hourly,6.3,m/s,2026-05-21T08:05:11.829969
0PU14,TAFURI,40.680832,16.867779,2026-05-21 06:30:00,ws_2m_hourly,3.3,m/s,2026-05-21T08:05:11.829966
0PU16,ANDRIA,41.202221,16.201944,2026-05-21 06:30:00,precip_10min_interval,0.0,mm,2026-05-21T08:05:06.143388
0PU16,ANDRIA,41.202221,16.201944,2026-05-21 06:30:00,ws_10m_hourly,2.9,m/s,2026-05-21T08:05:11.830096
0PU16,ANDRIA,41.202221,16.201944,2026-05-21 06:30:00,ws_2m_hourly,0.7,m/s,2026-05-21T08:05:11.830093
0PU17,OSTUNI-SAROLO,40.688332,17.413889,2026-05-21 06:30:00,precip_10min_interval,0.0,mm,2026-05-21T08:05:06.143457
0PU17,OSTUNI-SAROLO,40.688332,17.413889,2026-05-21 06:30:00,ws_10m_hourly,3.8,m/s,2026-05-21T08:05:11.830222
0PU17,OSTUNI-SAROLO,40.688332,17.413889,2026-05-21 06:30:00,ws_2m_hourly,1.7,m/s,2026-05-21T08:05:11.830219
0PU18,MONOPOLI,40.919445,17.294443,2026-05-21 06:30:00,precip_10min_interval,0.0,mm,2026-05-21T08:05:06.143520
0PU18,MONOPOLI,40.919445,17.294443,2026-05-21 06:30:00,ws_10m_hourly,4.5,m/s,2026-05-21T08:05:11.830350
0PU18,MONOPOLI,40.919445,17.294443,2026-05-21 06:30:00,ws_2m_hourly,2.7,m/s,2026-05-21T08:05:11.830346
0PU19,TERLIZZI,41.120834,16.549168,2026-05-21 06:30:00,precip_10min_interval,0.0,mm,2026-05-21T08:05:06.143582
0PU19,TERLIZZI,41.120834,16.549168,2026-05-21 06:30:00,ws_10m_hourly,1.8,m/s,2026-05-21T08:05:11.830478
0PU19,TERLIZZI,41.120834,16.549168,2026-05-21 06:30:00,ws_2m_hourly,0.6,m/s,2026-05-21T08:05:11.830475
0PU20,VILLA CASTELLI,40.553055,17.504444,2026-05-21 06:30:00,precip_10min_interval,0.0,mm,2026-05-21T08:05:06.143645
0PU20,VILLA CASTELLI,40.553055,17.504444,2026-05-21 06:30:00,ws_10m_hourly,5.1,m/s,2026-05-21T08:05:11.830607
0PU20,VILLA CASTELLI,40.553055,17.504444,2026-05-21 06:30:00,ws_2m_hourly,3.0,m/s,2026-05-21T08:05:11.830604
0PU21,CAROVIGNO,40.691944,17.630278,2026-05-21 06:30:00,precip_10min_interval,0.0,mm,2026-05-21T08:05:06.143709
0PU21,CAROVIGNO,40.691944,17.630278,2026-05-21 06:30:00,ws_10m_hourly,3.8,m/s,2026-05-21T08:05:11.830736
0PU21,CAROVIGNO,40.691944,17.630278,2026-05-21 06:30:00,ws_2m_hourly,1.2,m/s,2026-05-21T08:05:11.830733
0PU22,APRICENA,41.773335,15.438611,2026-05-21 06:30:00,precip_10min_interval,0.0,mm,2026-05-21T08:05:06.143773
0PU22,APRICENA,41.773335,15.438611,2026-05-21 06:30:00,ws_10m_hourly,2.0,m/s,2026-05-21T08:05:11.830873
0PU22,APRICENA,41.773335,15.438611,2026-05-21 06:30:00,ws_2m_hourly,0.3,m/s,2026-05-21T08:05:11.830870
0PU23,MANFREDONIA,41.541389,15.885833,2026-05-21 06:30:00,precip_10min_interval,0.0,mm,2026-05-21T08:05:06.143836
0PU23,MANFREDONIA,41.541389,15.885833,2026-05-21 06:30:00,ws_10m_hourly,3.2,m/s,2026-05-21T08:05:11.831010
0PU23,MANFREDONIA,41.541389,15.885833,2026-05-21 06:30:00,ws_2m_hourly,1.2,m/s,2026-05-21T08:05:11.831007
0PU25,NOCIGLIA,40.034443,18.313057,2026-05-21 06:30:00,precip_10min_interval,0.0,mm,2026-05-21T08:05:06.143903
0PU25,NOCIGLIA,40.034443,18.313057,2026-05-21 06:30:00,ws_10m_hourly,4.8,m/s,2026-05-21T08:05:11.831135
0PU25,NOCIGLIA,40.034443,18.313057,2026-05-21 06:30:00,ws_2m_hourly,2.5,m/s,2026-05-21T08:05:11.831132
0PU27,GROTTAGLIE,40.53389,17.362778,2026-05-21 06:30:00,ws_10m_hourly,4.5,m/s,2026-05-21T08:05:11.831268
0PU27,GROTTAGLIE,40.53389,17.362778,2026-05-21 06:30:00,ws_2m_hourly,2.4,m/s,2026-05-21T08:05:11.831260
0PU28,TRANI,41.247501,16.415556,2026-05-21 06:30:00,precip_10min_interval,0.0,mm,2026-05-21T08:05:06.143973
0PU28,TRANI,41.247501,16.415556,2026-05-21 06:30:00,ws_10m_hourly,2.3,m/s,2026-05-21T08:05:11.831388
0PU28,TRANI,41.247501,16.415556,2026-05-21 06:30:00,ws_2m_hourly,1.7,m/s,2026-05-21T08:05:11.831385
0PU30,NOICATTARO,41.021942,16.967777,2026-05-21 06:30:00,precip_10min_interval,0.0,mm,2026-05-21T08:05:06.144038
0PU30,NOICATTARO,41.021942,16.967777,2026-05-21 06:30:00,ws_10m_hourly,1.8,m/s,2026-05-21T08:05:11.831520
0PU30,NOICATTARO,41.021942,16.967777,2026-05-21 06:30:00,ws_2m_hourly,0.8,m/s,2026-05-21T08:05:11.831517
0PU31,ALBEROBELLO,40.790558,17.233334,2026-05-21 06:30:00,precip_10min_interval,0.0,mm,2026-05-21T08:05:06.144099
0PU31,ALBEROBELLO,40.790558,17.233334,2026-05-21 06:30:00,ws_10m_hourly,3.9,m/s,2026-05-21T08:05:11.831647
0PU31,ALBEROBELLO,40.790558,17.233334,2026-05-21 06:30:00,ws_2m_hourly,1.9,m/s,2026-05-21T08:05:11.831644
0PU33,MOCCARI,40.558334,17.851667,2026-05-21 06:30:00,precip_10min_interval,0.0,mm,2026-05-21T08:05:06.144161
0PU33,MOCCARI,40.558334,17.851667,2026-05-21 06:30:00,ws_10m_hourly,4.3,m/s,2026-05-21T08:05:11.831779
0PU33,MOCCARI,40.558334,17.851667,2026-05-21 06:30:00,ws_2m_hourly,2.5,m/s,2026-05-21T08:05:11.831776
0PU34,LATIANO,40.548332,17.688057,2026-05-21 06:30:00,precip_10min_interval,0.0,mm,2026-05-21T08:05:06.144223
0PU34,LATIANO,40.548332,17.688057,2026-05-21 06:30:00,ws_10m_hourly,3.5,m/s,2026-05-21T08:05:11.831906
0PU34,LATIANO,40.548332,17.688057,2026-05-21 06:30:00,ws_2m_hourly,2.1,m/s,2026-05-21T08:05:11.831903
0PU35,SAN VITO DEI NORMANNI,40.629166,17.73361,2026-05-21 06:30:00,precip_10min_interval,0.0,mm,2026-05-21T08:05:06.144281
0PU35,SAN VITO DEI NORMANNI,40.629166,17.73361,2026-05-21 06:30:00,ws_10m_hourly,5.2,m/s,2026-05-21T08:05:11.832043
0PU35,SAN VITO DEI NORMANNI,40.629166,17.73361,2026-05-21 06:30:00,ws_2m_hourly,2.9,m/s,2026-05-21T08:05:11.832040
0PU36,VILLANOVA,41.654167,15.586667,2026-05-21 06:30:00,precip_10min_interval,0.0,mm,2026-05-21T08:05:06.144348
0PU36,VILLANOVA,41.654167,15.586667,2026-05-21 06:30:00,ws_10m_hourly,11.1,m/s,2026-05-21T08:05:11.832169
0PU36,VILLANOVA,41.654167,15.586667,2026-05-21 06:30:00,ws_2m_hourly,6.4,m/s,2026-05-21T08:05:11.832166
0PU37,TROIA,41.336388,15.382778,2026-05-21 06:30:00,precip_10min_interval,0.0,mm,2026-05-21T08:05:06.144407
0PU37,TROIA,41.336388,15.382778,2026-05-21 06:30:00,ws_10m_hourly,4.2,m/s,2026-05-21T08:05:11.832295
0PU37,TROIA,41.336388,15.382778,2026-05-21 06:30:00,ws_2m_hourly,1.1,m/s,2026-05-21T08:05:11.832289
0PU38,BORGO LA ROCCA,41.558334,15.516111,2026-05-21 06:30:00,precip_10min_interval,0.0,mm,2026-05-21T08:05:06.144472
0PU38,BORGO LA ROCCA,41.558334,15.516111,2026-05-21 06:30:00,ws_10m_hourly,4.3,m/s,2026-05-21T08:05:11.832429
0PU38,BORGO LA ROCCA,41.558334,15.516111,2026-05-21 06:30:00,ws_2m_hourly,3.5,m/s,2026-05-21T08:05:11.832424
0PU40,ARCHE,40.273888,18.013611,2026-05-21 06:30:00,precip_10min_interval,0.0,mm,2026-05-21T08:05:06.144552
0PU40,ARCHE,40.273888,18.013611,2026-05-21 06:30:00,ws_10m_hourly,4.6,m/s,2026-05-21T08:05:11.832570
0PU40,ARCHE,40.273888,18.013611,2026-05-21 06:30:00,ws_2m_hourly,1.7,m/s,2026-05-21T08:05:11.832562
0PU41,LECCE,40.326668,18.139999,2026-05-21 06:30:00,precip_10min_interval,0.0,mm,2026-05-21T08:05:06.144618
0PU41,LECCE,40.326668,18.139999,2026-05-21 06:30:00,ws_10m_hourly,2.9,m/s,2026-05-21T08:05:11.832704
0PU41,LECCE,40.326668,18.139999,2026-05-21 06:30:00,ws_2m_hourly,1.8,m/s,2026-05-21T08:05:11.832702
0PU42,SALICE SALENTINO,40.390556,17.875278,2026-05-21 06:30:00,precip_10min_interval,0.0,mm,2026-05-21T08:05:06.144682
0PU42,SALICE SALENTINO,40.390556,17.875278,2026-05-21 06:30:00,ws_10m_hourly,4.2,m/s,2026-05-21T08:05:11.832837
0PU42,SALICE SALENTINO,40.390556,17.875278,2026-05-21 06:30:00,ws_2m_hourly,2.7,m/s,2026-05-21T08:05:11.832834
0PU43,LUCUGNANO,39.930279,18.3225,2026-05-21 06:30:00,precip_10min_interval,0.0,mm,2026-05-21T08:05:06.144750
0PU43,LUCUGNANO,39.930279,18.3225,2026-05-21 06:30:00,ws_10m_hourly,4.1,m/s,2026-05-21T08:05:11.832979
0PU43,LUCUGNANO,39.930279,18.3225,2026-05-21 06:30:00,ws_2m_hourly,2.3,m/s,2026-05-21T08:05:11.832976
0PU44,MANDURIA,40.381943,17.621111,2026-05-21 06:30:00,precip_10min_interval,0.0,mm,2026-05-21T08:05:06.144811
0PU44,MANDURIA,40.381943,17.621111,2026-05-21 06:30:00,ws_10m_hourly,4.9,m/s,2026-05-21T08:05:11.833112
0PU44,MANDURIA,40.381943,17.621111,2026-05-21 06:30:00,ws_2m_hourly,3.4,m/s,2026-05-21T08:05:11.833109
0PU45,MOTTOLA,40.675556,16.996111,2026-05-21 06:30:00,precip_10min_interval,0.0,mm,2026-05-21T08:05:06.144879
0PU45,MOTTOLA,40.675556,16.996111,2026-05-21 06:30:00,ws_10m_hourly,5.0,m/s,2026-05-21T08:05:11.833246
0PU45,MOTTOLA,40.675556,16.996111,2026-05-21 06:30:00,ws_2m_hourly,2.4,m/s,2026-05-21T08:05:11.833243
0PU46,MASSAFRA,40.582779,17.091944,2026-05-21 06:30:00,precip_10min_interval,0.0,mm,2026-05-21T08:05:06.144950
0PU46,MASSAFRA,40.582779,17.091944,2026-05-21 06:30:00,ws_10m_hourly,5.6,m/s,2026-05-21T08:05:11.833374
0PU46,MASSAFRA,40.582779,17.091944,2026-05-21 06:30:00,ws_2m_hourly,3.6,m/s,2026-05-21T08:05:11.833369
0PU47,CASTELLANETA,40.494446,16.878889,2026-05-21 06:30:00,precip_10min_interval,0.0,mm,2026-05-21T08:05:06.145017
0PU47,CASTELLANETA,40.494446,16.878889,2026-05-21 06:30:00,ws_10m_hourly,4.3,m/s,2026-05-21T08:05:11.833499
0PU47,CASTELLANETA,40.494446,16.878889,2026-05-21 06:30:00,ws_2m_hourly,1.7,m/s,2026-05-21T08:05:11.833496
0PU48,BARI C.N.R. IRSA,41.116943,16.820557,2026-05-21 06:30:00,precip_10min_interval,0.0,mm,2026-05-21T08:05:06.145080
0PU48,BARI C.N.R. IRSA,41.116943,16.820557,2026-05-21 06:30:00,ws_10m_hourly,3.6,m/s,2026-05-21T08:05:11.833625
0PU48,BARI C.N.R. IRSA,41.116943,16.820557,2026-05-21 06:30:00,ws_2m_hourly,2.1,m/s,2026-05-21T08:05:11.833622
0PU49,LOCOROTONDO ITAS,40.757221,17.340834,2026-05-21 06:30:00,precip_10min_interval,0.0,mm,2026-05-21T08:05:06.145144
0PU49,LOCOROTONDO ITAS,40.757221,17.340834,2026-05-21 06:30:00,ws_10m_hourly,5.1,m/s,2026-05-21T08:05:11.833757
0PU49,LOCOROTONDO ITAS,40.757221,17.340834,2026-05-21 06:30:00,ws_2m_hourly,3.3,m/s,2026-05-21T08:05:11.833754
0PU53,TORITTO,40.957222,16.567223,2026-05-21 06:30:00,precip_10min_interval,0.0,mm,2026-05-21T08:05:06.145211
0PU53,TORITTO,40.957222,16.567223,2026-05-21 06:30:00,ws_10m_hourly,6.9,m/s,2026-05-21T08:05:11.833900
0PU53,TORITTO,40.957222,16.567223,2026-05-21 06:30:00,ws_2m_hourly,5.6,m/s,2026-05-21T08:05:11.833897
0PU54,TORRE SANTA SUSANNA,40.459442,17.724722,2026-05-21 06:30:00,precip_10min_interval,0.0,mm,2026-05-21T08:05:06.145275
0PU54,TORRE SANTA SUSANNA,40.459442,17.724722,2026-05-21 06:30:00,ws_10m_hourly,3.9,m/s,2026-05-21T08:05:11.834039
0PU54,TORRE SANTA SUSANNA,40.459442,17.724722,2026-05-21 06:30:00,ws_2m_hourly,0.6,m/s,2026-05-21T08:05:11.834036
0PU55,LESINA-RIPALTA,41.8475,15.266111,2026-05-21 06:30:00,precip_10min_interval,0.0,mm,2026-05-21T08:05:06.145342
0PU55,LESINA-RIPALTA,41.8475,15.266111,2026-05-21 06:30:00,ws_10m_hourly,4.3,m/s,2026-05-21T08:05:11.834178
0PU55,LESINA-RIPALTA,41.8475,15.266111,2026-05-21 06:30:00,ws_2m_hourly,2.7,m/s,2026-05-21T08:05:11.834175
0PU56,CARLANTINO,41.588333,14.983611,2026-05-21 06:30:00,precip_10min_interval,0.0,mm,2026-05-21T08:05:06.145412
0PU56,CARLANTINO,41.588333,14.983611,2026-05-21 06:30:00,ws_10m_hourly,4.6,m/s,2026-05-21T08:05:11.834309
0PU56,CARLANTINO,41.588333,14.983611,2026-05-21 06:30:00,ws_2m_hourly,2.9,m/s,2026-05-21T08:05:11.834306
0PU57,SANT'AGATA DI PUGLIA,41.150276,15.46,2026-05-21 06:30:00,precip_10min_interval,0.0,mm,2026-05-21T08:05:06.145475
0PU57,SANT'AGATA DI PUGLIA,41.150276,15.46,2026-05-21 06:30:00,ws_10m_hourly,1.7,m/s,2026-05-21T08:05:11.834448
0PU57,SANT'AGATA DI PUGLIA,41.150276,15.46,2026-05-21 06:30:00,ws_2m_hourly,1.2,m/s,2026-05-21T08:05:11.834443
0PU58,GINOSA,40.556389,16.843611,2026-05-21 06:30:00,precip_10min_interval,0.0,mm,2026-05-21T08:05:06.145544
0PU58,GINOSA,40.556389,16.843611,2026-05-21 06:30:00,ws_10m_hourly,5.2,m/s,2026-05-21T08:05:11.834588
0PU58,GINOSA,40.556389,16.843611,2026-05-21 06:30:00,ws_2m_hourly,3.8,m/s,2026-05-21T08:05:11.834585
0PU59,PALAGIANELLO,40.578335,16.975279,2026-05-21 06:30:00,precip_10min_interval,0.0,mm,2026-05-21T08:05:06.145613
0PU59,PALAGIANELLO,40.578335,16.975279,2026-05-21 06:30:00,ws_10m_hourly,4.5,m/s,2026-05-21T08:05:11.834723
0PU59,PALAGIANELLO,40.578335,16.975279,2026-05-21 06:30:00,ws_2m_hourly,2.8,m/s,2026-05-21T08:05:11.834720
0PU60,MINERVINO DI LECCE,40.093613,18.418612,2026-05-21 06:30:00,precip_10min_interval,0.0,mm,2026-05-21T08:05:06.145680
0PU60,MINERVINO DI LECCE,40.093613,18.418612,2026-05-21 06:30:00,ws_10m_hourly,5.1,m/s,2026-05-21T08:05:11.834857
0PU60,MINERVINO DI LECCE,40.093613,18.418612,2026-05-21 06:30:00,ws_2m_hourly,3.3,m/s,2026-05-21T08:05:11.834854
0PU61,NARDO',40.171391,17.976389,2026-05-21 06:30:00,precip_10min_interval,0.0,mm,2026-05-21T08:05:06.145751
0PU61,NARDO',40.171391,17.976389,2026-05-21 06:30:00,ws_10m_hourly,6.3,m/s,2026-05-21T08:05:11.835010
0PU61,NARDO',40.171391,17.976389,2026-05-21 06:30:00,ws_2m_hourly,2.4,m/s,2026-05-21T08:05:11.835007
MBA20,IPSAA,41.22139,16.049723,2026-05-21 06:30:00,precip_10min_interval,0.0,mm,2026-05-21T08:05:06.145818
MBA20,IPSAA,41.22139,16.049723,2026-05-21 06:30:00,ws_2m_hourly,1.1,m/s,2026-05-21T08:05:11.835117
MBA21,MONTEGROSSO,41.132778,16.185833,2026-05-21 06:30:00,precip_10min_interval,0.0,mm,2026-05-21T08:05:06.145888
MBA21,MONTEGROSSO,41.132778,16.185833,2026-05-21 06:30:00,ws_2m_hourly,2.8,m/s,2026-05-21T08:05:11.835187
MBA22,S.P. SANTERAMO,40.80611,16.591389,2026-05-21 06:30:00,precip_10min_interval,0.0,mm,2026-05-21T08:05:06.145965
MBA22,S.P. SANTERAMO,40.80611,16.591389,2026-05-21 06:30:00,ws_2m_hourly,3.3,m/s,2026-05-21T08:05:11.835256
MBA24,CASSANO DELLE MURGE,40.918888,16.78861,2026-05-21 06:30:00,precip_10min_interval,0.0,mm,2026-05-21T08:05:06.146040
MBA24,CASSANO DELLE MURGE,40.918888,16.78861,2026-05-21 06:30:00,ws_2m_hourly,2.7,m/s,2026-05-21T08:05:11.835323
MBA25,SANTERAMO IN COLLE,40.78611,16.775833,2026-05-21 06:30:00,precip_10min_interval,0.0,mm,2026-05-21T08:05:06.146108
MBA25,SANTERAMO IN COLLE,40.78611,16.775833,2026-05-21 06:30:00,ws_2m_hourly,3.2,m/s,2026-05-21T08:05:11.835391
MBA26,CAMPO SPER. UNIBA,41.023609,16.906389,2026-05-21 06:30:00,precip_10min_interval,0.0,mm,2026-05-21T08:05:06.146174
MBA26,CAMPO SPER. UNIBA,41.023609,16.906389,2026-05-21 06:30:00,ws_2m_hourly,1.9,m/s,2026-05-21T08:05:11.835463
MBA27,SERRONE(AZ.AGR.MANCINI),40.921391,16.947222,2026-05-21 06:30:00,precip_10min_interval,0.0,mm,2026-05-21T08:05:06.146246
MBA27,SERRONE(AZ.AGR.MANCINI),40.921391,16.947222,2026-05-21 06:30:00,ws_2m_hourly,3.0,m/s,2026-05-21T08:05:11.835530
MBA28,MURGIA ANTICI,40.715557,17.106667,2026-05-21 06:30:00,precip_10min_interval,0.0,mm,2026-05-21T08:05:06.146314
MBA28,MURGIA ANTICI,40.715557,17.106667,2026-05-21 06:30:00,ws_2m_hourly,2.8,m/s,2026-05-21T08:05:11.835605
MBA29,LAMENDOLA I,40.812222,17.164167,2026-05-21 06:30:00,precip_10min_interval,0.0,mm,2026-05-21T08:05:06.146383
MBA29,LAMENDOLA I,40.812222,17.164167,2026-05-21 06:30:00,ws_2m_hourly,2.7,m/s,2026-05-21T08:05:11.835669
MBR30,FASCIANELLO,40.860279,17.364166,2026-05-21 06:30:00,precip_10min_interval,0.0,mm,2026-05-21T08:05:06.146453
MBR30,FASCIANELLO,40.860279,17.364166,2026-05-21 06:30:00,ws_2m_hourly,4.8,m/s,2026-05-21T08:05:11.835741
MBR31,FERRUZZO,40.62389,17.497499,2026-05-21 06:30:00,precip_10min_interval,0.0,mm,2026-05-21T08:05:06.146520
MBR31,FERRUZZO,40.62389,17.497499,2026-05-21 06:30:00,ws_2m_hourly,2.8,m/s,2026-05-21T08:05:11.835810
MFG01,S. LUCIA,41.470554,15.363889,2026-05-21 06:30:00,precip_10min_interval,0.0,mm,2026-05-21T08:05:06.146592
MFG01,S. LUCIA,41.470554,15.363889,2026-05-21 06:30:00,ws_2m_hourly,1.5,m/s,2026-05-21T08:05:11.835879
MFG02,SERRA DEI BISI,41.347778,15.282778,2026-05-21 06:30:00,precip_10min_interval,0.0,mm,2026-05-21T08:05:06.146660
MFG02,SERRA DEI BISI,41.347778,15.282778,2026-05-21 06:30:00,ws_2m_hourly,2.6,m/s,2026-05-21T08:05:11.835959
MFG03,LA PESCIA,41.40889,15.756667,2026-05-21 06:30:00,precip_10min_interval,0.0,mm,2026-05-21T08:05:06.146731
MFG03,LA PESCIA,41.40889,15.756667,2026-05-21 06:30:00,ws_2m_hourly,2.0,m/s,2026-05-21T08:05:11.836029
MFG04,TRE SANTI,41.393612,15.848056,2026-05-21 06:30:00,precip_10min_interval,0.0,mm,2026-05-21T08:05:06.146797
MFG04,TRE SANTI,41.393612,15.848056,2026-05-21 06:30:00,ws_2m_hourly,2.9,m/s,2026-05-21T08:05:11.836098
MFG05,RIVOLI,41.470833,15.929444,2026-05-21 06:30:00,precip_10min_interval,0.0,mm,2026-05-21T08:05:06.146876
MFG05,RIVOLI,41.470833,15.929444,2026-05-21 06:30:00,ws_2m_hourly,2.2,m/s,2026-05-21T08:05:11.836173
MFG06,TAVOLETTA,41.194168,15.932222,2026-05-21 06:30:00,precip_10min_interval,0.0,mm,2026-05-21T08:05:06.146956
MFG06,TAVOLETTA,41.194168,15.932222,2026-05-21 06:30:00,ws_2m_hourly,3.6,m/s,2026-05-21T08:05:11.836243
MFG07,COPPA D'ORO,41.421665,15.606944,2026-05-21 06:30:00,precip_10min_interval,0.0,mm,2026-05-21T08:05:06.147025
MFG07,COPPA D'ORO,41.421665,15.606944,2026-05-21 06:30:00,ws_2m_hourly,4.0,m/s,2026-05-21T08:05:11.836316
MFG09,ARIOLA,41.8325,15.859722,2026-05-21 06:30:00,precip_10min_interval,0.0,mm,2026-05-21T08:05:06.147099
MFG09,ARIOLA,41.8325,15.859722,2026-05-21 06:30:00,ws_2m_hourly,0.4,m/s,2026-05-21T08:05:11.836381
MFG10,MATINE CARNE SALATA,41.651943,15.706389,2026-05-21 06:30:00,precip_10min_interval,0.0,mm,2026-05-21T08:05:06.147168
MFG10,MATINE CARNE SALATA,41.651943,15.706389,2026-05-21 06:30:00,ws_2m_hourly,2.0,m/s,2026-05-21T08:05:11.836459
MFG11,SELVA DELLE GROTTE,41.714722,15.148056,2026-05-21 06:30:00,precip_10min_interval,0.0,mm,2026-05-21T08:05:06.147238
MFG11,SELVA DELLE GROTTE,41.714722,15.148056,2026-05-21 06:30:00,ws_2m_hourly,0.7,m/s,2026-05-21T08:05:11.836528
MFG13,BISCIGLIETO,41.142502,15.662778,2026-05-21 06:30:00,precip_10min_interval,0.0,mm,2026-05-21T08:05:06.147309
MFG13,BISCIGLIETO,41.142502,15.662778,2026-05-21 06:30:00,ws_2m_hourly,4.8,m/s,2026-05-21T08:05:11.836597
MFG14,S. LUCIA,41.922779,15.874722,2026-05-21 06:30:00,precip_10min_interval,0.0,mm,2026-05-21T08:05:06.147374
MFG14,S. LUCIA,41.922779,15.874722,2026-05-21 06:30:00,ws_2m_hourly,1.1,m/s,2026-05-21T08:05:11.836665
MFG15,CASA LORDA,41.62389,15.403056,2026-05-21 06:30:00,precip_10min_interval,0.0,mm,2026-05-21T08:05:06.147446
MFG15,CASA LORDA,41.62389,15.403056,2026-05-21 06:30:00,ws_2m_hourly,2.8,m/s,2026-05-21T08:05:11.836733
MFG16,QUERCIA COPPE,41.693054,15.756944,2026-05-21 06:30:00,precip_10min_interval,0.0,mm,2026-05-21T08:05:06.147513
MFG16,QUERCIA COPPE,41.693054,15.756944,2026-05-21 06:30:00,ws_2m_hourly,4.3,m/s,2026-05-21T08:05:11.836806
MFG17,CARRO CHIUSO,41.284168,16.077223,2026-05-21 06:30:00,precip_10min_interval,0.0,mm,2026-05-21T08:05:06.147584
MFG17,CARRO CHIUSO,41.284168,16.077223,2026-05-21 06:30:00,ws_2m_hourly,1.5,m/s,2026-05-21T08:05:11.836877
MFG18,VIESTE,41.901669,16.080557,2026-05-21 06:30:00,precip_10min_interval,0.0,mm,2026-05-21T08:05:06.147658
MFG18,VIESTE,41.901669,16.080557,2026-05-21 06:30:00,ws_2m_hourly,2.1,m/s,2026-05-21T08:05:11.836955
MFG19,FOGGIA MONTEROZZI,41.521111,15.591944,2026-05-21 06:30:00,precip_10min_interval,0.0,mm,2026-05-21T08:05:06.147727
MFG19,FOGGIA MONTEROZZI,41.521111,15.591944,2026-05-21 06:30:00,ws_2m_hourly,4.4,m/s,2026-05-21T08:05:11.837022
MLE34,BARBARO,39.980831,18.1525,2026-05-21 06:30:00,precip_10min_interval,0.0,mm,2026-05-21T08:05:06.147802
MLE34,BARBARO,39.980831,18.1525,2026-05-21 06:30:00,ws_2m_hourly,4.2,m/s,2026-05-21T08:05:11.837095
MLE35,MALOPRA,40.225555,18.299168,2026-05-21 06:30:00,precip_10min_interval,0.0,mm,2026-05-21T08:05:06.147866
MLE35,MALOPRA,40.225555,18.299168,2026-05-21 06:30:00,ws_2m_hourly,3.0,m/s,2026-05-21T08:05:11.837165
MTA32,MARTINA FRANCA,40.634724,17.277779,2026-05-21 06:30:00,precip_10min_interval,0.0,mm,2026-05-21T08:05:06.147948
MTA32,MARTINA FRANCA,40.634724,17.277779,2026-05-21 06:30:00,ws_2m_hourly,2.8,m/s,2026-05-21T08:05:11.837233
0PU01,GUROLAMANNA,40.916111,16.447779,2026-05-21 06:40:00,precip_10min_interval,0.0,mm,2026-05-21T08:05:06.142640
0PU01,GUROLAMANNA,40.916111,16.447779,2026-05-21 06:40:00,ws_10m_hourly,5.8,m/s,2026-05-21T08:05:11.828643
0PU01,GUROLAMANNA,40.916111,16.447779,2026-05-21 06:40:00,ws_2m_hourly,3.9,m/s,2026-05-21T08:05:11.828637
0PU03,LIMELLI D'IMPERATORE,40.883057,16.3125,2026-05-21 06:40:00,precip_10min_interval,0.0,mm,2026-05-21T08:05:06.142719
0PU03,LIMELLI D'IMPERATORE,40.883057,16.3125,2026-05-21 06:40:00,ws_10m_hourly,5.4,m/s,2026-05-21T08:05:11.828780
0PU03,LIMELLI D'IMPERATORE,40.883057,16.3125,2026-05-21 06:40:00,ws_2m_hourly,3.2,m/s,2026-05-21T08:05:11.828777
0PU04,OTTAVA SEDICI,40.7925,17.481943,2026-05-21 06:40:00,precip_10min_interval,0.0,mm,2026-05-21T08:05:06.142787
0PU04,OTTAVA SEDICI,40.7925,17.481943,2026-05-21 06:40:00,ws_10m_hourly,4.3,m/s,2026-05-21T08:05:11.828918
0PU04,OTTAVA SEDICI,40.7925,17.481943,2026-05-21 06:40:00,ws_2m_hourly,1.2,m/s,2026-05-21T08:05:11.828915
0PU06,MAINE,40.543056,18.032223,2026-05-21 06:40:00,precip_10min_interval,0.0,mm,2026-05-21T08:05:06.142850
0PU06,MAINE,40.543056,18.032223,2026-05-21 06:40:00,ws_10m_hourly,2.3,m/s,2026-05-21T08:05:11.829065
0PU06,MAINE,40.543056,18.032223,2026-05-21 06:40:00,ws_2m_hourly,0.5,m/s,2026-05-21T08:05:11.829062
0PU07,TRIONFO,41.347221,15.744167,2026-05-21 06:40:00,precip_10min_interval,0.0,mm,2026-05-21T08:05:06.142911
0PU07,TRIONFO,41.347221,15.744167,2026-05-21 06:40:00,ws_10m_hourly,3.6,m/s,2026-05-21T08:05:11.829194
0PU07,TRIONFO,41.347221,15.744167,2026-05-21 06:40:00,ws_2m_hourly,0.2,m/s,2026-05-21T08:05:11.829191
0PU08,TORRETTA,41.542221,15.173889,2026-05-21 06:40:00,precip_10min_interval,0.0,mm,2026-05-21T08:05:06.143003
0PU08,TORRETTA,41.542221,15.173889,2026-05-21 06:40:00,ws_10m_hourly,4.6,m/s,2026-05-21T08:05:11.829323
0PU08,TORRETTA,41.542221,15.173889,2026-05-21 06:40:00,ws_2m_hourly,0.0,m/s,2026-05-21T08:05:11.829319
0PU10,FRASSANITO,40.237221,18.441389,2026-05-21 06:40:00,precip_10min_interval,0.0,mm,2026-05-21T08:05:06.143070
0PU10,FRASSANITO,40.237221,18.441389,2026-05-21 06:40:00,ws_10m_hourly,5.5,m/s,2026-05-21T08:05:11.829449
0PU10,FRASSANITO,40.237221,18.441389,2026-05-21 06:40:00,ws_2m_hourly,3.0,m/s,2026-05-21T08:05:11.829446
0PU11,BADESSA,40.470554,18.097221,2026-05-21 06:40:00,precip_10min_interval,0.0,mm,2026-05-21T08:05:06.143135
0PU11,BADESSA,40.470554,18.097221,2026-05-21 06:40:00,ws_10m_hourly,4.2,m/s,2026-05-21T08:05:11.829577
0PU11,BADESSA,40.470554,18.097221,2026-05-21 06:40:00,ws_2m_hourly,2.3,m/s,2026-05-21T08:05:11.829572
0PU12,CONTE,39.981945,18.067499,2026-05-21 06:40:00,precip_10min_interval,0.0,mm,2026-05-21T08:05:06.143203
0PU12,CONTE,39.981945,18.067499,2026-05-21 06:40:00,ws_10m_hourly,4.2,m/s,2026-05-21T08:05:11.829703
0PU12,CONTE,39.981945,18.067499,2026-05-21 06:40:00,ws_2m_hourly,0.7,m/s,2026-05-21T08:05:11.829697
0PU13,TORRICELLA,40.343334,17.487778,2026-05-21 06:40:00,precip_10min_interval,0.0,mm,2026-05-21T08:05:06.143266
0PU13,TORRICELLA,40.343334,17.487778,2026-05-21 06:40:00,ws_10m_hourly,5.7,m/s,2026-05-21T08:05:11.829833
0PU13,TORRICELLA,40.343334,17.487778,2026-05-21 06:40:00,ws_2m_hourly,3.3,m/s,2026-05-21T08:05:11.829830
0PU14,TAFURI,40.680832,16.867779,2026-05-21 06:40:00,precip_10min_interval,0.0,mm,2026-05-21T08:05:06.143330
0PU14,TAFURI,40.680832,16.867779,2026-05-21 06:40:00,ws_10m_hourly,6.6,m/s,2026-05-21T08:05:11.829975
0PU14,TAFURI,40.680832,16.867779,2026-05-21 06:40:00,ws_2m_hourly,3.5,m/s,2026-05-21T08:05:11.829972
0PU16,ANDRIA,41.202221,16.201944,2026-05-21 06:40:00,precip_10min_interval,0.0,mm,2026-05-21T08:05:06.143391
0PU16,ANDRIA,41.202221,16.201944,2026-05-21 06:40:00,ws_10m_hourly,2.6,m/s,2026-05-21T08:05:11.830103
0PU16,ANDRIA,41.202221,16.201944,2026-05-21 06:40:00,ws_2m_hourly,0.7,m/s,2026-05-21T08:05:11.830099
0PU17,OSTUNI-SAROLO,40.688332,17.413889,2026-05-21 06:40:00,precip_10min_interval,0.0,mm,2026-05-21T08:05:06.143460
0PU17,OSTUNI-SAROLO,40.688332,17.413889,2026-05-21 06:40:00,ws_10m_hourly,4.2,m/s,2026-05-21T08:05:11.830228
0PU17,OSTUNI-SAROLO,40.688332,17.413889,2026-05-21 06:40:00,ws_2m_hourly,1.9,m/s,2026-05-21T08:05:11.830226
0PU18,MONOPOLI,40.919445,17.294443,2026-05-21 06:40:00,precip_10min_interval,0.0,mm,2026-05-21T08:05:06.143523
0PU18,MONOPOLI,40.919445,17.294443,2026-05-21 06:40:00,ws_10m_hourly,4.5,m/s,2026-05-21T08:05:11.830356
0PU18,MONOPOLI,40.919445,17.294443,2026-05-21 06:40:00,ws_2m_hourly,2.6,m/s,2026-05-21T08:05:11.830353
0PU19,TERLIZZI,41.120834,16.549168,2026-05-21 06:40:00,precip_10min_interval,0.0,mm,2026-05-21T08:05:06.143585
0PU19,TERLIZZI,41.120834,16.549168,2026-05-21 06:40:00,ws_10m_hourly,1.5,m/s,2026-05-21T08:05:11.830487
0PU19,TERLIZZI,41.120834,16.549168,2026-05-21 06:40:00,ws_2m_hourly,0.6,m/s,2026-05-21T08:05:11.830484
0PU20,VILLA CASTELLI,40.553055,17.504444,2026-05-21 06:40:00,precip_10min_interval,0.0,mm,2026-05-21T08:05:06.143648
0PU20,VILLA CASTELLI,40.553055,17.504444,2026-05-21 06:40:00,ws_10m_hourly,5.2,m/s,2026-05-21T08:05:11.830614
0PU20,VILLA CASTELLI,40.553055,17.504444,2026-05-21 06:40:00,ws_2m_hourly,3.0,m/s,2026-05-21T08:05:11.830611
0PU21,CAROVIGNO,40.691944,17.630278,2026-05-21 06:40:00,precip_10min_interval,0.0,mm,2026-05-21T08:05:06.143712
0PU21,CAROVIGNO,40.691944,17.630278,2026-05-21 06:40:00,ws_10m_hourly,4.3,m/s,2026-05-21T08:05:11.830742
0PU21,CAROVIGNO,40.691944,17.630278,2026-05-21 06:40:00,ws_2m_hourly,1.3,m/s,2026-05-21T08:05:11.830739
0PU22,APRICENA,41.773335,15.438611,2026-05-21 06:40:00,precip_10min_interval,0.0,mm,2026-05-21T08:05:06.143777
0PU22,APRICENA,41.773335,15.438611,2026-05-21 06:40:00,ws_10m_hourly,2.0,m/s,2026-05-21T08:05:11.830879
0PU22,APRICENA,41.773335,15.438611,2026-05-21 06:40:00,ws_2m_hourly,0.1,m/s,2026-05-21T08:05:11.830876
0PU23,MANFREDONIA,41.541389,15.885833,2026-05-21 06:40:00,precip_10min_interval,0.0,mm,2026-05-21T08:05:06.143842
0PU23,MANFREDONIA,41.541389,15.885833,2026-05-21 06:40:00,ws_10m_hourly,3.0,m/s,2026-05-21T08:05:11.831016
0PU23,MANFREDONIA,41.541389,15.885833,2026-05-21 06:40:00,ws_2m_hourly,1.1,m/s,2026-05-21T08:05:11.831013
0PU25,NOCIGLIA,40.034443,18.313057,2026-05-21 06:40:00,precip_10min_interval,0.0,mm,2026-05-21T08:05:06.143906
0PU25,NOCIGLIA,40.034443,18.313057,2026-05-21 06:40:00,ws_10m_hourly,4.6,m/s,2026-05-21T08:05:11.831144
0PU25,NOCIGLIA,40.034443,18.313057,2026-05-21 06:40:00,ws_2m_hourly,2.5,m/s,2026-05-21T08:05:11.831139
0PU27,GROTTAGLIE,40.53389,17.362778,2026-05-21 06:40:00,ws_10m_hourly,4.3,m/s,2026-05-21T08:05:11.831275
0PU27,GROTTAGLIE,40.53389,17.362778,2026-05-21 06:40:00,ws_2m_hourly,2.6,m/s,2026-05-21T08:05:11.831271
0PU28,TRANI,41.247501,16.415556,2026-05-21 06:40:00,precip_10min_interval,0.0,mm,2026-05-21T08:05:06.143976
0PU28,TRANI,41.247501,16.415556,2026-05-21 06:40:00,ws_10m_hourly,3.3,m/s,2026-05-21T08:05:11.831397
0PU28,TRANI,41.247501,16.415556,2026-05-21 06:40:00,ws_2m_hourly,2.3,m/s,2026-05-21T08:05:11.831391
0PU30,NOICATTARO,41.021942,16.967777,2026-05-21 06:40:00,precip_10min_interval,0.0,mm,2026-05-21T08:05:06.144041
0PU30,NOICATTARO,41.021942,16.967777,2026-05-21 06:40:00,ws_10m_hourly,2.0,m/s,2026-05-21T08:05:11.831526
0PU30,NOICATTARO,41.021942,16.967777,2026-05-21 06:40:00,ws_2m_hourly,1.0,m/s,2026-05-21T08:05:11.831523
0PU31,ALBEROBELLO,40.790558,17.233334,2026-05-21 06:40:00,precip_10min_interval,0.0,mm,2026-05-21T08:05:06.144102
0PU31,ALBEROBELLO,40.790558,17.233334,2026-05-21 06:40:00,ws_10m_hourly,3.7,m/s,2026-05-21T08:05:11.831653
0PU31,ALBEROBELLO,40.790558,17.233334,2026-05-21 06:40:00,ws_2m_hourly,1.9,m/s,2026-05-21T08:05:11.831650
0PU33,MOCCARI,40.558334,17.851667,2026-05-21 06:40:00,precip_10min_interval,0.0,mm,2026-05-21T08:05:06.144164
0PU33,MOCCARI,40.558334,17.851667,2026-05-21 06:40:00,ws_10m_hourly,4.1,m/s,2026-05-21T08:05:11.831785
0PU33,MOCCARI,40.558334,17.851667,2026-05-21 06:40:00,ws_2m_hourly,2.1,m/s,2026-05-21T08:05:11.831782
0PU34,LATIANO,40.548332,17.688057,2026-05-21 06:40:00,precip_10min_interval,0.0,mm,2026-05-21T08:05:06.144226
0PU34,LATIANO,40.548332,17.688057,2026-05-21 06:40:00,ws_10m_hourly,3.7,m/s,2026-05-21T08:05:11.831912
0PU34,LATIANO,40.548332,17.688057,2026-05-21 06:40:00,ws_2m_hourly,2.4,m/s,2026-05-21T08:05:11.831909
0PU35,SAN VITO DEI NORMANNI,40.629166,17.73361,2026-05-21 06:40:00,precip_10min_interval,0.0,mm,2026-05-21T08:05:06.144286
0PU35,SAN VITO DEI NORMANNI,40.629166,17.73361,2026-05-21 06:40:00,ws_10m_hourly,6.1,m/s,2026-05-21T08:05:11.832049
0PU35,SAN VITO DEI NORMANNI,40.629166,17.73361,2026-05-21 06:40:00,ws_2m_hourly,3.6,m/s,2026-05-21T08:05:11.832046
0PU36,VILLANOVA,41.654167,15.586667,2026-05-21 06:40:00,precip_10min_interval,0.0,mm,2026-05-21T08:05:06.144351
0PU36,VILLANOVA,41.654167,15.586667,2026-05-21 06:40:00,ws_10m_hourly,11.4,m/s,2026-05-21T08:05:11.832176
0PU36,VILLANOVA,41.654167,15.586667,2026-05-21 06:40:00,ws_2m_hourly,6.6,m/s,2026-05-21T08:05:11.832172
0PU37,TROIA,41.336388,15.382778,2026-05-21 06:40:00,precip_10min_interval,0.0,mm,2026-05-21T08:05:06.144410
0PU37,TROIA,41.336388,15.382778,2026-05-21 06:40:00,ws_10m_hourly,4.7,m/s,2026-05-21T08:05:11.832303
0PU37,TROIA,41.336388,15.382778,2026-05-21 06:40:00,ws_2m_hourly,2.5,m/s,2026-05-21T08:05:11.832300
0PU38,BORGO LA ROCCA,41.558334,15.516111,2026-05-21 06:40:00,precip_10min_interval,0.0,mm,2026-05-21T08:05:06.144476
0PU38,BORGO LA ROCCA,41.558334,15.516111,2026-05-21 06:40:00,ws_10m_hourly,3.5,m/s,2026-05-21T08:05:11.832436
0PU38,BORGO LA ROCCA,41.558334,15.516111,2026-05-21 06:40:00,ws_2m_hourly,2.7,m/s,2026-05-21T08:05:11.832433
0PU40,ARCHE,40.273888,18.013611,2026-05-21 06:40:00,precip_10min_interval,0.0,mm,2026-05-21T08:05:06.144555
0PU40,ARCHE,40.273888,18.013611,2026-05-21 06:40:00,ws_10m_hourly,4.8,m/s,2026-05-21T08:05:11.832577
0PU40,ARCHE,40.273888,18.013611,2026-05-21 06:40:00,ws_2m_hourly,1.9,m/s,2026-05-21T08:05:11.832574
0PU41,LECCE,40.326668,18.139999,2026-05-21 06:40:00,precip_10min_interval,0.0,mm,2026-05-21T08:05:06.144621
0PU41,LECCE,40.326668,18.139999,2026-05-21 06:40:00,ws_10m_hourly,3.0,m/s,2026-05-21T08:05:11.832710
0PU41,LECCE,40.326668,18.139999,2026-05-21 06:40:00,ws_2m_hourly,1.8,m/s,2026-05-21T08:05:11.832707
0PU42,SALICE SALENTINO,40.390556,17.875278,2026-05-21 06:40:00,precip_10min_interval,0.0,mm,2026-05-21T08:05:06.144685
0PU42,SALICE SALENTINO,40.390556,17.875278,2026-05-21 06:40:00,ws_10m_hourly,4.3,m/s,2026-05-21T08:05:11.832845
0PU42,SALICE SALENTINO,40.390556,17.875278,2026-05-21 06:40:00,ws_2m_hourly,2.7,m/s,2026-05-21T08:05:11.832842
0PU43,LUCUGNANO,39.930279,18.3225,2026-05-21 06:40:00,precip_10min_interval,0.0,mm,2026-05-21T08:05:06.144753
0PU43,LUCUGNANO,39.930279,18.3225,2026-05-21 06:40:00,ws_10m_hourly,4.3,m/s,2026-05-21T08:05:11.832987
0PU43,LUCUGNANO,39.930279,18.3225,2026-05-21 06:40:00,ws_2m_hourly,2.5,m/s,2026-05-21T08:05:11.832984
0PU44,MANDURIA,40.381943,17.621111,2026-05-21 06:40:00,precip_10min_interval,0.0,mm,2026-05-21T08:05:06.144814
0PU44,MANDURIA,40.381943,17.621111,2026-05-21 06:40:00,ws_10m_hourly,5.0,m/s,2026-05-21T08:05:11.833117
0PU44,MANDURIA,40.381943,17.621111,2026-05-21 06:40:00,ws_2m_hourly,3.4,m/s,2026-05-21T08:05:11.833114
0PU45,MOTTOLA,40.675556,16.996111,2026-05-21 06:40:00,precip_10min_interval,0.0,mm,2026-05-21T08:05:06.144882
0PU45,MOTTOLA,40.675556,16.996111,2026-05-21 06:40:00,ws_10m_hourly,4.6,m/s,2026-05-21T08:05:11.833252
0PU45,MOTTOLA,40.675556,16.996111,2026-05-21 06:40:00,ws_2m_hourly,1.4,m/s,2026-05-21T08:05:11.833250
0PU46,MASSAFRA,40.582779,17.091944,2026-05-21 06:40:00,precip_10min_interval,0.0,mm,2026-05-21T08:05:06.144955
0PU46,MASSAFRA,40.582779,17.091944,2026-05-21 06:40:00,ws_10m_hourly,5.0,m/s,2026-05-21T08:05:11.833381
0PU46,MASSAFRA,40.582779,17.091944,2026-05-21 06:40:00,ws_2m_hourly,3.0,m/s,2026-05-21T08:05:11.833377
0PU47,CASTELLANETA,40.494446,16.878889,2026-05-21 06:40:00,precip_10min_interval,0.0,mm,2026-05-21T08:05:06.145020
0PU47,CASTELLANETA,40.494446,16.878889,2026-05-21 06:40:00,ws_10m_hourly,4.8,m/s,2026-05-21T08:05:11.833507
0PU47,CASTELLANETA,40.494446,16.878889,2026-05-21 06:40:00,ws_2m_hourly,2.0,m/s,2026-05-21T08:05:11.833501
0PU48,BARI C.N.R. IRSA,41.116943,16.820557,2026-05-21 06:40:00,precip_10min_interval,0.0,mm,2026-05-21T08:05:06.145082
0PU48,BARI C.N.R. IRSA,41.116943,16.820557,2026-05-21 06:40:00,ws_10m_hourly,3.6,m/s,2026-05-21T08:05:11.833631
0PU48,BARI C.N.R. IRSA,41.116943,16.820557,2026-05-21 06:40:00,ws_2m_hourly,2.4,m/s,2026-05-21T08:05:11.833628
0PU49,LOCOROTONDO ITAS,40.757221,17.340834,2026-05-21 06:40:00,precip_10min_interval,0.0,mm,2026-05-21T08:05:06.145147
0PU49,LOCOROTONDO ITAS,40.757221,17.340834,2026-05-21 06:40:00,ws_10m_hourly,4.6,m/s,2026-05-21T08:05:11.833763
0PU49,LOCOROTONDO ITAS,40.757221,17.340834,2026-05-21 06:40:00,ws_2m_hourly,2.9,m/s,2026-05-21T08:05:11.833760
0PU53,TORITTO,40.957222,16.567223,2026-05-21 06:40:00,precip_10min_interval,0.0,mm,2026-05-21T08:05:06.145214
0PU53,TORITTO,40.957222,16.567223,2026-05-21 06:40:00,ws_10m_hourly,7.0,m/s,2026-05-21T08:05:11.833906
0PU53,TORITTO,40.957222,16.567223,2026-05-21 06:40:00,ws_2m_hourly,5.8,m/s,2026-05-21T08:05:11.833903
0PU54,TORRE SANTA SUSANNA,40.459442,17.724722,2026-05-21 06:40:00,precip_10min_interval,0.0,mm,2026-05-21T08:05:06.145278
0PU54,TORRE SANTA SUSANNA,40.459442,17.724722,2026-05-21 06:40:00,ws_10m_hourly,4.4,m/s,2026-05-21T08:05:11.834045
0PU54,TORRE SANTA SUSANNA,40.459442,17.724722,2026-05-21 06:40:00,ws_2m_hourly,0.7,m/s,2026-05-21T08:05:11.834042
0PU55,LESINA-RIPALTA,41.8475,15.266111,2026-05-21 06:40:00,precip_10min_interval,0.0,mm,2026-05-21T08:05:06.145345
0PU55,LESINA-RIPALTA,41.8475,15.266111,2026-05-21 06:40:00,ws_10m_hourly,4.4,m/s,2026-05-21T08:05:11.834184
0PU55,LESINA-RIPALTA,41.8475,15.266111,2026-05-21 06:40:00,ws_2m_hourly,2.8,m/s,2026-05-21T08:05:11.834181
0PU56,CARLANTINO,41.588333,14.983611,2026-05-21 06:40:00,precip_10min_interval,0.0,mm,2026-05-21T08:05:06.145415
0PU56,CARLANTINO,41.588333,14.983611,2026-05-21 06:40:00,ws_10m_hourly,4.5,m/s,2026-05-21T08:05:11.834319
0PU56,CARLANTINO,41.588333,14.983611,2026-05-21 06:40:00,ws_2m_hourly,2.9,m/s,2026-05-21T08:05:11.834312
0PU57,SANT'AGATA DI PUGLIA,41.150276,15.46,2026-05-21 06:40:00,precip_10min_interval,0.0,mm,2026-05-21T08:05:06.145478
0PU57,SANT'AGATA DI PUGLIA,41.150276,15.46,2026-05-21 06:40:00,ws_10m_hourly,1.9,m/s,2026-05-21T08:05:11.834454
0PU57,SANT'AGATA DI PUGLIA,41.150276,15.46,2026-05-21 06:40:00,ws_2m_hourly,1.3,m/s,2026-05-21T08:05:11.834451
0PU58,GINOSA,40.556389,16.843611,2026-05-21 06:40:00,precip_10min_interval,0.0,mm,2026-05-21T08:05:06.145547
0PU58,GINOSA,40.556389,16.843611,2026-05-21 06:40:00,ws_10m_hourly,5.2,m/s,2026-05-21T08:05:11.834594
0PU58,GINOSA,40.556389,16.843611,2026-05-21 06:40:00,ws_2m_hourly,3.8,m/s,2026-05-21T08:05:11.834591
0PU59,PALAGIANELLO,40.578335,16.975279,2026-05-21 06:40:00,precip_10min_interval,0.0,mm,2026-05-21T08:05:06.145619
0PU59,PALAGIANELLO,40.578335,16.975279,2026-05-21 06:40:00,ws_10m_hourly,4.7,m/s,2026-05-21T08:05:11.834729
0PU59,PALAGIANELLO,40.578335,16.975279,2026-05-21 06:40:00,ws_2m_hourly,3.2,m/s,2026-05-21T08:05:11.834726
0PU60,MINERVINO DI LECCE,40.093613,18.418612,2026-05-21 06:40:00,precip_10min_interval,0.0,mm,2026-05-21T08:05:06.145683
0PU60,MINERVINO DI LECCE,40.093613,18.418612,2026-05-21 06:40:00,ws_10m_hourly,5.8,m/s,2026-05-21T08:05:11.834863
0PU60,MINERVINO DI LECCE,40.093613,18.418612,2026-05-21 06:40:00,ws_2m_hourly,3.7,m/s,2026-05-21T08:05:11.834860
0PU61,NARDO',40.171391,17.976389,2026-05-21 06:40:00,precip_10min_interval,0.0,mm,2026-05-21T08:05:06.145754
0PU61,NARDO',40.171391,17.976389,2026-05-21 06:40:00,ws_10m_hourly,5.9,m/s,2026-05-21T08:05:11.835016
0PU61,NARDO',40.171391,17.976389,2026-05-21 06:40:00,ws_2m_hourly,2.2,m/s,2026-05-21T08:05:11.835013
MBA20,IPSAA,41.22139,16.049723,2026-05-21 06:40:00,precip_10min_interval,0.0,mm,2026-05-21T08:05:06.145821
MBA20,IPSAA,41.22139,16.049723,2026-05-21 06:40:00,ws_2m_hourly,1.1,m/s,2026-05-21T08:05:11.835120
MBA21,MONTEGROSSO,41.132778,16.185833,2026-05-21 06:40:00,precip_10min_interval,0.0,mm,2026-05-21T08:05:06.145891
MBA21,MONTEGROSSO,41.132778,16.185833,2026-05-21 06:40:00,ws_2m_hourly,2.8,m/s,2026-05-21T08:05:11.835190
MBA22,S.P. SANTERAMO,40.80611,16.591389,2026-05-21 06:40:00,precip_10min_interval,0.0,mm,2026-05-21T08:05:06.145968
MBA22,S.P. SANTERAMO,40.80611,16.591389,2026-05-21 06:40:00,ws_2m_hourly,3.8,m/s,2026-05-21T08:05:11.835259
MBA24,CASSANO DELLE MURGE,40.918888,16.78861,2026-05-21 06:40:00,precip_10min_interval,0.0,mm,2026-05-21T08:05:06.146044
MBA24,CASSANO DELLE MURGE,40.918888,16.78861,2026-05-21 06:40:00,ws_2m_hourly,2.9,m/s,2026-05-21T08:05:11.835325
MBA25,SANTERAMO IN COLLE,40.78611,16.775833,2026-05-21 06:40:00,precip_10min_interval,0.0,mm,2026-05-21T08:05:06.146110
MBA25,SANTERAMO IN COLLE,40.78611,16.775833,2026-05-21 06:40:00,ws_2m_hourly,2.9,m/s,2026-05-21T08:05:11.835394
MBA26,CAMPO SPER. UNIBA,41.023609,16.906389,2026-05-21 06:40:00,precip_10min_interval,0.0,mm,2026-05-21T08:05:06.146177
MBA26,CAMPO SPER. UNIBA,41.023609,16.906389,2026-05-21 06:40:00,ws_2m_hourly,1.5,m/s,2026-05-21T08:05:11.835467
MBA27,SERRONE(AZ.AGR.MANCINI),40.921391,16.947222,2026-05-21 06:40:00,precip_10min_interval,0.0,mm,2026-05-21T08:05:06.146249
MBA27,SERRONE(AZ.AGR.MANCINI),40.921391,16.947222,2026-05-21 06:40:00,ws_2m_hourly,2.9,m/s,2026-05-21T08:05:11.835533
MBA28,MURGIA ANTICI,40.715557,17.106667,2026-05-21 06:40:00,precip_10min_interval,0.0,mm,2026-05-21T08:05:06.146317
MBA28,MURGIA ANTICI,40.715557,17.106667,2026-05-21 06:40:00,ws_2m_hourly,3.3,m/s,2026-05-21T08:05:11.835608
MBA29,LAMENDOLA I,40.812222,17.164167,2026-05-21 06:40:00,precip_10min_interval,0.0,mm,2026-05-21T08:05:06.146386
MBA29,LAMENDOLA I,40.812222,17.164167,2026-05-21 06:40:00,ws_2m_hourly,2.7,m/s,2026-05-21T08:05:11.835672
MBR30,FASCIANELLO,40.860279,17.364166,2026-05-21 06:40:00,precip_10min_interval,0.0,mm,2026-05-21T08:05:06.146458
MBR30,FASCIANELLO,40.860279,17.364166,2026-05-21 06:40:00,ws_2m_hourly,4.6,m/s,2026-05-21T08:05:11.835744
MBR31,FERRUZZO,40.62389,17.497499,2026-05-21 06:40:00,precip_10min_interval,0.0,mm,2026-05-21T08:05:06.146523
MBR31,FERRUZZO,40.62389,17.497499,2026-05-21 06:40:00,ws_2m_hourly,3.0,m/s,2026-05-21T08:05:11.835815
MFG01,S. LUCIA,41.470554,15.363889,2026-05-21 06:40:00,precip_10min_interval,0.0,mm,2026-05-21T08:05:06.146595
MFG01,S. LUCIA,41.470554,15.363889,2026-05-21 06:40:00,ws_2m_hourly,1.6,m/s,2026-05-21T08:05:11.835882
MFG02,SERRA DEI BISI,41.347778,15.282778,2026-05-21 06:40:00,precip_10min_interval,0.0,mm,2026-05-21T08:05:06.146663
MFG02,SERRA DEI BISI,41.347778,15.282778,2026-05-21 06:40:00,ws_2m_hourly,2.3,m/s,2026-05-21T08:05:11.835962
MFG03,LA PESCIA,41.40889,15.756667,2026-05-21 06:40:00,precip_10min_interval,0.0,mm,2026-05-21T08:05:06.146735
MFG03,LA PESCIA,41.40889,15.756667,2026-05-21 06:40:00,ws_2m_hourly,2.5,m/s,2026-05-21T08:05:11.836032
MFG04,TRE SANTI,41.393612,15.848056,2026-05-21 06:40:00,precip_10min_interval,0.0,mm,2026-05-21T08:05:06.146800
MFG04,TRE SANTI,41.393612,15.848056,2026-05-21 06:40:00,ws_2m_hourly,2.9,m/s,2026-05-21T08:05:11.836104
MFG05,RIVOLI,41.470833,15.929444,2026-05-21 06:40:00,precip_10min_interval,0.0,mm,2026-05-21T08:05:06.146879
MFG05,RIVOLI,41.470833,15.929444,2026-05-21 06:40:00,ws_2m_hourly,2.1,m/s,2026-05-21T08:05:11.836176
MFG06,TAVOLETTA,41.194168,15.932222,2026-05-21 06:40:00,precip_10min_interval,0.0,mm,2026-05-21T08:05:06.146959
MFG06,TAVOLETTA,41.194168,15.932222,2026-05-21 06:40:00,ws_2m_hourly,4.2,m/s,2026-05-21T08:05:11.836246
MFG07,COPPA D'ORO,41.421665,15.606944,2026-05-21 06:40:00,precip_10min_interval,0.0,mm,2026-05-21T08:05:06.147028
MFG07,COPPA D'ORO,41.421665,15.606944,2026-05-21 06:40:00,ws_2m_hourly,3.5,m/s,2026-05-21T08:05:11.836319
MFG09,ARIOLA,41.8325,15.859722,2026-05-21 06:40:00,precip_10min_interval,0.0,mm,2026-05-21T08:05:06.147102
MFG09,ARIOLA,41.8325,15.859722,2026-05-21 06:40:00,ws_2m_hourly,0.3,m/s,2026-05-21T08:05:11.836384
MFG10,MATINE CARNE SALATA,41.651943,15.706389,2026-05-21 06:40:00,precip_10min_interval,0.0,mm,2026-05-21T08:05:06.147171
MFG10,MATINE CARNE SALATA,41.651943,15.706389,2026-05-21 06:40:00,ws_2m_hourly,2.6,m/s,2026-05-21T08:05:11.836462
MFG11,SELVA DELLE GROTTE,41.714722,15.148056,2026-05-21 06:40:00,precip_10min_interval,0.0,mm,2026-05-21T08:05:06.147241
MFG11,SELVA DELLE GROTTE,41.714722,15.148056,2026-05-21 06:40:00,ws_2m_hourly,1.0,m/s,2026-05-21T08:05:11.836531
MFG13,BISCIGLIETO,41.142502,15.662778,2026-05-21 06:40:00,precip_10min_interval,0.0,mm,2026-05-21T08:05:06.147314
MFG13,BISCIGLIETO,41.142502,15.662778,2026-05-21 06:40:00,ws_2m_hourly,4.9,m/s,2026-05-21T08:05:11.836600
MFG14,S. LUCIA,41.922779,15.874722,2026-05-21 06:40:00,precip_10min_interval,0.0,mm,2026-05-21T08:05:06.147377
MFG14,S. LUCIA,41.922779,15.874722,2026-05-21 06:40:00,ws_2m_hourly,1.1,m/s,2026-05-21T08:05:11.836668
MFG15,CASA LORDA,41.62389,15.403056,2026-05-21 06:40:00,precip_10min_interval,0.0,mm,2026-05-21T08:05:06.147449
MFG15,CASA LORDA,41.62389,15.403056,2026-05-21 06:40:00,ws_2m_hourly,2.7,m/s,2026-05-21T08:05:11.836739
MFG16,QUERCIA COPPE,41.693054,15.756944,2026-05-21 06:40:00,precip_10min_interval,0.0,mm,2026-05-21T08:05:06.147517
MFG16,QUERCIA COPPE,41.693054,15.756944,2026-05-21 06:40:00,ws_2m_hourly,4.5,m/s,2026-05-21T08:05:11.836809
MFG17,CARRO CHIUSO,41.284168,16.077223,2026-05-21 06:40:00,precip_10min_interval,0.0,mm,2026-05-21T08:05:06.147594
MFG17,CARRO CHIUSO,41.284168,16.077223,2026-05-21 06:40:00,ws_2m_hourly,1.7,m/s,2026-05-21T08:05:11.836882
MFG18,VIESTE,41.901669,16.080557,2026-05-21 06:40:00,precip_10min_interval,0.0,mm,2026-05-21T08:05:06.147662
MFG18,VIESTE,41.901669,16.080557,2026-05-21 06:40:00,ws_2m_hourly,1.6,m/s,2026-05-21T08:05:11.836958
MFG19,FOGGIA MONTEROZZI,41.521111,15.591944,2026-05-21 06:40:00,precip_10min_interval,0.0,mm,2026-05-21T08:05:06.147734
MFG19,FOGGIA MONTEROZZI,41.521111,15.591944,2026-05-21 06:40:00,ws_2m_hourly,4.7,m/s,2026-05-21T08:05:11.837027
MLE34,BARBARO,39.980831,18.1525,2026-05-21 06:40:00,precip_10min_interval,0.0,mm,2026-05-21T08:05:06.147805
MLE34,BARBARO,39.980831,18.1525,2026-05-21 06:40:00,ws_2m_hourly,5.0,m/s,2026-05-21T08:05:11.837098
MLE35,MALOPRA,40.225555,18.299168,2026-05-21 06:40:00,precip_10min_interval,0.0,mm,2026-05-21T08:05:06.147871
MLE35,MALOPRA,40.225555,18.299168,2026-05-21 06:40:00,ws_2m_hourly,2.8,m/s,2026-05-21T08:05:11.837168
MTA32,MARTINA FRANCA,40.634724,17.277779,2026-05-21 06:40:00,precip_10min_interval,0.0,mm,2026-05-21T08:05:06.147951
MTA32,MARTINA FRANCA,40.634724,17.277779,2026-05-21 06:40:00,ws_2m_hourly,2.3,m/s,2026-05-21T08:05:11.837236
0PU01,GUROLAMANNA,40.916111,16.447779,2026-05-21 06:50:00,precip_10min_interval,0.0,mm,2026-05-21T08:05:06.142646
0PU01,GUROLAMANNA,40.916111,16.447779,2026-05-21 06:50:00,ws_10m_hourly,6.0,m/s,2026-05-21T08:05:11.828654
0PU01,GUROLAMANNA,40.916111,16.447779,2026-05-21 06:50:00,ws_2m_hourly,4.0,m/s,2026-05-21T08:05:11.828650
0PU03,LIMELLI D'IMPERATORE,40.883057,16.3125,2026-05-21 06:50:00,precip_10min_interval,0.0,mm,2026-05-21T08:05:06.142722
0PU03,LIMELLI D'IMPERATORE,40.883057,16.3125,2026-05-21 06:50:00,ws_10m_hourly,5.8,m/s,2026-05-21T08:05:11.828786
0PU03,LIMELLI D'IMPERATORE,40.883057,16.3125,2026-05-21 06:50:00,ws_2m_hourly,3.6,m/s,2026-05-21T08:05:11.828783
0PU04,OTTAVA SEDICI,40.7925,17.481943,2026-05-21 06:50:00,precip_10min_interval,0.0,mm,2026-05-21T08:05:06.142791
0PU04,OTTAVA SEDICI,40.7925,17.481943,2026-05-21 06:50:00,ws_10m_hourly,4.3,m/s,2026-05-21T08:05:11.828924
0PU04,OTTAVA SEDICI,40.7925,17.481943,2026-05-21 06:50:00,ws_2m_hourly,1.1,m/s,2026-05-21T08:05:11.828921
0PU06,MAINE,40.543056,18.032223,2026-05-21 06:50:00,precip_10min_interval,0.0,mm,2026-05-21T08:05:06.142853
0PU06,MAINE,40.543056,18.032223,2026-05-21 06:50:00,ws_10m_hourly,2.6,m/s,2026-05-21T08:05:11.829071
0PU06,MAINE,40.543056,18.032223,2026-05-21 06:50:00,ws_2m_hourly,0.6,m/s,2026-05-21T08:05:11.829068
0PU07,TRIONFO,41.347221,15.744167,2026-05-21 06:50:00,precip_10min_interval,0.0,mm,2026-05-21T08:05:06.142916
0PU07,TRIONFO,41.347221,15.744167,2026-05-21 06:50:00,ws_10m_hourly,2.9,m/s,2026-05-21T08:05:11.829200
0PU07,TRIONFO,41.347221,15.744167,2026-05-21 06:50:00,ws_2m_hourly,0.4,m/s,2026-05-21T08:05:11.829197
0PU08,TORRETTA,41.542221,15.173889,2026-05-21 06:50:00,precip_10min_interval,0.0,mm,2026-05-21T08:05:06.143006
0PU08,TORRETTA,41.542221,15.173889,2026-05-21 06:50:00,ws_10m_hourly,4.9,m/s,2026-05-21T08:05:11.829328
0PU08,TORRETTA,41.542221,15.173889,2026-05-21 06:50:00,ws_2m_hourly,0.0,m/s,2026-05-21T08:05:11.829325
0PU10,FRASSANITO,40.237221,18.441389,2026-05-21 06:50:00,precip_10min_interval,0.0,mm,2026-05-21T08:05:06.143073
0PU10,FRASSANITO,40.237221,18.441389,2026-05-21 06:50:00,ws_10m_hourly,5.0,m/s,2026-05-21T08:05:11.829455
0PU10,FRASSANITO,40.237221,18.441389,2026-05-21 06:50:00,ws_2m_hourly,2.8,m/s,2026-05-21T08:05:11.829452
0PU11,BADESSA,40.470554,18.097221,2026-05-21 06:50:00,precip_10min_interval,0.0,mm,2026-05-21T08:05:06.143138
0PU11,BADESSA,40.470554,18.097221,2026-05-21 06:50:00,ws_10m_hourly,4.0,m/s,2026-05-21T08:05:11.829584
0PU11,BADESSA,40.470554,18.097221,2026-05-21 06:50:00,ws_2m_hourly,2.2,m/s,2026-05-21T08:05:11.829580
0PU12,CONTE,39.981945,18.067499,2026-05-21 06:50:00,precip_10min_interval,0.0,mm,2026-05-21T08:05:06.143206
0PU12,CONTE,39.981945,18.067499,2026-05-21 06:50:00,ws_10m_hourly,3.8,m/s,2026-05-21T08:05:11.829711
0PU12,CONTE,39.981945,18.067499,2026-05-21 06:50:00,ws_2m_hourly,0.7,m/s,2026-05-21T08:05:11.829706
0PU13,TORRICELLA,40.343334,17.487778,2026-05-21 06:50:00,precip_10min_interval,0.0,mm,2026-05-21T08:05:06.143269
0PU13,TORRICELLA,40.343334,17.487778,2026-05-21 06:50:00,ws_10m_hourly,6.5,m/s,2026-05-21T08:05:11.829840
0PU13,TORRICELLA,40.343334,17.487778,2026-05-21 06:50:00,ws_2m_hourly,3.7,m/s,2026-05-21T08:05:11.829836
0PU14,TAFURI,40.680832,16.867779,2026-05-21 06:50:00,precip_10min_interval,0.0,mm,2026-05-21T08:05:06.143333
0PU14,TAFURI,40.680832,16.867779,2026-05-21 06:50:00,ws_10m_hourly,6.5,m/s,2026-05-21T08:05:11.829983
0PU14,TAFURI,40.680832,16.867779,2026-05-21 06:50:00,ws_2m_hourly,3.5,m/s,2026-05-21T08:05:11.829978
0PU16,ANDRIA,41.202221,16.201944,2026-05-21 06:50:00,precip_10min_interval,0.0,mm,2026-05-21T08:05:06.143396
0PU16,ANDRIA,41.202221,16.201944,2026-05-21 06:50:00,ws_10m_hourly,3.0,m/s,2026-05-21T08:05:11.830109
0PU16,ANDRIA,41.202221,16.201944,2026-05-21 06:50:00,ws_2m_hourly,0.8,m/s,2026-05-21T08:05:11.830106
0PU17,OSTUNI-SAROLO,40.688332,17.413889,2026-05-21 06:50:00,precip_10min_interval,0.0,mm,2026-05-21T08:05:06.143464
0PU17,OSTUNI-SAROLO,40.688332,17.413889,2026-05-21 06:50:00,ws_10m_hourly,4.0,m/s,2026-05-21T08:05:11.830237
0PU17,OSTUNI-SAROLO,40.688332,17.413889,2026-05-21 06:50:00,ws_2m_hourly,1.8,m/s,2026-05-21T08:05:11.830234
0PU18,MONOPOLI,40.919445,17.294443,2026-05-21 06:50:00,precip_10min_interval,0.0,mm,2026-05-21T08:05:06.143527
0PU18,MONOPOLI,40.919445,17.294443,2026-05-21 06:50:00,ws_10m_hourly,4.2,m/s,2026-05-21T08:05:11.830362
0PU18,MONOPOLI,40.919445,17.294443,2026-05-21 06:50:00,ws_2m_hourly,2.4,m/s,2026-05-21T08:05:11.830359
0PU19,TERLIZZI,41.120834,16.549168,2026-05-21 06:50:00,precip_10min_interval,0.0,mm,2026-05-21T08:05:06.143588
0PU19,TERLIZZI,41.120834,16.549168,2026-05-21 06:50:00,ws_10m_hourly,1.3,m/s,2026-05-21T08:05:11.830493
0PU19,TERLIZZI,41.120834,16.549168,2026-05-21 06:50:00,ws_2m_hourly,0.6,m/s,2026-05-21T08:05:11.830490
0PU20,VILLA CASTELLI,40.553055,17.504444,2026-05-21 06:50:00,precip_10min_interval,0.0,mm,2026-05-21T08:05:06.143651
0PU20,VILLA CASTELLI,40.553055,17.504444,2026-05-21 06:50:00,ws_10m_hourly,5.9,m/s,2026-05-21T08:05:11.830622
0PU20,VILLA CASTELLI,40.553055,17.504444,2026-05-21 06:50:00,ws_2m_hourly,3.3,m/s,2026-05-21T08:05:11.830619
0PU21,CAROVIGNO,40.691944,17.630278,2026-05-21 06:50:00,precip_10min_interval,0.0,mm,2026-05-21T08:05:06.143715
0PU21,CAROVIGNO,40.691944,17.630278,2026-05-21 06:50:00,ws_10m_hourly,4.6,m/s,2026-05-21T08:05:11.830751
0PU21,CAROVIGNO,40.691944,17.630278,2026-05-21 06:50:00,ws_2m_hourly,1.4,m/s,2026-05-21T08:05:11.830745
0PU22,APRICENA,41.773335,15.438611,2026-05-21 06:50:00,precip_10min_interval,0.0,mm,2026-05-21T08:05:06.143780
0PU22,APRICENA,41.773335,15.438611,2026-05-21 06:50:00,ws_10m_hourly,2.3,m/s,2026-05-21T08:05:11.830885
0PU22,APRICENA,41.773335,15.438611,2026-05-21 06:50:00,ws_2m_hourly,0.5,m/s,2026-05-21T08:05:11.830882
0PU23,MANFREDONIA,41.541389,15.885833,2026-05-21 06:50:00,precip_10min_interval,0.0,mm,2026-05-21T08:05:06.143845
0PU23,MANFREDONIA,41.541389,15.885833,2026-05-21 06:50:00,ws_10m_hourly,3.0,m/s,2026-05-21T08:05:11.831022
0PU23,MANFREDONIA,41.541389,15.885833,2026-05-21 06:50:00,ws_2m_hourly,1.5,m/s,2026-05-21T08:05:11.831019
0PU25,NOCIGLIA,40.034443,18.313057,2026-05-21 06:50:00,precip_10min_interval,0.0,mm,2026-05-21T08:05:06.143909
0PU25,NOCIGLIA,40.034443,18.313057,2026-05-21 06:50:00,ws_10m_hourly,5.7,m/s,2026-05-21T08:05:11.831151
0PU25,NOCIGLIA,40.034443,18.313057,2026-05-21 06:50:00,ws_2m_hourly,3.1,m/s,2026-05-21T08:05:11.831148
0PU27,GROTTAGLIE,40.53389,17.362778,2026-05-21 06:50:00,ws_10m_hourly,4.1,m/s,2026-05-21T08:05:11.831281
0PU27,GROTTAGLIE,40.53389,17.362778,2026-05-21 06:50:00,ws_2m_hourly,2.6,m/s,2026-05-21T08:05:11.831278
0PU28,TRANI,41.247501,16.415556,2026-05-21 06:50:00,precip_10min_interval,0.0,mm,2026-05-21T08:05:06.143979
0PU28,TRANI,41.247501,16.415556,2026-05-21 06:50:00,ws_10m_hourly,2.9,m/s,2026-05-21T08:05:11.831403
0PU28,TRANI,41.247501,16.415556,2026-05-21 06:50:00,ws_2m_hourly,2.1,m/s,2026-05-21T08:05:11.831400
0PU30,NOICATTARO,41.021942,16.967777,2026-05-21 06:50:00,precip_10min_interval,0.0,mm,2026-05-21T08:05:06.144044
0PU30,NOICATTARO,41.021942,16.967777,2026-05-21 06:50:00,ws_10m_hourly,2.0,m/s,2026-05-21T08:05:11.831534
0PU30,NOICATTARO,41.021942,16.967777,2026-05-21 06:50:00,ws_2m_hourly,1.1,m/s,2026-05-21T08:05:11.831529
0PU31,ALBEROBELLO,40.790558,17.233334,2026-05-21 06:50:00,precip_10min_interval,0.0,mm,2026-05-21T08:05:06.144105
0PU31,ALBEROBELLO,40.790558,17.233334,2026-05-21 06:50:00,ws_10m_hourly,4.0,m/s,2026-05-21T08:05:11.831660
0PU31,ALBEROBELLO,40.790558,17.233334,2026-05-21 06:50:00,ws_2m_hourly,2.0,m/s,2026-05-21T08:05:11.831657
0PU33,MOCCARI,40.558334,17.851667,2026-05-21 06:50:00,precip_10min_interval,0.0,mm,2026-05-21T08:05:06.144167
0PU33,MOCCARI,40.558334,17.851667,2026-05-21 06:50:00,ws_10m_hourly,4.0,m/s,2026-05-21T08:05:11.831791
0PU33,MOCCARI,40.558334,17.851667,2026-05-21 06:50:00,ws_2m_hourly,2.3,m/s,2026-05-21T08:05:11.831788
0PU34,LATIANO,40.548332,17.688057,2026-05-21 06:50:00,precip_10min_interval,0.0,mm,2026-05-21T08:05:06.144229
0PU34,LATIANO,40.548332,17.688057,2026-05-21 06:50:00,ws_10m_hourly,3.8,m/s,2026-05-21T08:05:11.831918
0PU34,LATIANO,40.548332,17.688057,2026-05-21 06:50:00,ws_2m_hourly,2.5,m/s,2026-05-21T08:05:11.831915
0PU35,SAN VITO DEI NORMANNI,40.629166,17.73361,2026-05-21 06:50:00,precip_10min_interval,0.0,mm,2026-05-21T08:05:06.144289
0PU35,SAN VITO DEI NORMANNI,40.629166,17.73361,2026-05-21 06:50:00,ws_10m_hourly,5.8,m/s,2026-05-21T08:05:11.832055
0PU35,SAN VITO DEI NORMANNI,40.629166,17.73361,2026-05-21 06:50:00,ws_2m_hourly,3.5,m/s,2026-05-21T08:05:11.832052
0PU36,VILLANOVA,41.654167,15.586667,2026-05-21 06:50:00,precip_10min_interval,0.0,mm,2026-05-21T08:05:06.144354
0PU36,VILLANOVA,41.654167,15.586667,2026-05-21 06:50:00,ws_10m_hourly,11.9,m/s,2026-05-21T08:05:11.832182
0PU36,VILLANOVA,41.654167,15.586667,2026-05-21 06:50:00,ws_2m_hourly,6.8,m/s,2026-05-21T08:05:11.832179
0PU37,TROIA,41.336388,15.382778,2026-05-21 06:50:00,precip_10min_interval,0.0,mm,2026-05-21T08:05:06.144415
0PU37,TROIA,41.336388,15.382778,2026-05-21 06:50:00,ws_10m_hourly,5.2,m/s,2026-05-21T08:05:11.832310
0PU37,TROIA,41.336388,15.382778,2026-05-21 06:50:00,ws_2m_hourly,3.6,m/s,2026-05-21T08:05:11.832307
0PU38,BORGO LA ROCCA,41.558334,15.516111,2026-05-21 06:50:00,precip_10min_interval,0.0,mm,2026-05-21T08:05:06.144479
0PU38,BORGO LA ROCCA,41.558334,15.516111,2026-05-21 06:50:00,ws_10m_hourly,2.8,m/s,2026-05-21T08:05:11.832444
0PU38,BORGO LA ROCCA,41.558334,15.516111,2026-05-21 06:50:00,ws_2m_hourly,1.9,m/s,2026-05-21T08:05:11.832441
0PU40,ARCHE,40.273888,18.013611,2026-05-21 06:50:00,precip_10min_interval,0.0,mm,2026-05-21T08:05:06.144560
0PU40,ARCHE,40.273888,18.013611,2026-05-21 06:50:00,ws_10m_hourly,5.0,m/s,2026-05-21T08:05:11.832582
0PU40,ARCHE,40.273888,18.013611,2026-05-21 06:50:00,ws_2m_hourly,2.0,m/s,2026-05-21T08:05:11.832580
0PU41,LECCE,40.326668,18.139999,2026-05-21 06:50:00,precip_10min_interval,0.0,mm,2026-05-21T08:05:06.144623
0PU41,LECCE,40.326668,18.139999,2026-05-21 06:50:00,ws_10m_hourly,2.9,m/s,2026-05-21T08:05:11.832716
0PU41,LECCE,40.326668,18.139999,2026-05-21 06:50:00,ws_2m_hourly,1.9,m/s,2026-05-21T08:05:11.832713
0PU42,SALICE SALENTINO,40.390556,17.875278,2026-05-21 06:50:00,precip_10min_interval,0.0,mm,2026-05-21T08:05:06.144690
0PU42,SALICE SALENTINO,40.390556,17.875278,2026-05-21 06:50:00,ws_10m_hourly,4.6,m/s,2026-05-21T08:05:11.832851
0PU42,SALICE SALENTINO,40.390556,17.875278,2026-05-21 06:50:00,ws_2m_hourly,2.8,m/s,2026-05-21T08:05:11.832848
0PU43,LUCUGNANO,39.930279,18.3225,2026-05-21 06:50:00,precip_10min_interval,0.0,mm,2026-05-21T08:05:06.144756
0PU43,LUCUGNANO,39.930279,18.3225,2026-05-21 06:50:00,ws_10m_hourly,4.2,m/s,2026-05-21T08:05:11.832993
0PU43,LUCUGNANO,39.930279,18.3225,2026-05-21 06:50:00,ws_2m_hourly,2.4,m/s,2026-05-21T08:05:11.832990
0PU44,MANDURIA,40.381943,17.621111,2026-05-21 06:50:00,precip_10min_interval,0.0,mm,2026-05-21T08:05:06.144819
0PU44,MANDURIA,40.381943,17.621111,2026-05-21 06:50:00,ws_10m_hourly,5.2,m/s,2026-05-21T08:05:11.833124
0PU44,MANDURIA,40.381943,17.621111,2026-05-21 06:50:00,ws_2m_hourly,3.7,m/s,2026-05-21T08:05:11.833121
0PU45,MOTTOLA,40.675556,16.996111,2026-05-21 06:50:00,precip_10min_interval,0.0,mm,2026-05-21T08:05:06.144886
0PU45,MOTTOLA,40.675556,16.996111,2026-05-21 06:50:00,ws_10m_hourly,4.8,m/s,2026-05-21T08:05:11.833258
0PU45,MOTTOLA,40.675556,16.996111,2026-05-21 06:50:00,ws_2m_hourly,2.1,m/s,2026-05-21T08:05:11.833255
0PU46,MASSAFRA,40.582779,17.091944,2026-05-21 06:50:00,precip_10min_interval,0.0,mm,2026-05-21T08:05:06.144961
0PU46,MASSAFRA,40.582779,17.091944,2026-05-21 06:50:00,ws_10m_hourly,5.3,m/s,2026-05-21T08:05:11.833386
0PU46,MASSAFRA,40.582779,17.091944,2026-05-21 06:50:00,ws_2m_hourly,3.3,m/s,2026-05-21T08:05:11.833383
0PU47,CASTELLANETA,40.494446,16.878889,2026-05-21 06:50:00,precip_10min_interval,0.0,mm,2026-05-21T08:05:06.145023
0PU47,CASTELLANETA,40.494446,16.878889,2026-05-21 06:50:00,ws_10m_hourly,4.6,m/s,2026-05-21T08:05:11.833513
0PU47,CASTELLANETA,40.494446,16.878889,2026-05-21 06:50:00,ws_2m_hourly,2.0,m/s,2026-05-21T08:05:11.833510
0PU48,BARI C.N.R. IRSA,41.116943,16.820557,2026-05-21 06:50:00,precip_10min_interval,0.0,mm,2026-05-21T08:05:06.145085
0PU48,BARI C.N.R. IRSA,41.116943,16.820557,2026-05-21 06:50:00,ws_10m_hourly,3.9,m/s,2026-05-21T08:05:11.833640
0PU48,BARI C.N.R. IRSA,41.116943,16.820557,2026-05-21 06:50:00,ws_2m_hourly,2.5,m/s,2026-05-21T08:05:11.833635
0PU49,LOCOROTONDO ITAS,40.757221,17.340834,2026-05-21 06:50:00,precip_10min_interval,0.0,mm,2026-05-21T08:05:06.145149
0PU49,LOCOROTONDO ITAS,40.757221,17.340834,2026-05-21 06:50:00,ws_10m_hourly,4.8,m/s,2026-05-21T08:05:11.833772
0PU49,LOCOROTONDO ITAS,40.757221,17.340834,2026-05-21 06:50:00,ws_2m_hourly,3.1,m/s,2026-05-21T08:05:11.833769
0PU53,TORITTO,40.957222,16.567223,2026-05-21 06:50:00,precip_10min_interval,0.0,mm,2026-05-21T08:05:06.145217
0PU53,TORITTO,40.957222,16.567223,2026-05-21 06:50:00,ws_10m_hourly,6.5,m/s,2026-05-21T08:05:11.833914
0PU53,TORITTO,40.957222,16.567223,2026-05-21 06:50:00,ws_2m_hourly,5.6,m/s,2026-05-21T08:05:11.833911
0PU54,TORRE SANTA SUSANNA,40.459442,17.724722,2026-05-21 06:50:00,precip_10min_interval,0.0,mm,2026-05-21T08:05:06.145281
0PU54,TORRE SANTA SUSANNA,40.459442,17.724722,2026-05-21 06:50:00,ws_10m_hourly,4.6,m/s,2026-05-21T08:05:11.834054
0PU54,TORRE SANTA SUSANNA,40.459442,17.724722,2026-05-21 06:50:00,ws_2m_hourly,0.6,m/s,2026-05-21T08:05:11.834051
0PU55,LESINA-RIPALTA,41.8475,15.266111,2026-05-21 06:50:00,precip_10min_interval,0.0,mm,2026-05-21T08:05:06.145348
0PU55,LESINA-RIPALTA,41.8475,15.266111,2026-05-21 06:50:00,ws_10m_hourly,5.3,m/s,2026-05-21T08:05:11.834193
0PU55,LESINA-RIPALTA,41.8475,15.266111,2026-05-21 06:50:00,ws_2m_hourly,3.4,m/s,2026-05-21T08:05:11.834190
0PU56,CARLANTINO,41.588333,14.983611,2026-05-21 06:50:00,precip_10min_interval,0.0,mm,2026-05-21T08:05:06.145418
0PU56,CARLANTINO,41.588333,14.983611,2026-05-21 06:50:00,ws_10m_hourly,4.0,m/s,2026-05-21T08:05:11.834325
0PU56,CARLANTINO,41.588333,14.983611,2026-05-21 06:50:00,ws_2m_hourly,2.6,m/s,2026-05-21T08:05:11.834322
0PU57,SANT'AGATA DI PUGLIA,41.150276,15.46,2026-05-21 06:50:00,precip_10min_interval,0.0,mm,2026-05-21T08:05:06.145481
0PU57,SANT'AGATA DI PUGLIA,41.150276,15.46,2026-05-21 06:50:00,ws_10m_hourly,3.3,m/s,2026-05-21T08:05:11.834462
0PU57,SANT'AGATA DI PUGLIA,41.150276,15.46,2026-05-21 06:50:00,ws_2m_hourly,1.8,m/s,2026-05-21T08:05:11.834459
0PU58,GINOSA,40.556389,16.843611,2026-05-21 06:50:00,precip_10min_interval,0.0,mm,2026-05-21T08:05:06.145550
0PU58,GINOSA,40.556389,16.843611,2026-05-21 06:50:00,ws_10m_hourly,4.8,m/s,2026-05-21T08:05:11.834602
0PU58,GINOSA,40.556389,16.843611,2026-05-21 06:50:00,ws_2m_hourly,3.5,m/s,2026-05-21T08:05:11.834599
0PU59,PALAGIANELLO,40.578335,16.975279,2026-05-21 06:50:00,precip_10min_interval,0.0,mm,2026-05-21T08:05:06.145621
0PU59,PALAGIANELLO,40.578335,16.975279,2026-05-21 06:50:00,ws_10m_hourly,5.1,m/s,2026-05-21T08:05:11.834739
0PU59,PALAGIANELLO,40.578335,16.975279,2026-05-21 06:50:00,ws_2m_hourly,3.4,m/s,2026-05-21T08:05:11.834736
0PU60,MINERVINO DI LECCE,40.093613,18.418612,2026-05-21 06:50:00,precip_10min_interval,0.0,mm,2026-05-21T08:05:06.145688
0PU60,MINERVINO DI LECCE,40.093613,18.418612,2026-05-21 06:50:00,ws_10m_hourly,5.7,m/s,2026-05-21T08:05:11.834871
0PU60,MINERVINO DI LECCE,40.093613,18.418612,2026-05-21 06:50:00,ws_2m_hourly,3.6,m/s,2026-05-21T08:05:11.834866
0PU61,NARDO',40.171391,17.976389,2026-05-21 06:50:00,precip_10min_interval,0.0,mm,2026-05-21T08:05:06.145757
0PU61,NARDO',40.171391,17.976389,2026-05-21 06:50:00,ws_10m_hourly,6.8,m/s,2026-05-21T08:05:11.835024
0PU61,NARDO',40.171391,17.976389,2026-05-21 06:50:00,ws_2m_hourly,2.5,m/s,2026-05-21T08:05:11.835019
MBA20,IPSAA,41.22139,16.049723,2026-05-21 06:50:00,precip_10min_interval,0.0,mm,2026-05-21T08:05:06.145823
MBA20,IPSAA,41.22139,16.049723,2026-05-21 06:50:00,ws_2m_hourly,1.2,m/s,2026-05-21T08:05:11.835123
MBA21,MONTEGROSSO,41.132778,16.185833,2026-05-21 06:50:00,precip_10min_interval,0.0,mm,2026-05-21T08:05:06.145894
MBA21,MONTEGROSSO,41.132778,16.185833,2026-05-21 06:50:00,ws_2m_hourly,2.8,m/s,2026-05-21T08:05:11.835193
MBA22,S.P. SANTERAMO,40.80611,16.591389,2026-05-21 06:50:00,precip_10min_interval,0.0,mm,2026-05-21T08:05:06.145973
MBA22,S.P. SANTERAMO,40.80611,16.591389,2026-05-21 06:50:00,ws_2m_hourly,3.9,m/s,2026-05-21T08:05:11.835262
MBA24,CASSANO DELLE MURGE,40.918888,16.78861,2026-05-21 06:50:00,precip_10min_interval,0.0,mm,2026-05-21T08:05:06.146046
MBA24,CASSANO DELLE MURGE,40.918888,16.78861,2026-05-21 06:50:00,ws_2m_hourly,3.2,m/s,2026-05-21T08:05:11.835331
MBA25,SANTERAMO IN COLLE,40.78611,16.775833,2026-05-21 06:50:00,precip_10min_interval,0.0,mm,2026-05-21T08:05:06.146113
MBA25,SANTERAMO IN COLLE,40.78611,16.775833,2026-05-21 06:50:00,ws_2m_hourly,3.2,m/s,2026-05-21T08:05:11.835397
MBA26,CAMPO SPER. UNIBA,41.023609,16.906389,2026-05-21 06:50:00,precip_10min_interval,0.0,mm,2026-05-21T08:05:06.146180
MBA26,CAMPO SPER. UNIBA,41.023609,16.906389,2026-05-21 06:50:00,ws_2m_hourly,1.4,m/s,2026-05-21T08:05:11.835470
MBA27,SERRONE(AZ.AGR.MANCINI),40.921391,16.947222,2026-05-21 06:50:00,precip_10min_interval,0.0,mm,2026-05-21T08:05:06.146253
MBA27,SERRONE(AZ.AGR.MANCINI),40.921391,16.947222,2026-05-21 06:50:00,ws_2m_hourly,3.6,m/s,2026-05-21T08:05:11.835536
MBA28,MURGIA ANTICI,40.715557,17.106667,2026-05-21 06:50:00,precip_10min_interval,0.0,mm,2026-05-21T08:05:06.146320
MBA28,MURGIA ANTICI,40.715557,17.106667,2026-05-21 06:50:00,ws_2m_hourly,3.1,m/s,2026-05-21T08:05:11.835610
MBA29,LAMENDOLA I,40.812222,17.164167,2026-05-21 06:50:00,precip_10min_interval,0.0,mm,2026-05-21T08:05:06.146389
MBA29,LAMENDOLA I,40.812222,17.164167,2026-05-21 06:50:00,ws_2m_hourly,3.5,m/s,2026-05-21T08:05:11.835675
MBR30,FASCIANELLO,40.860279,17.364166,2026-05-21 06:50:00,precip_10min_interval,0.0,mm,2026-05-21T08:05:06.146461
MBR30,FASCIANELLO,40.860279,17.364166,2026-05-21 06:50:00,ws_2m_hourly,4.4,m/s,2026-05-21T08:05:11.835747
MBR31,FERRUZZO,40.62389,17.497499,2026-05-21 06:50:00,precip_10min_interval,0.0,mm,2026-05-21T08:05:06.146526
MBR31,FERRUZZO,40.62389,17.497499,2026-05-21 06:50:00,ws_2m_hourly,2.9,m/s,2026-05-21T08:05:11.835818
MFG01,S. LUCIA,41.470554,15.363889,2026-05-21 06:50:00,precip_10min_interval,0.0,mm,2026-05-21T08:05:06.146598
MFG01,S. LUCIA,41.470554,15.363889,2026-05-21 06:50:00,ws_2m_hourly,1.8,m/s,2026-05-21T08:05:11.835885
MFG02,SERRA DEI BISI,41.347778,15.282778,2026-05-21 06:50:00,precip_10min_interval,0.0,mm,2026-05-21T08:05:06.146666
MFG02,SERRA DEI BISI,41.347778,15.282778,2026-05-21 06:50:00,ws_2m_hourly,2.4,m/s,2026-05-21T08:05:11.835965
MFG03,LA PESCIA,41.40889,15.756667,2026-05-21 06:50:00,precip_10min_interval,0.0,mm,2026-05-21T08:05:06.146738
MFG03,LA PESCIA,41.40889,15.756667,2026-05-21 06:50:00,ws_2m_hourly,3.1,m/s,2026-05-21T08:05:11.836035
MFG04,TRE SANTI,41.393612,15.848056,2026-05-21 06:50:00,precip_10min_interval,0.0,mm,2026-05-21T08:05:06.146805
MFG04,TRE SANTI,41.393612,15.848056,2026-05-21 06:50:00,ws_2m_hourly,3.5,m/s,2026-05-21T08:05:11.836108
MFG05,RIVOLI,41.470833,15.929444,2026-05-21 06:50:00,precip_10min_interval,0.0,mm,2026-05-21T08:05:06.146882
MFG05,RIVOLI,41.470833,15.929444,2026-05-21 06:50:00,ws_2m_hourly,2.0,m/s,2026-05-21T08:05:11.836182
MFG06,TAVOLETTA,41.194168,15.932222,2026-05-21 06:50:00,precip_10min_interval,0.0,mm,2026-05-21T08:05:06.146962
MFG06,TAVOLETTA,41.194168,15.932222,2026-05-21 06:50:00,ws_2m_hourly,4.3,m/s,2026-05-21T08:05:11.836249
MFG07,COPPA D'ORO,41.421665,15.606944,2026-05-21 06:50:00,precip_10min_interval,0.0,mm,2026-05-21T08:05:06.147031
MFG07,COPPA D'ORO,41.421665,15.606944,2026-05-21 06:50:00,ws_2m_hourly,3.6,m/s,2026-05-21T08:05:11.836322
MFG09,ARIOLA,41.8325,15.859722,2026-05-21 06:50:00,precip_10min_interval,0.0,mm,2026-05-21T08:05:06.147105
MFG09,ARIOLA,41.8325,15.859722,2026-05-21 06:50:00,ws_2m_hourly,0.4,m/s,2026-05-21T08:05:11.836387
MFG10,MATINE CARNE SALATA,41.651943,15.706389,2026-05-21 06:50:00,precip_10min_interval,0.0,mm,2026-05-21T08:05:06.147174
MFG10,MATINE CARNE SALATA,41.651943,15.706389,2026-05-21 06:50:00,ws_2m_hourly,2.8,m/s,2026-05-21T08:05:11.836465
MFG11,SELVA DELLE GROTTE,41.714722,15.148056,2026-05-21 06:50:00,precip_10min_interval,0.0,mm,2026-05-21T08:05:06.147244
MFG11,SELVA DELLE GROTTE,41.714722,15.148056,2026-05-21 06:50:00,ws_2m_hourly,1.1,m/s,2026-05-21T08:05:11.836534
MFG13,BISCIGLIETO,41.142502,15.662778,2026-05-21 06:50:00,precip_10min_interval,0.0,mm,2026-05-21T08:05:06.147317
MFG13,BISCIGLIETO,41.142502,15.662778,2026-05-21 06:50:00,ws_2m_hourly,5.2,m/s,2026-05-21T08:05:11.836603
MFG14,S. LUCIA,41.922779,15.874722,2026-05-21 06:50:00,precip_10min_interval,0.0,mm,2026-05-21T08:05:06.147380
MFG14,S. LUCIA,41.922779,15.874722,2026-05-21 06:50:00,ws_2m_hourly,1.0,m/s,2026-05-21T08:05:11.836673
MFG15,CASA LORDA,41.62389,15.403056,2026-05-21 06:50:00,precip_10min_interval,0.0,mm,2026-05-21T08:05:06.147452
MFG15,CASA LORDA,41.62389,15.403056,2026-05-21 06:50:00,ws_2m_hourly,2.7,m/s,2026-05-21T08:05:11.836742
MFG16,QUERCIA COPPE,41.693054,15.756944,2026-05-21 06:50:00,precip_10min_interval,0.0,mm,2026-05-21T08:05:06.147520
MFG16,QUERCIA COPPE,41.693054,15.756944,2026-05-21 06:50:00,ws_2m_hourly,4.3,m/s,2026-05-21T08:05:11.836812
MFG17,CARRO CHIUSO,41.284168,16.077223,2026-05-21 06:50:00,precip_10min_interval,0.0,mm,2026-05-21T08:05:06.147597
MFG17,CARRO CHIUSO,41.284168,16.077223,2026-05-21 06:50:00,ws_2m_hourly,1.9,m/s,2026-05-21T08:05:11.836885
MFG18,VIESTE,41.901669,16.080557,2026-05-21 06:50:00,precip_10min_interval,0.0,mm,2026-05-21T08:05:06.147665
MFG18,VIESTE,41.901669,16.080557,2026-05-21 06:50:00,ws_2m_hourly,1.4,m/s,2026-05-21T08:05:11.836961
MFG19,FOGGIA MONTEROZZI,41.521111,15.591944,2026-05-21 06:50:00,precip_10min_interval,0.0,mm,2026-05-21T08:05:06.147737
MFG19,FOGGIA MONTEROZZI,41.521111,15.591944,2026-05-21 06:50:00,ws_2m_hourly,4.7,m/s,2026-05-21T08:05:11.837030
MLE34,BARBARO,39.980831,18.1525,2026-05-21 06:50:00,precip_10min_interval,0.0,mm,2026-05-21T08:05:06.147808
MLE34,BARBARO,39.980831,18.1525,2026-05-21 06:50:00,ws_2m_hourly,4.8,m/s,2026-05-21T08:05:11.837101
MLE35,MALOPRA,40.225555,18.299168,2026-05-21 06:50:00,precip_10min_interval,0.0,mm,2026-05-21T08:05:06.147874
MLE35,MALOPRA,40.225555,18.299168,2026-05-21 06:50:00,ws_2m_hourly,2.7,m/s,2026-05-21T08:05:11.837173
MTA32,MARTINA FRANCA,40.634724,17.277779,2026-05-21 06:50:00,precip_10min_interval,0.0,mm,2026-05-21T08:05:06.147957
MTA32,MARTINA FRANCA,40.634724,17.277779,2026-05-21 06:50:00,ws_2m_hourly,2.1,m/s,2026-05-21T08:05:11.837239
0PU01,GUROLAMANNA,40.916111,16.447779,2026-05-21 07:00:00,precip_10min_interval,0.0,mm,2026-05-21T08:05:06.142650
0PU01,GUROLAMANNA,40.916111,16.447779,2026-05-21 07:00:00,rh_hourly,74.0,%,2026-05-21T08:05:03.964763
0PU01,GUROLAMANNA,40.916111,16.447779,2026-05-21 07:00:00,rs_hourly,464.9,W/m²,2026-05-21T08:05:09.235089
0PU01,GUROLAMANNA,40.916111,16.447779,2026-05-21 07:00:00,tair_hourly,15.2,°C,2026-05-21T08:05:02.582738
0PU01,GUROLAMANNA,40.916111,16.447779,2026-05-21 07:00:00,ws_10m_hourly,5.8,m/s,2026-05-21T08:05:11.828662
0PU01,GUROLAMANNA,40.916111,16.447779,2026-05-21 07:00:00,ws_2m_hourly,4.0,m/s,2026-05-21T08:05:11.828658
0PU03,LIMELLI D'IMPERATORE,40.883057,16.3125,2026-05-21 07:00:00,precip_10min_interval,0.0,mm,2026-05-21T08:05:06.142725
0PU03,LIMELLI D'IMPERATORE,40.883057,16.3125,2026-05-21 07:00:00,rh_hourly,79.0,%,2026-05-21T08:05:03.964784
0PU03,LIMELLI D'IMPERATORE,40.883057,16.3125,2026-05-21 07:00:00,rs_hourly,431.6,W/m²,2026-05-21T08:05:09.235110
0PU03,LIMELLI D'IMPERATORE,40.883057,16.3125,2026-05-21 07:00:00,tair_hourly,13.2,°C,2026-05-21T08:05:02.582760
0PU03,LIMELLI D'IMPERATORE,40.883057,16.3125,2026-05-21 07:00:00,ws_10m_hourly,5.7,m/s,2026-05-21T08:05:11.828798
0PU03,LIMELLI D'IMPERATORE,40.883057,16.3125,2026-05-21 07:00:00,ws_2m_hourly,3.5,m/s,2026-05-21T08:05:11.828793
0PU04,OTTAVA SEDICI,40.7925,17.481943,2026-05-21 07:00:00,precip_10min_interval,0.0,mm,2026-05-21T08:05:06.142794
0PU04,OTTAVA SEDICI,40.7925,17.481943,2026-05-21 07:00:00,rh_hourly,68.0,%,2026-05-21T08:05:03.964810
0PU04,OTTAVA SEDICI,40.7925,17.481943,2026-05-21 07:00:00,rs_hourly,361.3,W/m²,2026-05-21T08:05:09.235131
0PU04,OTTAVA SEDICI,40.7925,17.481943,2026-05-21 07:00:00,tair_hourly,18.4,°C,2026-05-21T08:05:02.582782
0PU04,OTTAVA SEDICI,40.7925,17.481943,2026-05-21 07:00:00,ws_10m_hourly,4.8,m/s,2026-05-21T08:05:11.828931
0PU04,OTTAVA SEDICI,40.7925,17.481943,2026-05-21 07:00:00,ws_2m_hourly,1.2,m/s,2026-05-21T08:05:11.828927
0PU06,MAINE,40.543056,18.032223,2026-05-21 07:00:00,precip_10min_interval,0.0,mm,2026-05-21T08:05:06.142856
0PU06,MAINE,40.543056,18.032223,2026-05-21 07:00:00,rh_hourly,77.0,%,2026-05-21T08:05:03.964831
0PU06,MAINE,40.543056,18.032223,2026-05-21 07:00:00,rs_hourly,158.4,W/m²,2026-05-21T08:05:09.235158
0PU06,MAINE,40.543056,18.032223,2026-05-21 07:00:00,tair_hourly,17.8,°C,2026-05-21T08:05:02.582815
0PU06,MAINE,40.543056,18.032223,2026-05-21 07:00:00,ws_10m_hourly,2.7,m/s,2026-05-21T08:05:11.829077
0PU06,MAINE,40.543056,18.032223,2026-05-21 07:00:00,ws_2m_hourly,0.7,m/s,2026-05-21T08:05:11.829074
0PU07,TRIONFO,41.347221,15.744167,2026-05-21 07:00:00,precip_10min_interval,0.0,mm,2026-05-21T08:05:06.142925
0PU07,TRIONFO,41.347221,15.744167,2026-05-21 07:00:00,rh_hourly,64.0,%,2026-05-21T08:05:03.964851
0PU07,TRIONFO,41.347221,15.744167,2026-05-21 07:00:00,rs_hourly,379.5,W/m²,2026-05-21T08:05:09.235182
0PU07,TRIONFO,41.347221,15.744167,2026-05-21 07:00:00,tair_hourly,17.4,°C,2026-05-21T08:05:02.582832
0PU07,TRIONFO,41.347221,15.744167,2026-05-21 07:00:00,ws_10m_hourly,2.8,m/s,2026-05-21T08:05:11.829207
0PU07,TRIONFO,41.347221,15.744167,2026-05-21 07:00:00,ws_2m_hourly,0.4,m/s,2026-05-21T08:05:11.829204
0PU08,TORRETTA,41.542221,15.173889,2026-05-21 07:00:00,precip_10min_interval,0.0,mm,2026-05-21T08:05:06.143009
0PU08,TORRETTA,41.542221,15.173889,2026-05-21 07:00:00,rh_hourly,58.0,%,2026-05-21T08:05:03.964866
0PU08,TORRETTA,41.542221,15.173889,2026-05-21 07:00:00,rs_hourly,126.9,W/m²,2026-05-21T08:05:09.235204
0PU08,TORRETTA,41.542221,15.173889,2026-05-21 07:00:00,tair_hourly,16.9,°C,2026-05-21T08:05:02.582844
0PU08,TORRETTA,41.542221,15.173889,2026-05-21 07:00:00,ws_10m_hourly,5.3,m/s,2026-05-21T08:05:11.829335
0PU08,TORRETTA,41.542221,15.173889,2026-05-21 07:00:00,ws_2m_hourly,0.0,m/s,2026-05-21T08:05:11.829331
0PU10,FRASSANITO,40.237221,18.441389,2026-05-21 07:00:00,precip_10min_interval,0.0,mm,2026-05-21T08:05:06.143076
0PU10,FRASSANITO,40.237221,18.441389,2026-05-21 07:00:00,rh_hourly,80.0,%,2026-05-21T08:05:03.964878
0PU10,FRASSANITO,40.237221,18.441389,2026-05-21 07:00:00,rs_hourly,465.5,W/m²,2026-05-21T08:05:09.235228
0PU10,FRASSANITO,40.237221,18.441389,2026-05-21 07:00:00,tair_hourly,18.8,°C,2026-05-21T08:05:02.582859
0PU10,FRASSANITO,40.237221,18.441389,2026-05-21 07:00:00,ws_10m_hourly,5.2,m/s,2026-05-21T08:05:11.829461
0PU10,FRASSANITO,40.237221,18.441389,2026-05-21 07:00:00,ws_2m_hourly,2.9,m/s,2026-05-21T08:05:11.829458
0PU11,BADESSA,40.470554,18.097221,2026-05-21 07:00:00,precip_10min_interval,0.0,mm,2026-05-21T08:05:06.143141
0PU11,BADESSA,40.470554,18.097221,2026-05-21 07:00:00,rh_hourly,75.0,%,2026-05-21T08:05:03.964893
0PU11,BADESSA,40.470554,18.097221,2026-05-21 07:00:00,rs_hourly,428.6,W/m²,2026-05-21T08:05:09.235240
0PU11,BADESSA,40.470554,18.097221,2026-05-21 07:00:00,tair_hourly,18.0,°C,2026-05-21T08:05:02.582871
0PU11,BADESSA,40.470554,18.097221,2026-05-21 07:00:00,ws_10m_hourly,4.3,m/s,2026-05-21T08:05:11.829590
0PU11,BADESSA,40.470554,18.097221,2026-05-21 07:00:00,ws_2m_hourly,2.4,m/s,2026-05-21T08:05:11.829587
0PU12,CONTE,39.981945,18.067499,2026-05-21 07:00:00,precip_10min_interval,0.0,mm,2026-05-21T08:05:06.143209
0PU12,CONTE,39.981945,18.067499,2026-05-21 07:00:00,rh_hourly,68.0,%,2026-05-21T08:05:03.964905
0PU12,CONTE,39.981945,18.067499,2026-05-21 07:00:00,rs_hourly,375.6,W/m²,2026-05-21T08:05:09.235253
0PU12,CONTE,39.981945,18.067499,2026-05-21 07:00:00,tair_hourly,18.2,°C,2026-05-21T08:05:02.582883
0PU12,CONTE,39.981945,18.067499,2026-05-21 07:00:00,ws_10m_hourly,4.4,m/s,2026-05-21T08:05:11.829718
0PU12,CONTE,39.981945,18.067499,2026-05-21 07:00:00,ws_2m_hourly,0.9,m/s,2026-05-21T08:05:11.829714
0PU13,TORRICELLA,40.343334,17.487778,2026-05-21 07:00:00,precip_10min_interval,0.0,mm,2026-05-21T08:05:06.143272
0PU13,TORRICELLA,40.343334,17.487778,2026-05-21 07:00:00,rh_hourly,65.0,%,2026-05-21T08:05:03.964920
0PU13,TORRICELLA,40.343334,17.487778,2026-05-21 07:00:00,rs_hourly,418.1,W/m²,2026-05-21T08:05:09.235265
0PU13,TORRICELLA,40.343334,17.487778,2026-05-21 07:00:00,tair_hourly,18.6,°C,2026-05-21T08:05:02.582898
0PU13,TORRICELLA,40.343334,17.487778,2026-05-21 07:00:00,ws_10m_hourly,6.1,m/s,2026-05-21T08:05:11.829848
0PU13,TORRICELLA,40.343334,17.487778,2026-05-21 07:00:00,ws_2m_hourly,3.6,m/s,2026-05-21T08:05:11.829843
0PU14,TAFURI,40.680832,16.867779,2026-05-21 07:00:00,precip_10min_interval,0.0,mm,2026-05-21T08:05:06.143336
0PU14,TAFURI,40.680832,16.867779,2026-05-21 07:00:00,rh_hourly,68.0,%,2026-05-21T08:05:03.964935
0PU14,TAFURI,40.680832,16.867779,2026-05-21 07:00:00,rs_hourly,356.3,W/m²,2026-05-21T08:05:09.235280
0PU14,TAFURI,40.680832,16.867779,2026-05-21 07:00:00,tair_hourly,17.0,°C,2026-05-21T08:05:02.582917
0PU14,TAFURI,40.680832,16.867779,2026-05-21 07:00:00,ws_10m_hourly,7.2,m/s,2026-05-21T08:05:11.829989
0PU14,TAFURI,40.680832,16.867779,2026-05-21 07:00:00,ws_2m_hourly,3.9,m/s,2026-05-21T08:05:11.829986
0PU16,ANDRIA,41.202221,16.201944,2026-05-21 07:00:00,precip_10min_interval,0.0,mm,2026-05-21T08:05:06.143399
0PU16,ANDRIA,41.202221,16.201944,2026-05-21 07:00:00,rh_hourly,69.0,%,2026-05-21T08:05:03.964971
0PU16,ANDRIA,41.202221,16.201944,2026-05-21 07:00:00,rs_hourly,211.5,W/m²,2026-05-21T08:05:09.235292
0PU16,ANDRIA,41.202221,16.201944,2026-05-21 07:00:00,tair_hourly,16.1,°C,2026-05-21T08:05:02.582929
0PU16,ANDRIA,41.202221,16.201944,2026-05-21 07:00:00,ws_10m_hourly,3.1,m/s,2026-05-21T08:05:11.830115
0PU16,ANDRIA,41.202221,16.201944,2026-05-21 07:00:00,ws_2m_hourly,0.9,m/s,2026-05-21T08:05:11.830112
0PU17,OSTUNI-SAROLO,40.688332,17.413889,2026-05-21 07:00:00,precip_10min_interval,0.0,mm,2026-05-21T08:05:06.143466
0PU17,OSTUNI-SAROLO,40.688332,17.413889,2026-05-21 07:00:00,rh_hourly,79.0,%,2026-05-21T08:05:03.964984
0PU17,OSTUNI-SAROLO,40.688332,17.413889,2026-05-21 07:00:00,rs_hourly,0.0,W/m²,2026-05-21T08:05:09.235304
0PU17,OSTUNI-SAROLO,40.688332,17.413889,2026-05-21 07:00:00,tair_hourly,15.2,°C,2026-05-21T08:05:02.582963
0PU17,OSTUNI-SAROLO,40.688332,17.413889,2026-05-21 07:00:00,ws_10m_hourly,3.6,m/s,2026-05-21T08:05:11.830242
0PU17,OSTUNI-SAROLO,40.688332,17.413889,2026-05-21 07:00:00,ws_2m_hourly,1.7,m/s,2026-05-21T08:05:11.830239
0PU18,MONOPOLI,40.919445,17.294443,2026-05-21 07:00:00,precip_10min_interval,0.0,mm,2026-05-21T08:05:06.143532
0PU18,MONOPOLI,40.919445,17.294443,2026-05-21 07:00:00,rh_hourly,71.0,%,2026-05-21T08:05:03.964997
0PU18,MONOPOLI,40.919445,17.294443,2026-05-21 07:00:00,rs_hourly,459.0,W/m²,2026-05-21T08:05:09.235319
0PU18,MONOPOLI,40.919445,17.294443,2026-05-21 07:00:00,tair_hourly,17.9,°C,2026-05-21T08:05:02.582981
0PU18,MONOPOLI,40.919445,17.294443,2026-05-21 07:00:00,ws_10m_hourly,5.0,m/s,2026-05-21T08:05:11.830368
0PU18,MONOPOLI,40.919445,17.294443,2026-05-21 07:00:00,ws_2m_hourly,3.2,m/s,2026-05-21T08:05:11.830365
0PU19,TERLIZZI,41.120834,16.549168,2026-05-21 07:00:00,precip_10min_interval,0.0,mm,2026-05-21T08:05:06.143591
0PU19,TERLIZZI,41.120834,16.549168,2026-05-21 07:00:00,rh_hourly,65.0,%,2026-05-21T08:05:03.965018
0PU19,TERLIZZI,41.120834,16.549168,2026-05-21 07:00:00,rs_hourly,225.1,W/m²,2026-05-21T08:05:09.235332
0PU19,TERLIZZI,41.120834,16.549168,2026-05-21 07:00:00,tair_hourly,17.2,°C,2026-05-21T08:05:02.582996
0PU19,TERLIZZI,41.120834,16.549168,2026-05-21 07:00:00,ws_10m_hourly,1.4,m/s,2026-05-21T08:05:11.830499
0PU19,TERLIZZI,41.120834,16.549168,2026-05-21 07:00:00,ws_2m_hourly,0.3,m/s,2026-05-21T08:05:11.830496
0PU20,VILLA CASTELLI,40.553055,17.504444,2026-05-21 07:00:00,precip_10min_interval,0.0,mm,2026-05-21T08:05:06.143654
0PU20,VILLA CASTELLI,40.553055,17.504444,2026-05-21 07:00:00,rh_hourly,67.0,%,2026-05-21T08:05:03.965030
0PU20,VILLA CASTELLI,40.553055,17.504444,2026-05-21 07:00:00,rs_hourly,180.9,W/m²,2026-05-21T08:05:09.235346
0PU20,VILLA CASTELLI,40.553055,17.504444,2026-05-21 07:00:00,tair_hourly,17.5,°C,2026-05-21T08:05:02.583009
0PU20,VILLA CASTELLI,40.553055,17.504444,2026-05-21 07:00:00,ws_10m_hourly,5.8,m/s,2026-05-21T08:05:11.830629
0PU20,VILLA CASTELLI,40.553055,17.504444,2026-05-21 07:00:00,ws_2m_hourly,3.3,m/s,2026-05-21T08:05:11.830626
0PU21,CAROVIGNO,40.691944,17.630278,2026-05-21 07:00:00,precip_10min_interval,0.0,mm,2026-05-21T08:05:06.143717
0PU21,CAROVIGNO,40.691944,17.630278,2026-05-21 07:00:00,rh_hourly,70.0,%,2026-05-21T08:05:03.965042
0PU21,CAROVIGNO,40.691944,17.630278,2026-05-21 07:00:00,rs_hourly,519.6,W/m²,2026-05-21T08:05:09.235363
0PU21,CAROVIGNO,40.691944,17.630278,2026-05-21 07:00:00,tair_hourly,17.8,°C,2026-05-21T08:05:02.583024
0PU21,CAROVIGNO,40.691944,17.630278,2026-05-21 07:00:00,ws_10m_hourly,3.5,m/s,2026-05-21T08:05:11.830761
0PU21,CAROVIGNO,40.691944,17.630278,2026-05-21 07:00:00,ws_2m_hourly,1.3,m/s,2026-05-21T08:05:11.830757
0PU22,APRICENA,41.773335,15.438611,2026-05-21 07:00:00,precip_10min_interval,0.0,mm,2026-05-21T08:05:06.143783
0PU22,APRICENA,41.773335,15.438611,2026-05-21 07:00:00,rh_hourly,75.0,%,2026-05-21T08:05:03.965056
0PU22,APRICENA,41.773335,15.438611,2026-05-21 07:00:00,rs_hourly,130.2,W/m²,2026-05-21T08:05:09.235375
0PU22,APRICENA,41.773335,15.438611,2026-05-21 07:00:00,tair_hourly,17.0,°C,2026-05-21T08:05:02.583036
0PU22,APRICENA,41.773335,15.438611,2026-05-21 07:00:00,ws_10m_hourly,2.2,m/s,2026-05-21T08:05:11.830893
0PU22,APRICENA,41.773335,15.438611,2026-05-21 07:00:00,ws_2m_hourly,0.7,m/s,2026-05-21T08:05:11.830888
0PU23,MANFREDONIA,41.541389,15.885833,2026-05-21 07:00:00,precip_10min_interval,0.0,mm,2026-05-21T08:05:06.143848
0PU23,MANFREDONIA,41.541389,15.885833,2026-05-21 07:00:00,rh_hourly,69.0,%,2026-05-21T08:05:03.965073
0PU23,MANFREDONIA,41.541389,15.885833,2026-05-21 07:00:00,rs_hourly,336.0,W/m²,2026-05-21T08:05:09.235388
0PU23,MANFREDONIA,41.541389,15.885833,2026-05-21 07:00:00,tair_hourly,19.2,°C,2026-05-21T08:05:02.583050
0PU23,MANFREDONIA,41.541389,15.885833,2026-05-21 07:00:00,ws_10m_hourly,4.1,m/s,2026-05-21T08:05:11.831029
0PU23,MANFREDONIA,41.541389,15.885833,2026-05-21 07:00:00,ws_2m_hourly,2.0,m/s,2026-05-21T08:05:11.831026
0PU25,NOCIGLIA,40.034443,18.313057,2026-05-21 07:00:00,precip_10min_interval,0.0,mm,2026-05-21T08:05:06.143912
0PU25,NOCIGLIA,40.034443,18.313057,2026-05-21 07:00:00,rh_hourly,72.0,%,2026-05-21T08:05:03.965086
0PU25,NOCIGLIA,40.034443,18.313057,2026-05-21 07:00:00,rs_hourly,448.1,W/m²,2026-05-21T08:05:09.235400
0PU25,NOCIGLIA,40.034443,18.313057,2026-05-21 07:00:00,tair_hourly,17.6,°C,2026-05-21T08:05:02.583064
0PU25,NOCIGLIA,40.034443,18.313057,2026-05-21 07:00:00,ws_10m_hourly,5.6,m/s,2026-05-21T08:05:11.831157
0PU25,NOCIGLIA,40.034443,18.313057,2026-05-21 07:00:00,ws_2m_hourly,3.0,m/s,2026-05-21T08:05:11.831154
0PU27,GROTTAGLIE,40.53389,17.362778,2026-05-21 07:00:00,rh_hourly,63.0,%,2026-05-21T08:05:03.965135
0PU27,GROTTAGLIE,40.53389,17.362778,2026-05-21 07:00:00,rs_hourly,470.4,W/m²,2026-05-21T08:05:09.235415
0PU27,GROTTAGLIE,40.53389,17.362778,2026-05-21 07:00:00,tair_hourly,17.9,°C,2026-05-21T08:05:02.583079
0PU27,GROTTAGLIE,40.53389,17.362778,2026-05-21 07:00:00,ws_10m_hourly,4.8,m/s,2026-05-21T08:05:11.831291
0PU27,GROTTAGLIE,40.53389,17.362778,2026-05-21 07:00:00,ws_2m_hourly,3.0,m/s,2026-05-21T08:05:11.831284
0PU28,TRANI,41.247501,16.415556,2026-05-21 07:00:00,precip_10min_interval,0.0,mm,2026-05-21T08:05:06.143984
0PU28,TRANI,41.247501,16.415556,2026-05-21 07:00:00,rh_hourly,65.0,%,2026-05-21T08:05:03.965149
0PU28,TRANI,41.247501,16.415556,2026-05-21 07:00:00,rs_hourly,346.6,W/m²,2026-05-21T08:05:09.235424
0PU28,TRANI,41.247501,16.415556,2026-05-21 07:00:00,tair_hourly,17.4,°C,2026-05-21T08:05:02.583091
0PU28,TRANI,41.247501,16.415556,2026-05-21 07:00:00,ws_10m_hourly,2.7,m/s,2026-05-21T08:05:11.831409
0PU28,TRANI,41.247501,16.415556,2026-05-21 07:00:00,ws_2m_hourly,1.9,m/s,2026-05-21T08:05:11.831406
0PU30,NOICATTARO,41.021942,16.967777,2026-05-21 07:00:00,precip_10min_interval,0.0,mm,2026-05-21T08:05:06.144047
0PU30,NOICATTARO,41.021942,16.967777,2026-05-21 07:00:00,rh_hourly,72.0,%,2026-05-21T08:05:03.965160
0PU30,NOICATTARO,41.021942,16.967777,2026-05-21 07:00:00,rs_hourly,0.0,W/m²,2026-05-21T08:05:09.235437
0PU30,NOICATTARO,41.021942,16.967777,2026-05-21 07:00:00,tair_hourly,16.4,°C,2026-05-21T08:05:02.583103
0PU30,NOICATTARO,41.021942,16.967777,2026-05-21 07:00:00,ws_10m_hourly,2.1,m/s,2026-05-21T08:05:11.831540
0PU30,NOICATTARO,41.021942,16.967777,2026-05-21 07:00:00,ws_2m_hourly,1.3,m/s,2026-05-21T08:05:11.831537
0PU31,ALBEROBELLO,40.790558,17.233334,2026-05-21 07:00:00,precip_10min_interval,0.0,mm,2026-05-21T08:05:06.144108
0PU31,ALBEROBELLO,40.790558,17.233334,2026-05-21 07:00:00,rh_hourly,76.0,%,2026-05-21T08:05:03.965175
0PU31,ALBEROBELLO,40.790558,17.233334,2026-05-21 07:00:00,rs_hourly,468.0,W/m²,2026-05-21T08:05:09.235451
0PU31,ALBEROBELLO,40.790558,17.233334,2026-05-21 07:00:00,tair_hourly,14.8,°C,2026-05-21T08:05:02.583118
0PU31,ALBEROBELLO,40.790558,17.233334,2026-05-21 07:00:00,ws_10m_hourly,4.2,m/s,2026-05-21T08:05:11.831668
0PU31,ALBEROBELLO,40.790558,17.233334,2026-05-21 07:00:00,ws_2m_hourly,2.4,m/s,2026-05-21T08:05:11.831663
0PU33,MOCCARI,40.558334,17.851667,2026-05-21 07:00:00,precip_10min_interval,0.0,mm,2026-05-21T08:05:06.144172
0PU33,MOCCARI,40.558334,17.851667,2026-05-21 07:00:00,rh_hourly,73.0,%,2026-05-21T08:05:03.965188
0PU33,MOCCARI,40.558334,17.851667,2026-05-21 07:00:00,rs_hourly,513.7,W/m²,2026-05-21T08:05:09.235463
0PU33,MOCCARI,40.558334,17.851667,2026-05-21 07:00:00,tair_hourly,18.5,°C,2026-05-21T08:05:02.583132
0PU33,MOCCARI,40.558334,17.851667,2026-05-21 07:00:00,ws_10m_hourly,4.5,m/s,2026-05-21T08:05:11.831796
0PU33,MOCCARI,40.558334,17.851667,2026-05-21 07:00:00,ws_2m_hourly,2.6,m/s,2026-05-21T08:05:11.831793
0PU34,LATIANO,40.548332,17.688057,2026-05-21 07:00:00,precip_10min_interval,0.0,mm,2026-05-21T08:05:06.144232
0PU34,LATIANO,40.548332,17.688057,2026-05-21 07:00:00,rh_hourly,67.0,%,2026-05-21T08:05:03.965199
0PU34,LATIANO,40.548332,17.688057,2026-05-21 07:00:00,rs_hourly,372.3,W/m²,2026-05-21T08:05:09.235478
0PU34,LATIANO,40.548332,17.688057,2026-05-21 07:00:00,tair_hourly,17.7,°C,2026-05-21T08:05:02.583149
0PU34,LATIANO,40.548332,17.688057,2026-05-21 07:00:00,ws_10m_hourly,3.9,m/s,2026-05-21T08:05:11.831925
0PU34,LATIANO,40.548332,17.688057,2026-05-21 07:00:00,ws_2m_hourly,2.7,m/s,2026-05-21T08:05:11.831921
0PU35,SAN VITO DEI NORMANNI,40.629166,17.73361,2026-05-21 07:00:00,precip_10min_interval,0.0,mm,2026-05-21T08:05:06.144292
0PU35,SAN VITO DEI NORMANNI,40.629166,17.73361,2026-05-21 07:00:00,rs_hourly,415.3,W/m²,2026-05-21T08:05:09.235490
0PU35,SAN VITO DEI NORMANNI,40.629166,17.73361,2026-05-21 07:00:00,tair_hourly,18.2,°C,2026-05-21T08:05:02.583163
0PU35,SAN VITO DEI NORMANNI,40.629166,17.73361,2026-05-21 07:00:00,ws_10m_hourly,6.6,m/s,2026-05-21T08:05:11.832060
0PU35,SAN VITO DEI NORMANNI,40.629166,17.73361,2026-05-21 07:00:00,ws_2m_hourly,4.1,m/s,2026-05-21T08:05:11.832057
0PU36,VILLANOVA,41.654167,15.586667,2026-05-21 07:00:00,precip_10min_interval,0.0,mm,2026-05-21T08:05:06.144357
0PU36,VILLANOVA,41.654167,15.586667,2026-05-21 07:00:00,rh_hourly,72.0,%,2026-05-21T08:05:03.965212
0PU36,VILLANOVA,41.654167,15.586667,2026-05-21 07:00:00,rs_hourly,304.7,W/m²,2026-05-21T08:05:09.235504
0PU36,VILLANOVA,41.654167,15.586667,2026-05-21 07:00:00,tair_hourly,18.8,°C,2026-05-21T08:05:02.583176
0PU36,VILLANOVA,41.654167,15.586667,2026-05-21 07:00:00,ws_10m_hourly,11.2,m/s,2026-05-21T08:05:11.832188
0PU36,VILLANOVA,41.654167,15.586667,2026-05-21 07:00:00,ws_2m_hourly,6.2,m/s,2026-05-21T08:05:11.832185
0PU37,TROIA,41.336388,15.382778,2026-05-21 07:00:00,precip_10min_interval,0.0,mm,2026-05-21T08:05:06.144418
0PU37,TROIA,41.336388,15.382778,2026-05-21 07:00:00,rh_hourly,69.0,%,2026-05-21T08:05:03.965227
0PU37,TROIA,41.336388,15.382778,2026-05-21 07:00:00,rs_hourly,311.1,W/m²,2026-05-21T08:05:09.235516
0PU37,TROIA,41.336388,15.382778,2026-05-21 07:00:00,tair_hourly,15.4,°C,2026-05-21T08:05:02.583188
0PU37,TROIA,41.336388,15.382778,2026-05-21 07:00:00,ws_10m_hourly,4.8,m/s,2026-05-21T08:05:11.832316
0PU37,TROIA,41.336388,15.382778,2026-05-21 07:00:00,ws_2m_hourly,3.3,m/s,2026-05-21T08:05:11.832313
0PU38,BORGO LA ROCCA,41.558334,15.516111,2026-05-21 07:00:00,precip_10min_interval,0.0,mm,2026-05-21T08:05:06.144482
0PU38,BORGO LA ROCCA,41.558334,15.516111,2026-05-21 07:00:00,rh_hourly,67.0,%,2026-05-21T08:05:03.965239
0PU38,BORGO LA ROCCA,41.558334,15.516111,2026-05-21 07:00:00,rs_hourly,403.4,W/m²,2026-05-21T08:05:09.235531
0PU38,BORGO LA ROCCA,41.558334,15.516111,2026-05-21 07:00:00,tair_hourly,17.2,°C,2026-05-21T08:05:02.583200
0PU38,BORGO LA ROCCA,41.558334,15.516111,2026-05-21 07:00:00,ws_10m_hourly,4.1,m/s,2026-05-21T08:05:11.832451
0PU38,BORGO LA ROCCA,41.558334,15.516111,2026-05-21 07:00:00,ws_2m_hourly,2.8,m/s,2026-05-21T08:05:11.832448
0PU40,ARCHE,40.273888,18.013611,2026-05-21 07:00:00,precip_10min_interval,0.0,mm,2026-05-21T08:05:06.144563
0PU40,ARCHE,40.273888,18.013611,2026-05-21 07:00:00,rh_hourly,67.0,%,2026-05-21T08:05:03.965252
0PU40,ARCHE,40.273888,18.013611,2026-05-21 07:00:00,rs_hourly,376.6,W/m²,2026-05-21T08:05:09.235545
0PU40,ARCHE,40.273888,18.013611,2026-05-21 07:00:00,tair_hourly,18.1,°C,2026-05-21T08:05:02.583214
0PU40,ARCHE,40.273888,18.013611,2026-05-21 07:00:00,ws_10m_hourly,5.2,m/s,2026-05-21T08:05:11.832591
0PU40,ARCHE,40.273888,18.013611,2026-05-21 07:00:00,ws_2m_hourly,2.3,m/s,2026-05-21T08:05:11.832585
0PU41,LECCE,40.326668,18.139999,2026-05-21 07:00:00,precip_10min_interval,0.0,mm,2026-05-21T08:05:06.144626
0PU41,LECCE,40.326668,18.139999,2026-05-21 07:00:00,rh_hourly,68.0,%,2026-05-21T08:05:03.965267
0PU41,LECCE,40.326668,18.139999,2026-05-21 07:00:00,rs_hourly,424.8,W/m²,2026-05-21T08:05:09.235557
0PU41,LECCE,40.326668,18.139999,2026-05-21 07:00:00,tair_hourly,18.3,°C,2026-05-21T08:05:02.583226
0PU41,LECCE,40.326668,18.139999,2026-05-21 07:00:00,ws_10m_hourly,3.0,m/s,2026-05-21T08:05:11.832722
0PU41,LECCE,40.326668,18.139999,2026-05-21 07:00:00,ws_2m_hourly,2.0,m/s,2026-05-21T08:05:11.832720
0PU42,SALICE SALENTINO,40.390556,17.875278,2026-05-21 07:00:00,precip_10min_interval,0.0,mm,2026-05-21T08:05:06.144693
0PU42,SALICE SALENTINO,40.390556,17.875278,2026-05-21 07:00:00,rh_hourly,71.0,%,2026-05-21T08:05:03.965284
0PU42,SALICE SALENTINO,40.390556,17.875278,2026-05-21 07:00:00,rs_hourly,469.5,W/m²,2026-05-21T08:05:09.235570
0PU42,SALICE SALENTINO,40.390556,17.875278,2026-05-21 07:00:00,tair_hourly,18.2,°C,2026-05-21T08:05:02.583239
0PU42,SALICE SALENTINO,40.390556,17.875278,2026-05-21 07:00:00,ws_10m_hourly,4.8,m/s,2026-05-21T08:05:11.832857
0PU42,SALICE SALENTINO,40.390556,17.875278,2026-05-21 07:00:00,ws_2m_hourly,3.1,m/s,2026-05-21T08:05:11.832854
0PU43,LUCUGNANO,39.930279,18.3225,2026-05-21 07:00:00,precip_10min_interval,0.0,mm,2026-05-21T08:05:06.144759
0PU43,LUCUGNANO,39.930279,18.3225,2026-05-21 07:00:00,rh_hourly,73.0,%,2026-05-21T08:05:03.965296
0PU43,LUCUGNANO,39.930279,18.3225,2026-05-21 07:00:00,rs_hourly,516.8,W/m²,2026-05-21T08:05:09.235585
0PU43,LUCUGNANO,39.930279,18.3225,2026-05-21 07:00:00,tair_hourly,17.4,°C,2026-05-21T08:05:02.583254
0PU43,LUCUGNANO,39.930279,18.3225,2026-05-21 07:00:00,ws_10m_hourly,4.4,m/s,2026-05-21T08:05:11.832999
0PU43,LUCUGNANO,39.930279,18.3225,2026-05-21 07:00:00,ws_2m_hourly,2.5,m/s,2026-05-21T08:05:11.832996
0PU44,MANDURIA,40.381943,17.621111,2026-05-21 07:00:00,precip_10min_interval,0.0,mm,2026-05-21T08:05:06.144822
0PU44,MANDURIA,40.381943,17.621111,2026-05-21 07:00:00,rh_hourly,65.0,%,2026-05-21T08:05:03.965310
0PU44,MANDURIA,40.381943,17.621111,2026-05-21 07:00:00,rs_hourly,367.2,W/m²,2026-05-21T08:05:09.235597
0PU44,MANDURIA,40.381943,17.621111,2026-05-21 07:00:00,tair_hourly,18.4,°C,2026-05-21T08:05:02.583266
0PU44,MANDURIA,40.381943,17.621111,2026-05-21 07:00:00,ws_10m_hourly,6.1,m/s,2026-05-21T08:05:11.833130
0PU44,MANDURIA,40.381943,17.621111,2026-05-21 07:00:00,ws_2m_hourly,4.6,m/s,2026-05-21T08:05:11.833127
0PU45,MOTTOLA,40.675556,16.996111,2026-05-21 07:00:00,precip_10min_interval,0.0,mm,2026-05-21T08:05:06.144889
0PU45,MOTTOLA,40.675556,16.996111,2026-05-21 07:00:00,rh_hourly,72.0,%,2026-05-21T08:05:03.965325
0PU45,MOTTOLA,40.675556,16.996111,2026-05-21 07:00:00,rs_hourly,366.5,W/m²,2026-05-21T08:05:09.235610
0PU45,MOTTOLA,40.675556,16.996111,2026-05-21 07:00:00,tair_hourly,16.7,°C,2026-05-21T08:05:02.583280
0PU45,MOTTOLA,40.675556,16.996111,2026-05-21 07:00:00,ws_10m_hourly,5.0,m/s,2026-05-21T08:05:11.833264
0PU45,MOTTOLA,40.675556,16.996111,2026-05-21 07:00:00,ws_2m_hourly,2.2,m/s,2026-05-21T08:05:11.833261
0PU46,MASSAFRA,40.582779,17.091944,2026-05-21 07:00:00,precip_10min_interval,0.0,mm,2026-05-21T08:05:06.144964
0PU46,MASSAFRA,40.582779,17.091944,2026-05-21 07:00:00,rh_hourly,61.0,%,2026-05-21T08:05:03.965337
0PU46,MASSAFRA,40.582779,17.091944,2026-05-21 07:00:00,rs_hourly,435.5,W/m²,2026-05-21T08:05:09.235621
0PU46,MASSAFRA,40.582779,17.091944,2026-05-21 07:00:00,tair_hourly,17.3,°C,2026-05-21T08:05:02.583294
0PU46,MASSAFRA,40.582779,17.091944,2026-05-21 07:00:00,ws_10m_hourly,5.7,m/s,2026-05-21T08:05:11.833393
0PU46,MASSAFRA,40.582779,17.091944,2026-05-21 07:00:00,ws_2m_hourly,3.7,m/s,2026-05-21T08:05:11.833390
0PU47,CASTELLANETA,40.494446,16.878889,2026-05-21 07:00:00,precip_10min_interval,0.0,mm,2026-05-21T08:05:06.145029
0PU47,CASTELLANETA,40.494446,16.878889,2026-05-21 07:00:00,rh_hourly,53.0,%,2026-05-21T08:05:03.965349
0PU47,CASTELLANETA,40.494446,16.878889,2026-05-21 07:00:00,rs_hourly,359.6,W/m²,2026-05-21T08:05:09.235635
0PU47,CASTELLANETA,40.494446,16.878889,2026-05-21 07:00:00,tair_hourly,17.3,°C,2026-05-21T08:05:02.583309
0PU47,CASTELLANETA,40.494446,16.878889,2026-05-21 07:00:00,ws_10m_hourly,5.5,m/s,2026-05-21T08:05:11.833519
0PU47,CASTELLANETA,40.494446,16.878889,2026-05-21 07:00:00,ws_2m_hourly,2.4,m/s,2026-05-21T08:05:11.833516
0PU48,BARI C.N.R. IRSA,41.116943,16.820557,2026-05-21 07:00:00,precip_10min_interval,0.0,mm,2026-05-21T08:05:06.145088
0PU48,BARI C.N.R. IRSA,41.116943,16.820557,2026-05-21 07:00:00,rh_hourly,62.0,%,2026-05-21T08:05:03.965363
0PU48,BARI C.N.R. IRSA,41.116943,16.820557,2026-05-21 07:00:00,rs_hourly,347.4,W/m²,2026-05-21T08:05:09.235644
0PU48,BARI C.N.R. IRSA,41.116943,16.820557,2026-05-21 07:00:00,tair_hourly,18.5,°C,2026-05-21T08:05:02.583322
0PU48,BARI C.N.R. IRSA,41.116943,16.820557,2026-05-21 07:00:00,ws_10m_hourly,4.0,m/s,2026-05-21T08:05:11.833646
0PU48,BARI C.N.R. IRSA,41.116943,16.820557,2026-05-21 07:00:00,ws_2m_hourly,2.5,m/s,2026-05-21T08:05:11.833643
0PU49,LOCOROTONDO ITAS,40.757221,17.340834,2026-05-21 07:00:00,precip_10min_interval,0.0,mm,2026-05-21T08:05:06.145152
0PU49,LOCOROTONDO ITAS,40.757221,17.340834,2026-05-21 07:00:00,rh_hourly,73.0,%,2026-05-21T08:05:03.965375
0PU49,LOCOROTONDO ITAS,40.757221,17.340834,2026-05-21 07:00:00,rs_hourly,433.5,W/m²,2026-05-21T08:05:09.235656
0PU49,LOCOROTONDO ITAS,40.757221,17.340834,2026-05-21 07:00:00,tair_hourly,15.4,°C,2026-05-21T08:05:02.583334
0PU49,LOCOROTONDO ITAS,40.757221,17.340834,2026-05-21 07:00:00,ws_10m_hourly,4.6,m/s,2026-05-21T08:05:11.833778
0PU49,LOCOROTONDO ITAS,40.757221,17.340834,2026-05-21 07:00:00,ws_2m_hourly,3.0,m/s,2026-05-21T08:05:11.833775
0PU53,TORITTO,40.957222,16.567223,2026-05-21 07:00:00,precip_10min_interval,0.0,mm,2026-05-21T08:05:06.145220
0PU53,TORITTO,40.957222,16.567223,2026-05-21 07:00:00,rh_hourly,70.0,%,2026-05-21T08:05:03.965387
0PU53,TORITTO,40.957222,16.567223,2026-05-21 07:00:00,rs_hourly,321.1,W/m²,2026-05-21T08:05:09.235670
0PU53,TORITTO,40.957222,16.567223,2026-05-21 07:00:00,tair_hourly,15.5,°C,2026-05-21T08:05:02.583348
0PU53,TORITTO,40.957222,16.567223,2026-05-21 07:00:00,ws_10m_hourly,7.1,m/s,2026-05-21T08:05:11.833920
0PU53,TORITTO,40.957222,16.567223,2026-05-21 07:00:00,ws_2m_hourly,6.0,m/s,2026-05-21T08:05:11.833917
0PU54,TORRE SANTA SUSANNA,40.459442,17.724722,2026-05-21 07:00:00,precip_10min_interval,0.0,mm,2026-05-21T08:05:06.145284
0PU54,TORRE SANTA SUSANNA,40.459442,17.724722,2026-05-21 07:00:00,rh_hourly,65.0,%,2026-05-21T08:05:03.965402
0PU54,TORRE SANTA SUSANNA,40.459442,17.724722,2026-05-21 07:00:00,rs_hourly,475.5,W/m²,2026-05-21T08:05:09.235682
0PU54,TORRE SANTA SUSANNA,40.459442,17.724722,2026-05-21 07:00:00,tair_hourly,18.7,°C,2026-05-21T08:05:02.583363
0PU54,TORRE SANTA SUSANNA,40.459442,17.724722,2026-05-21 07:00:00,ws_10m_hourly,4.0,m/s,2026-05-21T08:05:11.834064
0PU54,TORRE SANTA SUSANNA,40.459442,17.724722,2026-05-21 07:00:00,ws_2m_hourly,0.6,m/s,2026-05-21T08:05:11.834059
0PU55,LESINA-RIPALTA,41.8475,15.266111,2026-05-21 07:00:00,precip_10min_interval,0.0,mm,2026-05-21T08:05:06.145354
0PU55,LESINA-RIPALTA,41.8475,15.266111,2026-05-21 07:00:00,rh_hourly,68.0,%,2026-05-21T08:05:03.965416
0PU55,LESINA-RIPALTA,41.8475,15.266111,2026-05-21 07:00:00,rs_hourly,315.5,W/m²,2026-05-21T08:05:09.235694
0PU55,LESINA-RIPALTA,41.8475,15.266111,2026-05-21 07:00:00,tair_hourly,18.0,°C,2026-05-21T08:05:02.583375
0PU55,LESINA-RIPALTA,41.8475,15.266111,2026-05-21 07:00:00,ws_10m_hourly,5.6,m/s,2026-05-21T08:05:11.834199
0PU55,LESINA-RIPALTA,41.8475,15.266111,2026-05-21 07:00:00,ws_2m_hourly,3.7,m/s,2026-05-21T08:05:11.834196
0PU56,CARLANTINO,41.588333,14.983611,2026-05-21 07:00:00,precip_10min_interval,0.0,mm,2026-05-21T08:05:06.145421
0PU56,CARLANTINO,41.588333,14.983611,2026-05-21 07:00:00,rh_hourly,61.0,%,2026-05-21T08:05:03.965427
0PU56,CARLANTINO,41.588333,14.983611,2026-05-21 07:00:00,tair_hourly,14.6,°C,2026-05-21T08:05:02.583390
0PU56,CARLANTINO,41.588333,14.983611,2026-05-21 07:00:00,ws_10m_hourly,4.8,m/s,2026-05-21T08:05:11.834331
0PU56,CARLANTINO,41.588333,14.983611,2026-05-21 07:00:00,ws_2m_hourly,3.3,m/s,2026-05-21T08:05:11.834328
0PU57,SANT'AGATA DI PUGLIA,41.150276,15.46,2026-05-21 07:00:00,precip_10min_interval,0.0,mm,2026-05-21T08:05:06.145486
0PU57,SANT'AGATA DI PUGLIA,41.150276,15.46,2026-05-21 07:00:00,rh_hourly,56.0,%,2026-05-21T08:05:03.965442
0PU57,SANT'AGATA DI PUGLIA,41.150276,15.46,2026-05-21 07:00:00,rs_hourly,337.7,W/m²,2026-05-21T08:05:09.235709
0PU57,SANT'AGATA DI PUGLIA,41.150276,15.46,2026-05-21 07:00:00,tair_hourly,17.2,°C,2026-05-21T08:05:02.583402
0PU57,SANT'AGATA DI PUGLIA,41.150276,15.46,2026-05-21 07:00:00,ws_10m_hourly,3.8,m/s,2026-05-21T08:05:11.834468
0PU57,SANT'AGATA DI PUGLIA,41.150276,15.46,2026-05-21 07:00:00,ws_2m_hourly,2.2,m/s,2026-05-21T08:05:11.834465
0PU58,GINOSA,40.556389,16.843611,2026-05-21 07:00:00,precip_10min_interval,0.0,mm,2026-05-21T08:05:06.145553
0PU58,GINOSA,40.556389,16.843611,2026-05-21 07:00:00,rh_hourly,63.0,%,2026-05-21T08:05:03.965456
0PU58,GINOSA,40.556389,16.843611,2026-05-21 07:00:00,rs_hourly,475.4,W/m²,2026-05-21T08:05:09.235724
0PU58,GINOSA,40.556389,16.843611,2026-05-21 07:00:00,tair_hourly,17.9,°C,2026-05-21T08:05:02.583414
0PU58,GINOSA,40.556389,16.843611,2026-05-21 07:00:00,ws_10m_hourly,5.1,m/s,2026-05-21T08:05:11.834608
0PU58,GINOSA,40.556389,16.843611,2026-05-21 07:00:00,ws_2m_hourly,3.9,m/s,2026-05-21T08:05:11.834605
0PU59,PALAGIANELLO,40.578335,16.975279,2026-05-21 07:00:00,precip_10min_interval,0.0,mm,2026-05-21T08:05:06.145624
0PU59,PALAGIANELLO,40.578335,16.975279,2026-05-21 07:00:00,rh_hourly,68.0,%,2026-05-21T08:05:03.965468
0PU59,PALAGIANELLO,40.578335,16.975279,2026-05-21 07:00:00,rs_hourly,257.5,W/m²,2026-05-21T08:05:09.235736
0PU59,PALAGIANELLO,40.578335,16.975279,2026-05-21 07:00:00,tair_hourly,18.3,°C,2026-05-21T08:05:02.583431
0PU59,PALAGIANELLO,40.578335,16.975279,2026-05-21 07:00:00,ws_10m_hourly,4.8,m/s,2026-05-21T08:05:11.834745
0PU59,PALAGIANELLO,40.578335,16.975279,2026-05-21 07:00:00,ws_2m_hourly,3.3,m/s,2026-05-21T08:05:11.834742
0PU60,MINERVINO DI LECCE,40.093613,18.418612,2026-05-21 07:00:00,precip_10min_interval,0.0,mm,2026-05-21T08:05:06.145691
0PU60,MINERVINO DI LECCE,40.093613,18.418612,2026-05-21 07:00:00,rh_hourly,78.0,%,2026-05-21T08:05:03.965480
0PU60,MINERVINO DI LECCE,40.093613,18.418612,2026-05-21 07:00:00,rs_hourly,417.1,W/m²,2026-05-21T08:05:09.235748
0PU60,MINERVINO DI LECCE,40.093613,18.418612,2026-05-21 07:00:00,tair_hourly,18.0,°C,2026-05-21T08:05:02.583442
0PU60,MINERVINO DI LECCE,40.093613,18.418612,2026-05-21 07:00:00,ws_10m_hourly,5.8,m/s,2026-05-21T08:05:11.834877
0PU60,MINERVINO DI LECCE,40.093613,18.418612,2026-05-21 07:00:00,ws_2m_hourly,3.9,m/s,2026-05-21T08:05:11.834874
0PU61,NARDO',40.171391,17.976389,2026-05-21 07:00:00,precip_10min_interval,0.0,mm,2026-05-21T08:05:06.145760
0PU61,NARDO',40.171391,17.976389,2026-05-21 07:00:00,rh_hourly,65.0,%,2026-05-21T08:05:03.965494
0PU61,NARDO',40.171391,17.976389,2026-05-21 07:00:00,rs_hourly,401.8,W/m²,2026-05-21T08:05:09.235783
0PU61,NARDO',40.171391,17.976389,2026-05-21 07:00:00,tair_hourly,18.7,°C,2026-05-21T08:05:02.583455
0PU61,NARDO',40.171391,17.976389,2026-05-21 07:00:00,ws_10m_hourly,6.4,m/s,2026-05-21T08:05:11.835032
0PU61,NARDO',40.171391,17.976389,2026-05-21 07:00:00,ws_2m_hourly,2.6,m/s,2026-05-21T08:05:11.835030
MBA20,IPSAA,41.22139,16.049723,2026-05-21 07:00:00,precip_10min_interval,0.0,mm,2026-05-21T08:05:06.145826
MBA20,IPSAA,41.22139,16.049723,2026-05-21 07:00:00,rh_hourly,71.0,%,2026-05-21T08:05:03.965506
MBA20,IPSAA,41.22139,16.049723,2026-05-21 07:00:00,tair_hourly,16.1,°C,2026-05-21T08:05:02.583470
MBA20,IPSAA,41.22139,16.049723,2026-05-21 07:00:00,ws_2m_hourly,0.9,m/s,2026-05-21T08:05:11.835129
MBA21,MONTEGROSSO,41.132778,16.185833,2026-05-21 07:00:00,precip_10min_interval,0.0,mm,2026-05-21T08:05:06.145898
MBA21,MONTEGROSSO,41.132778,16.185833,2026-05-21 07:00:00,rh_hourly,67.0,%,2026-05-21T08:05:03.965518
MBA21,MONTEGROSSO,41.132778,16.185833,2026-05-21 07:00:00,tair_hourly,15.0,°C,2026-05-21T08:05:02.583484
MBA21,MONTEGROSSO,41.132778,16.185833,2026-05-21 07:00:00,ws_2m_hourly,2.6,m/s,2026-05-21T08:05:11.835196
MBA22,S.P. SANTERAMO,40.80611,16.591389,2026-05-21 07:00:00,precip_10min_interval,0.0,mm,2026-05-21T08:05:06.145976
MBA22,S.P. SANTERAMO,40.80611,16.591389,2026-05-21 07:00:00,rh_hourly,76.0,%,2026-05-21T08:05:03.965535
MBA22,S.P. SANTERAMO,40.80611,16.591389,2026-05-21 07:00:00,tair_hourly,14.8,°C,2026-05-21T08:05:02.583496
MBA22,S.P. SANTERAMO,40.80611,16.591389,2026-05-21 07:00:00,ws_2m_hourly,4.0,m/s,2026-05-21T08:05:11.835265
MBA24,CASSANO DELLE MURGE,40.918888,16.78861,2026-05-21 07:00:00,precip_10min_interval,0.0,mm,2026-05-21T08:05:06.146049
MBA24,CASSANO DELLE MURGE,40.918888,16.78861,2026-05-21 07:00:00,rh_hourly,69.0,%,2026-05-21T08:05:03.965547
MBA24,CASSANO DELLE MURGE,40.918888,16.78861,2026-05-21 07:00:00,tair_hourly,16.5,°C,2026-05-21T08:05:02.583508
MBA24,CASSANO DELLE MURGE,40.918888,16.78861,2026-05-21 07:00:00,ws_2m_hourly,3.6,m/s,2026-05-21T08:05:11.835336
MBA25,SANTERAMO IN COLLE,40.78611,16.775833,2026-05-21 07:00:00,precip_10min_interval,0.0,mm,2026-05-21T08:05:06.146116
MBA25,SANTERAMO IN COLLE,40.78611,16.775833,2026-05-21 07:00:00,rh_hourly,64.0,%,2026-05-21T08:05:03.965561
MBA25,SANTERAMO IN COLLE,40.78611,16.775833,2026-05-21 07:00:00,tair_hourly,15.9,°C,2026-05-21T08:05:02.583523
MBA25,SANTERAMO IN COLLE,40.78611,16.775833,2026-05-21 07:00:00,ws_2m_hourly,3.1,m/s,2026-05-21T08:05:11.835400
MBA26,CAMPO SPER. UNIBA,41.023609,16.906389,2026-05-21 07:00:00,precip_10min_interval,0.0,mm,2026-05-21T08:05:06.146183
MBA26,CAMPO SPER. UNIBA,41.023609,16.906389,2026-05-21 07:00:00,rh_hourly,79.0,%,2026-05-21T08:05:03.965575
MBA26,CAMPO SPER. UNIBA,41.023609,16.906389,2026-05-21 07:00:00,tair_hourly,16.6,°C,2026-05-21T08:05:02.583535
MBA26,CAMPO SPER. UNIBA,41.023609,16.906389,2026-05-21 07:00:00,ws_2m_hourly,1.7,m/s,2026-05-21T08:05:11.835472
MBA27,SERRONE(AZ.AGR.MANCINI),40.921391,16.947222,2026-05-21 07:00:00,precip_10min_interval,0.0,mm,2026-05-21T08:05:06.146256
MBA27,SERRONE(AZ.AGR.MANCINI),40.921391,16.947222,2026-05-21 07:00:00,rh_hourly,75.0,%,2026-05-21T08:05:03.965587
MBA27,SERRONE(AZ.AGR.MANCINI),40.921391,16.947222,2026-05-21 07:00:00,tair_hourly,16.0,°C,2026-05-21T08:05:02.583547
MBA27,SERRONE(AZ.AGR.MANCINI),40.921391,16.947222,2026-05-21 07:00:00,ws_2m_hourly,3.7,m/s,2026-05-21T08:05:11.835539
MBA28,MURGIA ANTICI,40.715557,17.106667,2026-05-21 07:00:00,precip_10min_interval,0.0,mm,2026-05-21T08:05:06.146325
MBA28,MURGIA ANTICI,40.715557,17.106667,2026-05-21 07:00:00,rh_hourly,81.0,%,2026-05-21T08:05:03.965598
MBA28,MURGIA ANTICI,40.715557,17.106667,2026-05-21 07:00:00,tair_hourly,14.4,°C,2026-05-21T08:05:02.583561
MBA28,MURGIA ANTICI,40.715557,17.106667,2026-05-21 07:00:00,ws_2m_hourly,3.3,m/s,2026-05-21T08:05:11.835613
MBA29,LAMENDOLA I,40.812222,17.164167,2026-05-21 07:00:00,precip_10min_interval,0.0,mm,2026-05-21T08:05:06.146392
MBA29,LAMENDOLA I,40.812222,17.164167,2026-05-21 07:00:00,rh_hourly,81.0,%,2026-05-21T08:05:03.965612
MBA29,LAMENDOLA I,40.812222,17.164167,2026-05-21 07:00:00,tair_hourly,14.5,°C,2026-05-21T08:05:02.583578
MBA29,LAMENDOLA I,40.812222,17.164167,2026-05-21 07:00:00,ws_2m_hourly,3.9,m/s,2026-05-21T08:05:11.835683
MBR30,FASCIANELLO,40.860279,17.364166,2026-05-21 07:00:00,precip_10min_interval,0.0,mm,2026-05-21T08:05:06.146464
MBR30,FASCIANELLO,40.860279,17.364166,2026-05-21 07:00:00,rh_hourly,68.0,%,2026-05-21T08:05:03.965626
MBR30,FASCIANELLO,40.860279,17.364166,2026-05-21 07:00:00,tair_hourly,18.0,°C,2026-05-21T08:05:02.583591
MBR30,FASCIANELLO,40.860279,17.364166,2026-05-21 07:00:00,ws_2m_hourly,4.6,m/s,2026-05-21T08:05:11.835752
MBR31,FERRUZZO,40.62389,17.497499,2026-05-21 07:00:00,precip_10min_interval,0.0,mm,2026-05-21T08:05:06.146529
MBR31,FERRUZZO,40.62389,17.497499,2026-05-21 07:00:00,rh_hourly,74.0,%,2026-05-21T08:05:03.965638
MBR31,FERRUZZO,40.62389,17.497499,2026-05-21 07:00:00,tair_hourly,15.7,°C,2026-05-21T08:05:02.583605
MBR31,FERRUZZO,40.62389,17.497499,2026-05-21 07:00:00,ws_2m_hourly,2.7,m/s,2026-05-21T08:05:11.835821
MFG01,S. LUCIA,41.470554,15.363889,2026-05-21 07:00:00,precip_10min_interval,0.0,mm,2026-05-21T08:05:06.146601
MFG01,S. LUCIA,41.470554,15.363889,2026-05-21 07:00:00,rh_hourly,62.0,%,2026-05-21T08:05:03.965650
MFG01,S. LUCIA,41.470554,15.363889,2026-05-21 07:00:00,tair_hourly,16.8,°C,2026-05-21T08:05:02.583617
MFG01,S. LUCIA,41.470554,15.363889,2026-05-21 07:00:00,ws_2m_hourly,1.8,m/s,2026-05-21T08:05:11.835888
MFG02,SERRA DEI BISI,41.347778,15.282778,2026-05-21 07:00:00,precip_10min_interval,0.0,mm,2026-05-21T08:05:06.146669
MFG02,SERRA DEI BISI,41.347778,15.282778,2026-05-21 07:00:00,rh_hourly,62.0,%,2026-05-21T08:05:03.965665
MFG02,SERRA DEI BISI,41.347778,15.282778,2026-05-21 07:00:00,tair_hourly,15.1,°C,2026-05-21T08:05:02.583630
MFG02,SERRA DEI BISI,41.347778,15.282778,2026-05-21 07:00:00,ws_2m_hourly,2.2,m/s,2026-05-21T08:05:11.835968
MFG03,LA PESCIA,41.40889,15.756667,2026-05-21 07:00:00,precip_10min_interval,0.0,mm,2026-05-21T08:05:06.146741
MFG03,LA PESCIA,41.40889,15.756667,2026-05-21 07:00:00,rh_hourly,68.0,%,2026-05-21T08:05:03.965676
MFG03,LA PESCIA,41.40889,15.756667,2026-05-21 07:00:00,tair_hourly,17.9,°C,2026-05-21T08:05:02.583642
MFG03,LA PESCIA,41.40889,15.756667,2026-05-21 07:00:00,ws_2m_hourly,3.0,m/s,2026-05-21T08:05:11.836038
MFG04,TRE SANTI,41.393612,15.848056,2026-05-21 07:00:00,precip_10min_interval,0.0,mm,2026-05-21T08:05:06.146808
MFG04,TRE SANTI,41.393612,15.848056,2026-05-21 07:00:00,rh_hourly,67.0,%,2026-05-21T08:05:03.965688
MFG04,TRE SANTI,41.393612,15.848056,2026-05-21 07:00:00,tair_hourly,18.1,°C,2026-05-21T08:05:02.583658
MFG04,TRE SANTI,41.393612,15.848056,2026-05-21 07:00:00,ws_2m_hourly,3.7,m/s,2026-05-21T08:05:11.836111
MFG05,RIVOLI,41.470833,15.929444,2026-05-21 07:00:00,precip_10min_interval,0.0,mm,2026-05-21T08:05:06.146887
MFG05,RIVOLI,41.470833,15.929444,2026-05-21 07:00:00,rh_hourly,76.0,%,2026-05-21T08:05:03.965705
MFG05,RIVOLI,41.470833,15.929444,2026-05-21 07:00:00,ws_2m_hourly,2.1,m/s,2026-05-21T08:05:11.836185
MFG06,TAVOLETTA,41.194168,15.932222,2026-05-21 07:00:00,precip_10min_interval,0.0,mm,2026-05-21T08:05:06.146966
MFG06,TAVOLETTA,41.194168,15.932222,2026-05-21 07:00:00,rh_hourly,69.0,%,2026-05-21T08:05:03.965717
MFG06,TAVOLETTA,41.194168,15.932222,2026-05-21 07:00:00,tair_hourly,17.2,°C,2026-05-21T08:05:02.583670
MFG06,TAVOLETTA,41.194168,15.932222,2026-05-21 07:00:00,ws_2m_hourly,4.4,m/s,2026-05-21T08:05:11.836252
MFG07,COPPA D'ORO,41.421665,15.606944,2026-05-21 07:00:00,precip_10min_interval,0.0,mm,2026-05-21T08:05:06.147034
MFG07,COPPA D'ORO,41.421665,15.606944,2026-05-21 07:00:00,rh_hourly,65.0,%,2026-05-21T08:05:03.965729
MFG07,COPPA D'ORO,41.421665,15.606944,2026-05-21 07:00:00,tair_hourly,17.1,°C,2026-05-21T08:05:02.583682
MFG07,COPPA D'ORO,41.421665,15.606944,2026-05-21 07:00:00,ws_2m_hourly,3.0,m/s,2026-05-21T08:05:11.836325
MFG09,ARIOLA,41.8325,15.859722,2026-05-21 07:00:00,precip_10min_interval,0.0,mm,2026-05-21T08:05:06.147108
MFG09,ARIOLA,41.8325,15.859722,2026-05-21 07:00:00,rh_hourly,98.0,%,2026-05-21T08:05:03.965743
MFG09,ARIOLA,41.8325,15.859722,2026-05-21 07:00:00,tair_hourly,16.7,°C,2026-05-21T08:05:02.583696
MFG09,ARIOLA,41.8325,15.859722,2026-05-21 07:00:00,ws_2m_hourly,0.4,m/s,2026-05-21T08:05:11.836390
MFG10,MATINE CARNE SALATA,41.651943,15.706389,2026-05-21 07:00:00,precip_10min_interval,0.0,mm,2026-05-21T08:05:06.147179
MFG10,MATINE CARNE SALATA,41.651943,15.706389,2026-05-21 07:00:00,rh_hourly,63.0,%,2026-05-21T08:05:03.965757
MFG10,MATINE CARNE SALATA,41.651943,15.706389,2026-05-21 07:00:00,tair_hourly,18.9,°C,2026-05-21T08:05:02.583714
MFG10,MATINE CARNE SALATA,41.651943,15.706389,2026-05-21 07:00:00,ws_2m_hourly,2.0,m/s,2026-05-21T08:05:11.836468
MFG11,SELVA DELLE GROTTE,41.714722,15.148056,2026-05-21 07:00:00,precip_10min_interval,0.0,mm,2026-05-21T08:05:06.147247
MFG11,SELVA DELLE GROTTE,41.714722,15.148056,2026-05-21 07:00:00,rh_hourly,77.0,%,2026-05-21T08:05:03.965769
MFG11,SELVA DELLE GROTTE,41.714722,15.148056,2026-05-21 07:00:00,tair_hourly,15.2,°C,2026-05-21T08:05:02.583726
MFG11,SELVA DELLE GROTTE,41.714722,15.148056,2026-05-21 07:00:00,ws_2m_hourly,1.6,m/s,2026-05-21T08:05:11.836539
MFG13,BISCIGLIETO,41.142502,15.662778,2026-05-21 07:00:00,precip_10min_interval,0.0,mm,2026-05-21T08:05:06.147320
MFG13,BISCIGLIETO,41.142502,15.662778,2026-05-21 07:00:00,rh_hourly,66.0,%,2026-05-21T08:05:03.965783
MFG13,BISCIGLIETO,41.142502,15.662778,2026-05-21 07:00:00,tair_hourly,15.9,°C,2026-05-21T08:05:02.583741
MFG13,BISCIGLIETO,41.142502,15.662778,2026-05-21 07:00:00,ws_2m_hourly,5.8,m/s,2026-05-21T08:05:11.836605
MFG14,S. LUCIA,41.922779,15.874722,2026-05-21 07:00:00,precip_10min_interval,0.0,mm,2026-05-21T08:05:06.147383
MFG14,S. LUCIA,41.922779,15.874722,2026-05-21 07:00:00,rh_hourly,86.0,%,2026-05-21T08:05:03.965801
MFG14,S. LUCIA,41.922779,15.874722,2026-05-21 07:00:00,tair_hourly,17.4,°C,2026-05-21T08:05:02.583753
MFG14,S. LUCIA,41.922779,15.874722,2026-05-21 07:00:00,ws_2m_hourly,1.2,m/s,2026-05-21T08:05:11.836676
MFG15,CASA LORDA,41.62389,15.403056,2026-05-21 07:00:00,precip_10min_interval,0.0,mm,2026-05-21T08:05:06.147455
MFG15,CASA LORDA,41.62389,15.403056,2026-05-21 07:00:00,rh_hourly,67.0,%,2026-05-21T08:05:03.965812
MFG15,CASA LORDA,41.62389,15.403056,2026-05-21 07:00:00,tair_hourly,16.6,°C,2026-05-21T08:05:02.583765
MFG15,CASA LORDA,41.62389,15.403056,2026-05-21 07:00:00,ws_2m_hourly,2.4,m/s,2026-05-21T08:05:11.836745
MFG16,QUERCIA COPPE,41.693054,15.756944,2026-05-21 07:00:00,precip_10min_interval,0.0,mm,2026-05-21T08:05:06.147522
MFG16,QUERCIA COPPE,41.693054,15.756944,2026-05-21 07:00:00,rh_hourly,86.0,%,2026-05-21T08:05:03.965824
MFG16,QUERCIA COPPE,41.693054,15.756944,2026-05-21 07:00:00,tair_hourly,13.6,°C,2026-05-21T08:05:02.583777
MFG16,QUERCIA COPPE,41.693054,15.756944,2026-05-21 07:00:00,ws_2m_hourly,3.9,m/s,2026-05-21T08:05:11.836815
MFG17,CARRO CHIUSO,41.284168,16.077223,2026-05-21 07:00:00,precip_10min_interval,0.0,mm,2026-05-21T08:05:06.147600
MFG17,CARRO CHIUSO,41.284168,16.077223,2026-05-21 07:00:00,rh_hourly,70.0,%,2026-05-21T08:05:03.965840
MFG17,CARRO CHIUSO,41.284168,16.077223,2026-05-21 07:00:00,tair_hourly,16.0,°C,2026-05-21T08:05:02.583794
MFG17,CARRO CHIUSO,41.284168,16.077223,2026-05-21 07:00:00,ws_2m_hourly,2.1,m/s,2026-05-21T08:05:11.836888
MFG18,VIESTE,41.901669,16.080557,2026-05-21 07:00:00,precip_10min_interval,0.0,mm,2026-05-21T08:05:06.147670
MFG18,VIESTE,41.901669,16.080557,2026-05-21 07:00:00,rh_hourly,79.0,%,2026-05-21T08:05:03.965852
MFG18,VIESTE,41.901669,16.080557,2026-05-21 07:00:00,tair_hourly,18.6,°C,2026-05-21T08:05:02.583805
MFG18,VIESTE,41.901669,16.080557,2026-05-21 07:00:00,ws_2m_hourly,1.7,m/s,2026-05-21T08:05:11.836964
MFG19,FOGGIA MONTEROZZI,41.521111,15.591944,2026-05-21 07:00:00,precip_10min_interval,0.0,mm,2026-05-21T08:05:06.147740
MFG19,FOGGIA MONTEROZZI,41.521111,15.591944,2026-05-21 07:00:00,tair_hourly,17.3,°C,2026-05-21T08:05:02.583819
MFG19,FOGGIA MONTEROZZI,41.521111,15.591944,2026-05-21 07:00:00,ws_2m_hourly,4.6,m/s,2026-05-21T08:05:11.837036
MLE34,BARBARO,39.980831,18.1525,2026-05-21 07:00:00,precip_10min_interval,0.0,mm,2026-05-21T08:05:06.147810
MLE34,BARBARO,39.980831,18.1525,2026-05-21 07:00:00,rh_hourly,65.0,%,2026-05-21T08:05:03.965864
MLE34,BARBARO,39.980831,18.1525,2026-05-21 07:00:00,tair_hourly,18.4,°C,2026-05-21T08:05:02.583834
MLE34,BARBARO,39.980831,18.1525,2026-05-21 07:00:00,ws_2m_hourly,5.0,m/s,2026-05-21T08:05:11.837104
MLE35,MALOPRA,40.225555,18.299168,2026-05-21 07:00:00,precip_10min_interval,0.0,mm,2026-05-21T08:05:06.147877
MLE35,MALOPRA,40.225555,18.299168,2026-05-21 07:00:00,rh_hourly,75.0,%,2026-05-21T08:05:03.965878
MLE35,MALOPRA,40.225555,18.299168,2026-05-21 07:00:00,tair_hourly,17.9,°C,2026-05-21T08:05:02.583846
MLE35,MALOPRA,40.225555,18.299168,2026-05-21 07:00:00,ws_2m_hourly,3.1,m/s,2026-05-21T08:05:11.837176
MTA32,MARTINA FRANCA,40.634724,17.277779,2026-05-21 07:00:00,precip_10min_interval,0.0,mm,2026-05-21T08:05:06.147960
MTA32,MARTINA FRANCA,40.634724,17.277779,2026-05-21 07:00:00,rh_hourly,74.0,%,2026-05-21T08:05:03.965891
MTA32,MARTINA FRANCA,40.634724,17.277779,2026-05-21 07:00:00,tair_hourly,15.4,°C,2026-05-21T08:05:02.583860
MTA32,MARTINA FRANCA,40.634724,17.277779,2026-05-21 07:00:00,ws_2m_hourly,1.8,m/s,2026-05-21T08:05:11.837242
0PU01,GUROLAMANNA,40.916111,16.447779,2026-05-21 07:10:00,precip_10min_interval,0.0,mm,2026-05-21T08:05:06.142656
0PU01,GUROLAMANNA,40.916111,16.447779,2026-05-21 07:10:00,ws_10m_hourly,6.1,m/s,2026-05-21T08:05:11.828668
0PU01,GUROLAMANNA,40.916111,16.447779,2026-05-21 07:10:00,ws_2m_hourly,4.0,m/s,2026-05-21T08:05:11.828665
0PU03,LIMELLI D'IMPERATORE,40.883057,16.3125,2026-05-21 07:10:00,precip_10min_interval,0.0,mm,2026-05-21T08:05:06.142728
0PU03,LIMELLI D'IMPERATORE,40.883057,16.3125,2026-05-21 07:10:00,ws_10m_hourly,5.4,m/s,2026-05-21T08:05:11.828805
0PU03,LIMELLI D'IMPERATORE,40.883057,16.3125,2026-05-21 07:10:00,ws_2m_hourly,3.3,m/s,2026-05-21T08:05:11.828801
0PU04,OTTAVA SEDICI,40.7925,17.481943,2026-05-21 07:10:00,precip_10min_interval,0.0,mm,2026-05-21T08:05:06.142797
0PU04,OTTAVA SEDICI,40.7925,17.481943,2026-05-21 07:10:00,ws_10m_hourly,3.7,m/s,2026-05-21T08:05:11.828955
0PU04,OTTAVA SEDICI,40.7925,17.481943,2026-05-21 07:10:00,ws_2m_hourly,1.3,m/s,2026-05-21T08:05:11.828952
0PU06,MAINE,40.543056,18.032223,2026-05-21 07:10:00,precip_10min_interval,0.0,mm,2026-05-21T08:05:06.142859
0PU06,MAINE,40.543056,18.032223,2026-05-21 07:10:00,ws_10m_hourly,3.0,m/s,2026-05-21T08:05:11.829085
0PU06,MAINE,40.543056,18.032223,2026-05-21 07:10:00,ws_2m_hourly,0.7,m/s,2026-05-21T08:05:11.829080
0PU07,TRIONFO,41.347221,15.744167,2026-05-21 07:10:00,precip_10min_interval,0.0,mm,2026-05-21T08:05:06.142928
0PU07,TRIONFO,41.347221,15.744167,2026-05-21 07:10:00,ws_10m_hourly,4.2,m/s,2026-05-21T08:05:11.829213
0PU07,TRIONFO,41.347221,15.744167,2026-05-21 07:10:00,ws_2m_hourly,0.5,m/s,2026-05-21T08:05:11.829210
0PU08,TORRETTA,41.542221,15.173889,2026-05-21 07:10:00,precip_10min_interval,0.0,mm,2026-05-21T08:05:06.143014
0PU08,TORRETTA,41.542221,15.173889,2026-05-21 07:10:00,ws_10m_hourly,5.5,m/s,2026-05-21T08:05:11.829340
0PU08,TORRETTA,41.542221,15.173889,2026-05-21 07:10:00,ws_2m_hourly,0.0,m/s,2026-05-21T08:05:11.829338
0PU10,FRASSANITO,40.237221,18.441389,2026-05-21 07:10:00,precip_10min_interval,0.0,mm,2026-05-21T08:05:06.143081
0PU10,FRASSANITO,40.237221,18.441389,2026-05-21 07:10:00,ws_10m_hourly,6.2,m/s,2026-05-21T08:05:11.829467
0PU10,FRASSANITO,40.237221,18.441389,2026-05-21 07:10:00,ws_2m_hourly,3.7,m/s,2026-05-21T08:05:11.829464
0PU11,BADESSA,40.470554,18.097221,2026-05-21 07:10:00,precip_10min_interval,0.0,mm,2026-05-21T08:05:06.143147
0PU11,BADESSA,40.470554,18.097221,2026-05-21 07:10:00,ws_10m_hourly,4.6,m/s,2026-05-21T08:05:11.829596
0PU11,BADESSA,40.470554,18.097221,2026-05-21 07:10:00,ws_2m_hourly,2.5,m/s,2026-05-21T08:05:11.829593
0PU12,CONTE,39.981945,18.067499,2026-05-21 07:10:00,precip_10min_interval,0.0,mm,2026-05-21T08:05:06.143212
0PU12,CONTE,39.981945,18.067499,2026-05-21 07:10:00,ws_10m_hourly,3.5,m/s,2026-05-21T08:05:11.829724
0PU12,CONTE,39.981945,18.067499,2026-05-21 07:10:00,ws_2m_hourly,0.7,m/s,2026-05-21T08:05:11.829721
0PU13,TORRICELLA,40.343334,17.487778,2026-05-21 07:10:00,precip_10min_interval,0.0,mm,2026-05-21T08:05:06.143275
0PU13,TORRICELLA,40.343334,17.487778,2026-05-21 07:10:00,ws_10m_hourly,6.9,m/s,2026-05-21T08:05:11.829854
0PU13,TORRICELLA,40.343334,17.487778,2026-05-21 07:10:00,ws_2m_hourly,3.9,m/s,2026-05-21T08:05:11.829851
0PU14,TAFURI,40.680832,16.867779,2026-05-21 07:10:00,precip_10min_interval,0.0,mm,2026-05-21T08:05:06.143339
0PU14,TAFURI,40.680832,16.867779,2026-05-21 07:10:00,ws_10m_hourly,7.2,m/s,2026-05-21T08:05:11.829998
0PU14,TAFURI,40.680832,16.867779,2026-05-21 07:10:00,ws_2m_hourly,3.9,m/s,2026-05-21T08:05:11.829995
0PU16,ANDRIA,41.202221,16.201944,2026-05-21 07:10:00,precip_10min_interval,0.0,mm,2026-05-21T08:05:06.143402
0PU16,ANDRIA,41.202221,16.201944,2026-05-21 07:10:00,ws_10m_hourly,2.8,m/s,2026-05-21T08:05:11.830123
0PU16,ANDRIA,41.202221,16.201944,2026-05-21 07:10:00,ws_2m_hourly,0.8,m/s,2026-05-21T08:05:11.830118
0PU17,OSTUNI-SAROLO,40.688332,17.413889,2026-05-21 07:10:00,precip_10min_interval,0.0,mm,2026-05-21T08:05:06.143469
0PU17,OSTUNI-SAROLO,40.688332,17.413889,2026-05-21 07:10:00,ws_10m_hourly,4.3,m/s,2026-05-21T08:05:11.830249
0PU17,OSTUNI-SAROLO,40.688332,17.413889,2026-05-21 07:10:00,ws_2m_hourly,2.0,m/s,2026-05-21T08:05:11.830246
0PU18,MONOPOLI,40.919445,17.294443,2026-05-21 07:10:00,precip_10min_interval,0.0,mm,2026-05-21T08:05:06.143535
0PU18,MONOPOLI,40.919445,17.294443,2026-05-21 07:10:00,ws_10m_hourly,5.3,m/s,2026-05-21T08:05:11.830374
0PU18,MONOPOLI,40.919445,17.294443,2026-05-21 07:10:00,ws_2m_hourly,3.3,m/s,2026-05-21T08:05:11.830371
0PU19,TERLIZZI,41.120834,16.549168,2026-05-21 07:10:00,precip_10min_interval,0.0,mm,2026-05-21T08:05:06.143596
0PU19,TERLIZZI,41.120834,16.549168,2026-05-21 07:10:00,ws_10m_hourly,1.2,m/s,2026-05-21T08:05:11.830505
0PU19,TERLIZZI,41.120834,16.549168,2026-05-21 07:10:00,ws_2m_hourly,0.1,m/s,2026-05-21T08:05:11.830502
0PU20,VILLA CASTELLI,40.553055,17.504444,2026-05-21 07:10:00,precip_10min_interval,0.0,mm,2026-05-21T08:05:06.143657
0PU20,VILLA CASTELLI,40.553055,17.504444,2026-05-21 07:10:00,ws_10m_hourly,5.5,m/s,2026-05-21T08:05:11.830636
0PU20,VILLA CASTELLI,40.553055,17.504444,2026-05-21 07:10:00,ws_2m_hourly,3.0,m/s,2026-05-21T08:05:11.830632
0PU21,CAROVIGNO,40.691944,17.630278,2026-05-21 07:10:00,precip_10min_interval,0.0,mm,2026-05-21T08:05:06.143720
0PU21,CAROVIGNO,40.691944,17.630278,2026-05-21 07:10:00,ws_10m_hourly,4.4,m/s,2026-05-21T08:05:11.830768
0PU21,CAROVIGNO,40.691944,17.630278,2026-05-21 07:10:00,ws_2m_hourly,1.4,m/s,2026-05-21T08:05:11.830764
0PU22,APRICENA,41.773335,15.438611,2026-05-21 07:10:00,precip_10min_interval,0.0,mm,2026-05-21T08:05:06.143786
0PU22,APRICENA,41.773335,15.438611,2026-05-21 07:10:00,ws_10m_hourly,1.8,m/s,2026-05-21T08:05:11.830900
0PU22,APRICENA,41.773335,15.438611,2026-05-21 07:10:00,ws_2m_hourly,0.2,m/s,2026-05-21T08:05:11.830896
0PU23,MANFREDONIA,41.541389,15.885833,2026-05-21 07:10:00,precip_10min_interval,0.0,mm,2026-05-21T08:05:06.143851
0PU23,MANFREDONIA,41.541389,15.885833,2026-05-21 07:10:00,ws_10m_hourly,4.6,m/s,2026-05-21T08:05:11.831038
0PU23,MANFREDONIA,41.541389,15.885833,2026-05-21 07:10:00,ws_2m_hourly,2.4,m/s,2026-05-21T08:05:11.831032
0PU25,NOCIGLIA,40.034443,18.313057,2026-05-21 07:10:00,precip_10min_interval,0.0,mm,2026-05-21T08:05:06.143915
0PU25,NOCIGLIA,40.034443,18.313057,2026-05-21 07:10:00,ws_10m_hourly,5.3,m/s,2026-05-21T08:05:11.831163
0PU25,NOCIGLIA,40.034443,18.313057,2026-05-21 07:10:00,ws_2m_hourly,2.8,m/s,2026-05-21T08:05:11.831160
0PU27,GROTTAGLIE,40.53389,17.362778,2026-05-21 07:10:00,ws_10m_hourly,5.2,m/s,2026-05-21T08:05:11.831298
0PU27,GROTTAGLIE,40.53389,17.362778,2026-05-21 07:10:00,ws_2m_hourly,3.3,m/s,2026-05-21T08:05:11.831295
0PU28,TRANI,41.247501,16.415556,2026-05-21 07:10:00,precip_10min_interval,0.0,mm,2026-05-21T08:05:06.143987
0PU28,TRANI,41.247501,16.415556,2026-05-21 07:10:00,ws_10m_hourly,2.9,m/s,2026-05-21T08:05:11.831416
0PU28,TRANI,41.247501,16.415556,2026-05-21 07:10:00,ws_2m_hourly,2.0,m/s,2026-05-21T08:05:11.831412
0PU30,NOICATTARO,41.021942,16.967777,2026-05-21 07:10:00,precip_10min_interval,0.0,mm,2026-05-21T08:05:06.144050
0PU30,NOICATTARO,41.021942,16.967777,2026-05-21 07:10:00,ws_10m_hourly,2.8,m/s,2026-05-21T08:05:11.831546
0PU30,NOICATTARO,41.021942,16.967777,2026-05-21 07:10:00,ws_2m_hourly,1.7,m/s,2026-05-21T08:05:11.831543
0PU31,ALBEROBELLO,40.790558,17.233334,2026-05-21 07:10:00,precip_10min_interval,0.0,mm,2026-05-21T08:05:06.144111
0PU31,ALBEROBELLO,40.790558,17.233334,2026-05-21 07:10:00,ws_10m_hourly,5.1,m/s,2026-05-21T08:05:11.831674
0PU31,ALBEROBELLO,40.790558,17.233334,2026-05-21 07:10:00,ws_2m_hourly,2.7,m/s,2026-05-21T08:05:11.831671
0PU33,MOCCARI,40.558334,17.851667,2026-05-21 07:10:00,precip_10min_interval,0.0,mm,2026-05-21T08:05:06.144175
0PU33,MOCCARI,40.558334,17.851667,2026-05-21 07:10:00,ws_10m_hourly,4.6,m/s,2026-05-21T08:05:11.831807
0PU33,MOCCARI,40.558334,17.851667,2026-05-21 07:10:00,ws_2m_hourly,2.8,m/s,2026-05-21T08:05:11.831802
0PU34,LATIANO,40.548332,17.688057,2026-05-21 07:10:00,precip_10min_interval,0.0,mm,2026-05-21T08:05:06.144235
0PU34,LATIANO,40.548332,17.688057,2026-05-21 07:10:00,ws_10m_hourly,3.7,m/s,2026-05-21T08:05:11.831931
0PU34,LATIANO,40.548332,17.688057,2026-05-21 07:10:00,ws_2m_hourly,2.7,m/s,2026-05-21T08:05:11.831928
0PU35,SAN VITO DEI NORMANNI,40.629166,17.73361,2026-05-21 07:10:00,precip_10min_interval,0.0,mm,2026-05-21T08:05:06.144295
0PU35,SAN VITO DEI NORMANNI,40.629166,17.73361,2026-05-21 07:10:00,ws_10m_hourly,6.3,m/s,2026-05-21T08:05:11.832067
0PU35,SAN VITO DEI NORMANNI,40.629166,17.73361,2026-05-21 07:10:00,ws_2m_hourly,3.9,m/s,2026-05-21T08:05:11.832064
0PU36,VILLANOVA,41.654167,15.586667,2026-05-21 07:10:00,precip_10min_interval,0.0,mm,2026-05-21T08:05:06.144360
0PU36,VILLANOVA,41.654167,15.586667,2026-05-21 07:10:00,ws_10m_hourly,11.0,m/s,2026-05-21T08:05:11.832194
0PU36,VILLANOVA,41.654167,15.586667,2026-05-21 07:10:00,ws_2m_hourly,6.5,m/s,2026-05-21T08:05:11.832191
0PU37,TROIA,41.336388,15.382778,2026-05-21 07:10:00,precip_10min_interval,0.0,mm,2026-05-21T08:05:06.144421
0PU37,TROIA,41.336388,15.382778,2026-05-21 07:10:00,ws_10m_hourly,4.7,m/s,2026-05-21T08:05:11.832324
0PU37,TROIA,41.336388,15.382778,2026-05-21 07:10:00,ws_2m_hourly,3.5,m/s,2026-05-21T08:05:11.832319
0PU38,BORGO LA ROCCA,41.558334,15.516111,2026-05-21 07:10:00,precip_10min_interval,0.0,mm,2026-05-21T08:05:06.144492
0PU38,BORGO LA ROCCA,41.558334,15.516111,2026-05-21 07:10:00,ws_10m_hourly,5.0,m/s,2026-05-21T08:05:11.832458
0PU38,BORGO LA ROCCA,41.558334,15.516111,2026-05-21 07:10:00,ws_2m_hourly,3.4,m/s,2026-05-21T08:05:11.832455
0PU40,ARCHE,40.273888,18.013611,2026-05-21 07:10:00,precip_10min_interval,0.0,mm,2026-05-21T08:05:06.144566
0PU40,ARCHE,40.273888,18.013611,2026-05-21 07:10:00,ws_10m_hourly,5.3,m/s,2026-05-21T08:05:11.832597
0PU40,ARCHE,40.273888,18.013611,2026-05-21 07:10:00,ws_2m_hourly,2.2,m/s,2026-05-21T08:05:11.832594
0PU41,LECCE,40.326668,18.139999,2026-05-21 07:10:00,precip_10min_interval,0.0,mm,2026-05-21T08:05:06.144629
0PU41,LECCE,40.326668,18.139999,2026-05-21 07:10:00,ws_10m_hourly,3.5,m/s,2026-05-21T08:05:11.832728
0PU41,LECCE,40.326668,18.139999,2026-05-21 07:10:00,ws_2m_hourly,2.6,m/s,2026-05-21T08:05:11.832725
0PU42,SALICE SALENTINO,40.390556,17.875278,2026-05-21 07:10:00,precip_10min_interval,0.0,mm,2026-05-21T08:05:06.144696
0PU42,SALICE SALENTINO,40.390556,17.875278,2026-05-21 07:10:00,ws_10m_hourly,5.1,m/s,2026-05-21T08:05:11.832863
0PU42,SALICE SALENTINO,40.390556,17.875278,2026-05-21 07:10:00,ws_2m_hourly,3.3,m/s,2026-05-21T08:05:11.832860
0PU43,LUCUGNANO,39.930279,18.3225,2026-05-21 07:10:00,precip_10min_interval,0.0,mm,2026-05-21T08:05:06.144762
0PU43,LUCUGNANO,39.930279,18.3225,2026-05-21 07:10:00,ws_10m_hourly,4.1,m/s,2026-05-21T08:05:11.833005
0PU43,LUCUGNANO,39.930279,18.3225,2026-05-21 07:10:00,ws_2m_hourly,2.4,m/s,2026-05-21T08:05:11.833002
0PU44,MANDURIA,40.381943,17.621111,2026-05-21 07:10:00,precip_10min_interval,0.0,mm,2026-05-21T08:05:06.144825
0PU44,MANDURIA,40.381943,17.621111,2026-05-21 07:10:00,ws_10m_hourly,5.5,m/s,2026-05-21T08:05:11.833136
0PU44,MANDURIA,40.381943,17.621111,2026-05-21 07:10:00,ws_2m_hourly,4.2,m/s,2026-05-21T08:05:11.833133
0PU45,MOTTOLA,40.675556,16.996111,2026-05-21 07:10:00,precip_10min_interval,0.0,mm,2026-05-21T08:05:06.144892
0PU45,MOTTOLA,40.675556,16.996111,2026-05-21 07:10:00,ws_10m_hourly,4.7,m/s,2026-05-21T08:05:11.833271
0PU45,MOTTOLA,40.675556,16.996111,2026-05-21 07:10:00,ws_2m_hourly,2.2,m/s,2026-05-21T08:05:11.833267
0PU46,MASSAFRA,40.582779,17.091944,2026-05-21 07:10:00,precip_10min_interval,0.0,mm,2026-05-21T08:05:06.144967
0PU46,MASSAFRA,40.582779,17.091944,2026-05-21 07:10:00,ws_10m_hourly,5.5,m/s,2026-05-21T08:05:11.833399
0PU46,MASSAFRA,40.582779,17.091944,2026-05-21 07:10:00,ws_2m_hourly,3.6,m/s,2026-05-21T08:05:11.833396
0PU47,CASTELLANETA,40.494446,16.878889,2026-05-21 07:10:00,precip_10min_interval,0.0,mm,2026-05-21T08:05:06.145032
0PU47,CASTELLANETA,40.494446,16.878889,2026-05-21 07:10:00,ws_10m_hourly,5.4,m/s,2026-05-21T08:05:11.833525
0PU47,CASTELLANETA,40.494446,16.878889,2026-05-21 07:10:00,ws_2m_hourly,2.4,m/s,2026-05-21T08:05:11.833522
0PU48,BARI C.N.R. IRSA,41.116943,16.820557,2026-05-21 07:10:00,precip_10min_interval,0.0,mm,2026-05-21T08:05:06.145093
0PU48,BARI C.N.R. IRSA,41.116943,16.820557,2026-05-21 07:10:00,ws_10m_hourly,4.1,m/s,2026-05-21T08:05:11.833652
0PU48,BARI C.N.R. IRSA,41.116943,16.820557,2026-05-21 07:10:00,ws_2m_hourly,2.6,m/s,2026-05-21T08:05:11.833649
0PU49,LOCOROTONDO ITAS,40.757221,17.340834,2026-05-21 07:10:00,precip_10min_interval,0.0,mm,2026-05-21T08:05:06.145155
0PU49,LOCOROTONDO ITAS,40.757221,17.340834,2026-05-21 07:10:00,ws_10m_hourly,4.6,m/s,2026-05-21T08:05:11.833784
0PU49,LOCOROTONDO ITAS,40.757221,17.340834,2026-05-21 07:10:00,ws_2m_hourly,2.9,m/s,2026-05-21T08:05:11.833781
0PU53,TORITTO,40.957222,16.567223,2026-05-21 07:10:00,precip_10min_interval,0.0,mm,2026-05-21T08:05:06.145226
0PU53,TORITTO,40.957222,16.567223,2026-05-21 07:10:00,ws_10m_hourly,6.2,m/s,2026-05-21T08:05:11.833926
0PU53,TORITTO,40.957222,16.567223,2026-05-21 07:10:00,ws_2m_hourly,5.1,m/s,2026-05-21T08:05:11.833923
0PU54,TORRE SANTA SUSANNA,40.459442,17.724722,2026-05-21 07:10:00,precip_10min_interval,0.0,mm,2026-05-21T08:05:06.145287
0PU54,TORRE SANTA SUSANNA,40.459442,17.724722,2026-05-21 07:10:00,ws_10m_hourly,5.0,m/s,2026-05-21T08:05:11.834070
0PU54,TORRE SANTA SUSANNA,40.459442,17.724722,2026-05-21 07:10:00,ws_2m_hourly,0.9,m/s,2026-05-21T08:05:11.834067
0PU55,LESINA-RIPALTA,41.8475,15.266111,2026-05-21 07:10:00,precip_10min_interval,0.0,mm,2026-05-21T08:05:06.145359
0PU55,LESINA-RIPALTA,41.8475,15.266111,2026-05-21 07:10:00,ws_10m_hourly,6.1,m/s,2026-05-21T08:05:11.834205
0PU55,LESINA-RIPALTA,41.8475,15.266111,2026-05-21 07:10:00,ws_2m_hourly,4.0,m/s,2026-05-21T08:05:11.834202
0PU56,CARLANTINO,41.588333,14.983611,2026-05-21 07:10:00,precip_10min_interval,0.0,mm,2026-05-21T08:05:06.145424
0PU56,CARLANTINO,41.588333,14.983611,2026-05-21 07:10:00,ws_10m_hourly,5.3,m/s,2026-05-21T08:05:11.834337
0PU56,CARLANTINO,41.588333,14.983611,2026-05-21 07:10:00,ws_2m_hourly,3.8,m/s,2026-05-21T08:05:11.834334
0PU57,SANT'AGATA DI PUGLIA,41.150276,15.46,2026-05-21 07:10:00,precip_10min_interval,0.0,mm,2026-05-21T08:05:06.145489
0PU57,SANT'AGATA DI PUGLIA,41.150276,15.46,2026-05-21 07:10:00,ws_10m_hourly,4.2,m/s,2026-05-21T08:05:11.834474
0PU57,SANT'AGATA DI PUGLIA,41.150276,15.46,2026-05-21 07:10:00,ws_2m_hourly,2.5,m/s,2026-05-21T08:05:11.834471
0PU58,GINOSA,40.556389,16.843611,2026-05-21 07:10:00,precip_10min_interval,0.0,mm,2026-05-21T08:05:06.145556
0PU58,GINOSA,40.556389,16.843611,2026-05-21 07:10:00,ws_10m_hourly,5.0,m/s,2026-05-21T08:05:11.834614
0PU58,GINOSA,40.556389,16.843611,2026-05-21 07:10:00,ws_2m_hourly,3.5,m/s,2026-05-21T08:05:11.834611
0PU59,PALAGIANELLO,40.578335,16.975279,2026-05-21 07:10:00,precip_10min_interval,0.0,mm,2026-05-21T08:05:06.145627
0PU59,PALAGIANELLO,40.578335,16.975279,2026-05-21 07:10:00,ws_10m_hourly,5.7,m/s,2026-05-21T08:05:11.834751
0PU59,PALAGIANELLO,40.578335,16.975279,2026-05-21 07:10:00,ws_2m_hourly,3.9,m/s,2026-05-21T08:05:11.834748
0PU60,MINERVINO DI LECCE,40.093613,18.418612,2026-05-21 07:10:00,precip_10min_interval,0.0,mm,2026-05-21T08:05:06.145694
0PU60,MINERVINO DI LECCE,40.093613,18.418612,2026-05-21 07:10:00,ws_10m_hourly,5.5,m/s,2026-05-21T08:05:11.834885
0PU60,MINERVINO DI LECCE,40.093613,18.418612,2026-05-21 07:10:00,ws_2m_hourly,3.5,m/s,2026-05-21T08:05:11.834882
0PU61,NARDO',40.171391,17.976389,2026-05-21 07:10:00,precip_10min_interval,0.0,mm,2026-05-21T08:05:06.145763
0PU61,NARDO',40.171391,17.976389,2026-05-21 07:10:00,ws_10m_hourly,6.2,m/s,2026-05-21T08:05:11.835039
0PU61,NARDO',40.171391,17.976389,2026-05-21 07:10:00,ws_2m_hourly,2.4,m/s,2026-05-21T08:05:11.835035
MBA20,IPSAA,41.22139,16.049723,2026-05-21 07:10:00,precip_10min_interval,0.0,mm,2026-05-21T08:05:06.145831
MBA20,IPSAA,41.22139,16.049723,2026-05-21 07:10:00,ws_2m_hourly,1.3,m/s,2026-05-21T08:05:11.835132
MBA21,MONTEGROSSO,41.132778,16.185833,2026-05-21 07:10:00,precip_10min_interval,0.0,mm,2026-05-21T08:05:06.145900
MBA21,MONTEGROSSO,41.132778,16.185833,2026-05-21 07:10:00,ws_2m_hourly,2.4,m/s,2026-05-21T08:05:11.835201
MBA22,S.P. SANTERAMO,40.80611,16.591389,2026-05-21 07:10:00,precip_10min_interval,0.0,mm,2026-05-21T08:05:06.145979
MBA22,S.P. SANTERAMO,40.80611,16.591389,2026-05-21 07:10:00,ws_2m_hourly,3.4,m/s,2026-05-21T08:05:11.835268
MBA24,CASSANO DELLE MURGE,40.918888,16.78861,2026-05-21 07:10:00,precip_10min_interval,0.0,mm,2026-05-21T08:05:06.146052
MBA24,CASSANO DELLE MURGE,40.918888,16.78861,2026-05-21 07:10:00,ws_2m_hourly,3.5,m/s,2026-05-21T08:05:11.835339
MBA25,SANTERAMO IN COLLE,40.78611,16.775833,2026-05-21 07:10:00,precip_10min_interval,0.0,mm,2026-05-21T08:05:06.146119
MBA25,SANTERAMO IN COLLE,40.78611,16.775833,2026-05-21 07:10:00,ws_2m_hourly,3.2,m/s,2026-05-21T08:05:11.835403
MBA26,CAMPO SPER. UNIBA,41.023609,16.906389,2026-05-21 07:10:00,precip_10min_interval,0.0,mm,2026-05-21T08:05:06.146186
MBA26,CAMPO SPER. UNIBA,41.023609,16.906389,2026-05-21 07:10:00,ws_2m_hourly,1.8,m/s,2026-05-21T08:05:11.835475
MBA27,SERRONE(AZ.AGR.MANCINI),40.921391,16.947222,2026-05-21 07:10:00,precip_10min_interval,0.0,mm,2026-05-21T08:05:06.146258
MBA27,SERRONE(AZ.AGR.MANCINI),40.921391,16.947222,2026-05-21 07:10:00,ws_2m_hourly,4.0,m/s,2026-05-21T08:05:11.835544
MBA28,MURGIA ANTICI,40.715557,17.106667,2026-05-21 07:10:00,precip_10min_interval,0.0,mm,2026-05-21T08:05:06.146328
MBA28,MURGIA ANTICI,40.715557,17.106667,2026-05-21 07:10:00,ws_2m_hourly,3.5,m/s,2026-05-21T08:05:11.835616
MBA29,LAMENDOLA I,40.812222,17.164167,2026-05-21 07:10:00,precip_10min_interval,0.0,mm,2026-05-21T08:05:06.146395
MBA29,LAMENDOLA I,40.812222,17.164167,2026-05-21 07:10:00,ws_2m_hourly,4.5,m/s,2026-05-21T08:05:11.835687
MBR30,FASCIANELLO,40.860279,17.364166,2026-05-21 07:10:00,precip_10min_interval,0.0,mm,2026-05-21T08:05:06.146467
MBR30,FASCIANELLO,40.860279,17.364166,2026-05-21 07:10:00,ws_2m_hourly,4.5,m/s,2026-05-21T08:05:11.835755
MBR31,FERRUZZO,40.62389,17.497499,2026-05-21 07:10:00,precip_10min_interval,0.0,mm,2026-05-21T08:05:06.146532
MBR31,FERRUZZO,40.62389,17.497499,2026-05-21 07:10:00,ws_2m_hourly,2.6,m/s,2026-05-21T08:05:11.835824
MFG01,S. LUCIA,41.470554,15.363889,2026-05-21 07:10:00,precip_10min_interval,0.0,mm,2026-05-21T08:05:06.146604
MFG01,S. LUCIA,41.470554,15.363889,2026-05-21 07:10:00,ws_2m_hourly,1.9,m/s,2026-05-21T08:05:11.835891
MFG02,SERRA DEI BISI,41.347778,15.282778,2026-05-21 07:10:00,precip_10min_interval,0.0,mm,2026-05-21T08:05:06.146674
MFG02,SERRA DEI BISI,41.347778,15.282778,2026-05-21 07:10:00,ws_2m_hourly,1.7,m/s,2026-05-21T08:05:11.835971
MFG03,LA PESCIA,41.40889,15.756667,2026-05-21 07:10:00,precip_10min_interval,0.0,mm,2026-05-21T08:05:06.146744
MFG03,LA PESCIA,41.40889,15.756667,2026-05-21 07:10:00,ws_2m_hourly,3.6,m/s,2026-05-21T08:05:11.836043
MFG04,TRE SANTI,41.393612,15.848056,2026-05-21 07:10:00,precip_10min_interval,0.0,mm,2026-05-21T08:05:06.146811
MFG04,TRE SANTI,41.393612,15.848056,2026-05-21 07:10:00,ws_2m_hourly,3.6,m/s,2026-05-21T08:05:11.836116
MFG05,RIVOLI,41.470833,15.929444,2026-05-21 07:10:00,precip_10min_interval,0.0,mm,2026-05-21T08:05:06.146890
MFG05,RIVOLI,41.470833,15.929444,2026-05-21 07:10:00,ws_2m_hourly,2.6,m/s,2026-05-21T08:05:11.836188
MFG06,TAVOLETTA,41.194168,15.932222,2026-05-21 07:10:00,precip_10min_interval,0.0,mm,2026-05-21T08:05:06.146968
MFG06,TAVOLETTA,41.194168,15.932222,2026-05-21 07:10:00,ws_2m_hourly,4.4,m/s,2026-05-21T08:05:11.836256
MFG07,COPPA D'ORO,41.421665,15.606944,2026-05-21 07:10:00,precip_10min_interval,0.0,mm,2026-05-21T08:05:06.147037
MFG07,COPPA D'ORO,41.421665,15.606944,2026-05-21 07:10:00,ws_2m_hourly,3.9,m/s,2026-05-21T08:05:11.836328
MFG09,ARIOLA,41.8325,15.859722,2026-05-21 07:10:00,precip_10min_interval,0.0,mm,2026-05-21T08:05:06.147111
MFG09,ARIOLA,41.8325,15.859722,2026-05-21 07:10:00,ws_2m_hourly,0.2,m/s,2026-05-21T08:05:11.836393
MFG10,MATINE CARNE SALATA,41.651943,15.706389,2026-05-21 07:10:00,precip_10min_interval,0.0,mm,2026-05-21T08:05:06.147182
MFG10,MATINE CARNE SALATA,41.651943,15.706389,2026-05-21 07:10:00,ws_2m_hourly,1.9,m/s,2026-05-21T08:05:11.836471
MFG11,SELVA DELLE GROTTE,41.714722,15.148056,2026-05-21 07:10:00,precip_10min_interval,0.0,mm,2026-05-21T08:05:06.147250
MFG11,SELVA DELLE GROTTE,41.714722,15.148056,2026-05-21 07:10:00,ws_2m_hourly,1.6,m/s,2026-05-21T08:05:11.836542
MFG13,BISCIGLIETO,41.142502,15.662778,2026-05-21 07:10:00,precip_10min_interval,0.0,mm,2026-05-21T08:05:06.147323
MFG13,BISCIGLIETO,41.142502,15.662778,2026-05-21 07:10:00,ws_2m_hourly,5.9,m/s,2026-05-21T08:05:11.836608
MFG14,S. LUCIA,41.922779,15.874722,2026-05-21 07:10:00,precip_10min_interval,0.0,mm,2026-05-21T08:05:06.147386
MFG14,S. LUCIA,41.922779,15.874722,2026-05-21 07:10:00,ws_2m_hourly,1.3,m/s,2026-05-21T08:05:11.836679
MFG15,CASA LORDA,41.62389,15.403056,2026-05-21 07:10:00,precip_10min_interval,0.0,mm,2026-05-21T08:05:06.147458
MFG15,CASA LORDA,41.62389,15.403056,2026-05-21 07:10:00,ws_2m_hourly,1.9,m/s,2026-05-21T08:05:11.836748
MFG16,QUERCIA COPPE,41.693054,15.756944,2026-05-21 07:10:00,precip_10min_interval,0.0,mm,2026-05-21T08:05:06.147525
MFG16,QUERCIA COPPE,41.693054,15.756944,2026-05-21 07:10:00,ws_2m_hourly,4.9,m/s,2026-05-21T08:05:11.836817
MFG17,CARRO CHIUSO,41.284168,16.077223,2026-05-21 07:10:00,precip_10min_interval,0.0,mm,2026-05-21T08:05:06.147603
MFG17,CARRO CHIUSO,41.284168,16.077223,2026-05-21 07:10:00,ws_2m_hourly,1.8,m/s,2026-05-21T08:05:11.836891
MFG18,VIESTE,41.901669,16.080557,2026-05-21 07:10:00,precip_10min_interval,0.0,mm,2026-05-21T08:05:06.147673
MFG18,VIESTE,41.901669,16.080557,2026-05-21 07:10:00,ws_2m_hourly,2.0,m/s,2026-05-21T08:05:11.836969
MFG19,FOGGIA MONTEROZZI,41.521111,15.591944,2026-05-21 07:10:00,precip_10min_interval,0.0,mm,2026-05-21T08:05:06.147743
MFG19,FOGGIA MONTEROZZI,41.521111,15.591944,2026-05-21 07:10:00,ws_2m_hourly,3.4,m/s,2026-05-21T08:05:11.837039
MLE34,BARBARO,39.980831,18.1525,2026-05-21 07:10:00,precip_10min_interval,0.0,mm,2026-05-21T08:05:06.147813
MLE34,BARBARO,39.980831,18.1525,2026-05-21 07:10:00,ws_2m_hourly,4.9,m/s,2026-05-21T08:05:11.837107
MLE35,MALOPRA,40.225555,18.299168,2026-05-21 07:10:00,precip_10min_interval,0.0,mm,2026-05-21T08:05:06.147880
MLE35,MALOPRA,40.225555,18.299168,2026-05-21 07:10:00,ws_2m_hourly,2.8,m/s,2026-05-21T08:05:11.837180
MTA32,MARTINA FRANCA,40.634724,17.277779,2026-05-21 07:10:00,precip_10min_interval,0.0,mm,2026-05-21T08:05:06.147963
MTA32,MARTINA FRANCA,40.634724,17.277779,2026-05-21 07:10:00,ws_2m_hourly,1.5,m/s,2026-05-21T08:05:11.837245
0PU01,GUROLAMANNA,40.916111,16.447779,2026-05-21 07:20:00,precip_10min_interval,0.0,mm,2026-05-21T08:05:06.142662
0PU01,GUROLAMANNA,40.916111,16.447779,2026-05-21 07:20:00,ws_10m_hourly,6.4,m/s,2026-05-21T08:05:11.828674
0PU01,GUROLAMANNA,40.916111,16.447779,2026-05-21 07:20:00,ws_2m_hourly,4.6,m/s,2026-05-21T08:05:11.828671
0PU03,LIMELLI D'IMPERATORE,40.883057,16.3125,2026-05-21 07:20:00,precip_10min_interval,0.0,mm,2026-05-21T08:05:06.142731
0PU03,LIMELLI D'IMPERATORE,40.883057,16.3125,2026-05-21 07:20:00,ws_10m_hourly,6.0,m/s,2026-05-21T08:05:11.828812
0PU03,LIMELLI D'IMPERATORE,40.883057,16.3125,2026-05-21 07:20:00,ws_2m_hourly,3.8,m/s,2026-05-21T08:05:11.828809
0PU04,OTTAVA SEDICI,40.7925,17.481943,2026-05-21 07:20:00,precip_10min_interval,0.0,mm,2026-05-21T08:05:06.142799
0PU04,OTTAVA SEDICI,40.7925,17.481943,2026-05-21 07:20:00,ws_10m_hourly,5.0,m/s,2026-05-21T08:05:11.828964
0PU04,OTTAVA SEDICI,40.7925,17.481943,2026-05-21 07:20:00,ws_2m_hourly,1.5,m/s,2026-05-21T08:05:11.828958
0PU06,MAINE,40.543056,18.032223,2026-05-21 07:20:00,precip_10min_interval,0.0,mm,2026-05-21T08:05:06.142862
0PU06,MAINE,40.543056,18.032223,2026-05-21 07:20:00,ws_10m_hourly,3.9,m/s,2026-05-21T08:05:11.829091
0PU06,MAINE,40.543056,18.032223,2026-05-21 07:20:00,ws_2m_hourly,1.1,m/s,2026-05-21T08:05:11.829089
0PU07,TRIONFO,41.347221,15.744167,2026-05-21 07:20:00,precip_10min_interval,0.0,mm,2026-05-21T08:05:06.142931
0PU07,TRIONFO,41.347221,15.744167,2026-05-21 07:20:00,ws_10m_hourly,5.5,m/s,2026-05-21T08:05:11.829222
0PU07,TRIONFO,41.347221,15.744167,2026-05-21 07:20:00,ws_2m_hourly,0.8,m/s,2026-05-21T08:05:11.829216
0PU08,TORRETTA,41.542221,15.173889,2026-05-21 07:20:00,precip_10min_interval,0.0,mm,2026-05-21T08:05:06.143020
0PU08,TORRETTA,41.542221,15.173889,2026-05-21 07:20:00,ws_10m_hourly,4.8,m/s,2026-05-21T08:05:11.829346
0PU08,TORRETTA,41.542221,15.173889,2026-05-21 07:20:00,ws_2m_hourly,0.0,m/s,2026-05-21T08:05:11.829343
0PU10,FRASSANITO,40.237221,18.441389,2026-05-21 07:20:00,precip_10min_interval,0.0,mm,2026-05-21T08:05:06.143084
0PU10,FRASSANITO,40.237221,18.441389,2026-05-21 07:20:00,ws_10m_hourly,6.2,m/s,2026-05-21T08:05:11.829474
0PU10,FRASSANITO,40.237221,18.441389,2026-05-21 07:20:00,ws_2m_hourly,3.6,m/s,2026-05-21T08:05:11.829470
0PU11,BADESSA,40.470554,18.097221,2026-05-21 07:20:00,precip_10min_interval,0.0,mm,2026-05-21T08:05:06.143151
0PU11,BADESSA,40.470554,18.097221,2026-05-21 07:20:00,ws_10m_hourly,6.2,m/s,2026-05-21T08:05:11.829602
0PU11,BADESSA,40.470554,18.097221,2026-05-21 07:20:00,ws_2m_hourly,3.8,m/s,2026-05-21T08:05:11.829599
0PU12,CONTE,39.981945,18.067499,2026-05-21 07:20:00,precip_10min_interval,0.0,mm,2026-05-21T08:05:06.143215
0PU12,CONTE,39.981945,18.067499,2026-05-21 07:20:00,ws_10m_hourly,4.3,m/s,2026-05-21T08:05:11.829731
0PU12,CONTE,39.981945,18.067499,2026-05-21 07:20:00,ws_2m_hourly,0.9,m/s,2026-05-21T08:05:11.829727
0PU13,TORRICELLA,40.343334,17.487778,2026-05-21 07:20:00,precip_10min_interval,0.0,mm,2026-05-21T08:05:06.143278
0PU13,TORRICELLA,40.343334,17.487778,2026-05-21 07:20:00,ws_10m_hourly,6.2,m/s,2026-05-21T08:05:11.829860
0PU13,TORRICELLA,40.343334,17.487778,2026-05-21 07:20:00,ws_2m_hourly,3.7,m/s,2026-05-21T08:05:11.829857
0PU14,TAFURI,40.680832,16.867779,2026-05-21 07:20:00,precip_10min_interval,0.0,mm,2026-05-21T08:05:06.143342
0PU14,TAFURI,40.680832,16.867779,2026-05-21 07:20:00,ws_10m_hourly,8.5,m/s,2026-05-21T08:05:11.830004
0PU14,TAFURI,40.680832,16.867779,2026-05-21 07:20:00,ws_2m_hourly,4.6,m/s,2026-05-21T08:05:11.830001
0PU16,ANDRIA,41.202221,16.201944,2026-05-21 07:20:00,precip_10min_interval,0.0,mm,2026-05-21T08:05:06.143406
0PU16,ANDRIA,41.202221,16.201944,2026-05-21 07:20:00,ws_10m_hourly,2.8,m/s,2026-05-21T08:05:11.830131
0PU16,ANDRIA,41.202221,16.201944,2026-05-21 07:20:00,ws_2m_hourly,0.7,m/s,2026-05-21T08:05:11.830128
0PU17,OSTUNI-SAROLO,40.688332,17.413889,2026-05-21 07:20:00,precip_10min_interval,0.0,mm,2026-05-21T08:05:06.143475
0PU17,OSTUNI-SAROLO,40.688332,17.413889,2026-05-21 07:20:00,ws_10m_hourly,4.6,m/s,2026-05-21T08:05:11.830255
0PU17,OSTUNI-SAROLO,40.688332,17.413889,2026-05-21 07:20:00,ws_2m_hourly,2.3,m/s,2026-05-21T08:05:11.830252
0PU18,MONOPOLI,40.919445,17.294443,2026-05-21 07:20:00,precip_10min_interval,0.0,mm,2026-05-21T08:05:06.143538
0PU18,MONOPOLI,40.919445,17.294443,2026-05-21 07:20:00,ws_10m_hourly,4.8,m/s,2026-05-21T08:05:11.830380
0PU18,MONOPOLI,40.919445,17.294443,2026-05-21 07:20:00,ws_2m_hourly,3.0,m/s,2026-05-21T08:05:11.830377
0PU19,TERLIZZI,41.120834,16.549168,2026-05-21 07:20:00,precip_10min_interval,0.0,mm,2026-05-21T08:05:06.143599
0PU19,TERLIZZI,41.120834,16.549168,2026-05-21 07:20:00,ws_10m_hourly,1.5,m/s,2026-05-21T08:05:11.830511
0PU19,TERLIZZI,41.120834,16.549168,2026-05-21 07:20:00,ws_2m_hourly,0.2,m/s,2026-05-21T08:05:11.830509
0PU20,VILLA CASTELLI,40.553055,17.504444,2026-05-21 07:20:00,precip_10min_interval,0.0,mm,2026-05-21T08:05:06.143662
0PU20,VILLA CASTELLI,40.553055,17.504444,2026-05-21 07:20:00,ws_10m_hourly,6.1,m/s,2026-05-21T08:05:11.830641
0PU20,VILLA CASTELLI,40.553055,17.504444,2026-05-21 07:20:00,ws_2m_hourly,3.2,m/s,2026-05-21T08:05:11.830638
0PU21,CAROVIGNO,40.691944,17.630278,2026-05-21 07:20:00,precip_10min_interval,0.0,mm,2026-05-21T08:05:06.143723
0PU21,CAROVIGNO,40.691944,17.630278,2026-05-21 07:20:00,ws_10m_hourly,3.8,m/s,2026-05-21T08:05:11.830774
0PU21,CAROVIGNO,40.691944,17.630278,2026-05-21 07:20:00,ws_2m_hourly,1.4,m/s,2026-05-21T08:05:11.830771
0PU22,APRICENA,41.773335,15.438611,2026-05-21 07:20:00,precip_10min_interval,0.0,mm,2026-05-21T08:05:06.143790
0PU22,APRICENA,41.773335,15.438611,2026-05-21 07:20:00,ws_10m_hourly,2.4,m/s,2026-05-21T08:05:11.830906
0PU22,APRICENA,41.773335,15.438611,2026-05-21 07:20:00,ws_2m_hourly,0.4,m/s,2026-05-21T08:05:11.830903
0PU23,MANFREDONIA,41.541389,15.885833,2026-05-21 07:20:00,precip_10min_interval,0.0,mm,2026-05-21T08:05:06.143854
0PU23,MANFREDONIA,41.541389,15.885833,2026-05-21 07:20:00,ws_10m_hourly,4.5,m/s,2026-05-21T08:05:11.831044
0PU23,MANFREDONIA,41.541389,15.885833,2026-05-21 07:20:00,ws_2m_hourly,2.3,m/s,2026-05-21T08:05:11.831041
0PU25,NOCIGLIA,40.034443,18.313057,2026-05-21 07:20:00,precip_10min_interval,0.0,mm,2026-05-21T08:05:06.143917
0PU25,NOCIGLIA,40.034443,18.313057,2026-05-21 07:20:00,ws_10m_hourly,5.9,m/s,2026-05-21T08:05:11.831171
0PU25,NOCIGLIA,40.034443,18.313057,2026-05-21 07:20:00,ws_2m_hourly,3.2,m/s,2026-05-21T08:05:11.831166
0PU27,GROTTAGLIE,40.53389,17.362778,2026-05-21 07:20:00,ws_10m_hourly,3.9,m/s,2026-05-21T08:05:11.831304
0PU27,GROTTAGLIE,40.53389,17.362778,2026-05-21 07:20:00,ws_2m_hourly,2.6,m/s,2026-05-21T08:05:11.831301
0PU28,TRANI,41.247501,16.415556,2026-05-21 07:20:00,precip_10min_interval,0.0,mm,2026-05-21T08:05:06.143992
0PU28,TRANI,41.247501,16.415556,2026-05-21 07:20:00,ws_10m_hourly,2.5,m/s,2026-05-21T08:05:11.831422
0PU28,TRANI,41.247501,16.415556,2026-05-21 07:20:00,ws_2m_hourly,1.7,m/s,2026-05-21T08:05:11.831419
0PU30,NOICATTARO,41.021942,16.967777,2026-05-21 07:20:00,precip_10min_interval,0.0,mm,2026-05-21T08:05:06.144053
0PU30,NOICATTARO,41.021942,16.967777,2026-05-21 07:20:00,ws_10m_hourly,2.9,m/s,2026-05-21T08:05:11.831552
0PU30,NOICATTARO,41.021942,16.967777,2026-05-21 07:20:00,ws_2m_hourly,1.8,m/s,2026-05-21T08:05:11.831549
0PU31,ALBEROBELLO,40.790558,17.233334,2026-05-21 07:20:00,precip_10min_interval,0.0,mm,2026-05-21T08:05:06.144116
0PU31,ALBEROBELLO,40.790558,17.233334,2026-05-21 07:20:00,ws_10m_hourly,4.7,m/s,2026-05-21T08:05:11.831681
0PU31,ALBEROBELLO,40.790558,17.233334,2026-05-21 07:20:00,ws_2m_hourly,2.7,m/s,2026-05-21T08:05:11.831678
0PU33,MOCCARI,40.558334,17.851667,2026-05-21 07:20:00,precip_10min_interval,0.0,mm,2026-05-21T08:05:06.144178
0PU33,MOCCARI,40.558334,17.851667,2026-05-21 07:20:00,ws_10m_hourly,5.8,m/s,2026-05-21T08:05:11.831813
0PU33,MOCCARI,40.558334,17.851667,2026-05-21 07:20:00,ws_2m_hourly,3.7,m/s,2026-05-21T08:05:11.831810
0PU34,LATIANO,40.548332,17.688057,2026-05-21 07:20:00,precip_10min_interval,0.0,mm,2026-05-21T08:05:06.144238
0PU34,LATIANO,40.548332,17.688057,2026-05-21 07:20:00,ws_10m_hourly,3.3,m/s,2026-05-21T08:05:11.831949
0PU34,LATIANO,40.548332,17.688057,2026-05-21 07:20:00,ws_2m_hourly,2.4,m/s,2026-05-21T08:05:11.831936
0PU35,SAN VITO DEI NORMANNI,40.629166,17.73361,2026-05-21 07:20:00,precip_10min_interval,0.0,mm,2026-05-21T08:05:06.144298
0PU35,SAN VITO DEI NORMANNI,40.629166,17.73361,2026-05-21 07:20:00,ws_10m_hourly,7.1,m/s,2026-05-21T08:05:11.832073
0PU35,SAN VITO DEI NORMANNI,40.629166,17.73361,2026-05-21 07:20:00,ws_2m_hourly,4.5,m/s,2026-05-21T08:05:11.832070
0PU36,VILLANOVA,41.654167,15.586667,2026-05-21 07:20:00,precip_10min_interval,0.0,mm,2026-05-21T08:05:06.144363
0PU36,VILLANOVA,41.654167,15.586667,2026-05-21 07:20:00,ws_10m_hourly,11.2,m/s,2026-05-21T08:05:11.832200
0PU36,VILLANOVA,41.654167,15.586667,2026-05-21 07:20:00,ws_2m_hourly,6.7,m/s,2026-05-21T08:05:11.832197
0PU37,TROIA,41.336388,15.382778,2026-05-21 07:20:00,precip_10min_interval,0.0,mm,2026-05-21T08:05:06.144424
0PU37,TROIA,41.336388,15.382778,2026-05-21 07:20:00,ws_10m_hourly,4.1,m/s,2026-05-21T08:05:11.832330
0PU37,TROIA,41.336388,15.382778,2026-05-21 07:20:00,ws_2m_hourly,3.2,m/s,2026-05-21T08:05:11.832327
0PU38,BORGO LA ROCCA,41.558334,15.516111,2026-05-21 07:20:00,precip_10min_interval,0.0,mm,2026-05-21T08:05:06.144498
0PU38,BORGO LA ROCCA,41.558334,15.516111,2026-05-21 07:20:00,ws_10m_hourly,5.8,m/s,2026-05-21T08:05:11.832464
0PU38,BORGO LA ROCCA,41.558334,15.516111,2026-05-21 07:20:00,ws_2m_hourly,4.0,m/s,2026-05-21T08:05:11.832461
0PU40,ARCHE,40.273888,18.013611,2026-05-21 07:20:00,precip_10min_interval,0.0,mm,2026-05-21T08:05:06.144569
0PU40,ARCHE,40.273888,18.013611,2026-05-21 07:20:00,ws_10m_hourly,5.4,m/s,2026-05-21T08:05:11.832602
0PU40,ARCHE,40.273888,18.013611,2026-05-21 07:20:00,ws_2m_hourly,2.4,m/s,2026-05-21T08:05:11.832599
0PU41,LECCE,40.326668,18.139999,2026-05-21 07:20:00,precip_10min_interval,0.0,mm,2026-05-21T08:05:06.144632
0PU41,LECCE,40.326668,18.139999,2026-05-21 07:20:00,ws_10m_hourly,4.2,m/s,2026-05-21T08:05:11.832737
0PU41,LECCE,40.326668,18.139999,2026-05-21 07:20:00,ws_2m_hourly,3.0,m/s,2026-05-21T08:05:11.832734
0PU42,SALICE SALENTINO,40.390556,17.875278,2026-05-21 07:20:00,precip_10min_interval,0.0,mm,2026-05-21T08:05:06.144699
0PU42,SALICE SALENTINO,40.390556,17.875278,2026-05-21 07:20:00,ws_10m_hourly,5.5,m/s,2026-05-21T08:05:11.832870
0PU42,SALICE SALENTINO,40.390556,17.875278,2026-05-21 07:20:00,ws_2m_hourly,3.9,m/s,2026-05-21T08:05:11.832866
0PU43,LUCUGNANO,39.930279,18.3225,2026-05-21 07:20:00,precip_10min_interval,0.0,mm,2026-05-21T08:05:06.144765
0PU43,LUCUGNANO,39.930279,18.3225,2026-05-21 07:20:00,ws_10m_hourly,5.3,m/s,2026-05-21T08:05:11.833011
0PU43,LUCUGNANO,39.930279,18.3225,2026-05-21 07:20:00,ws_2m_hourly,3.0,m/s,2026-05-21T08:05:11.833008
0PU44,MANDURIA,40.381943,17.621111,2026-05-21 07:20:00,precip_10min_interval,0.0,mm,2026-05-21T08:05:06.144828
0PU44,MANDURIA,40.381943,17.621111,2026-05-21 07:20:00,ws_10m_hourly,5.7,m/s,2026-05-21T08:05:11.833142
0PU44,MANDURIA,40.381943,17.621111,2026-05-21 07:20:00,ws_2m_hourly,4.3,m/s,2026-05-21T08:05:11.833139
0PU45,MOTTOLA,40.675556,16.996111,2026-05-21 07:20:00,precip_10min_interval,0.0,mm,2026-05-21T08:05:06.144895
0PU45,MOTTOLA,40.675556,16.996111,2026-05-21 07:20:00,ws_10m_hourly,5.8,m/s,2026-05-21T08:05:11.833276
0PU45,MOTTOLA,40.675556,16.996111,2026-05-21 07:20:00,ws_2m_hourly,3.0,m/s,2026-05-21T08:05:11.833273
0PU46,MASSAFRA,40.582779,17.091944,2026-05-21 07:20:00,precip_10min_interval,0.0,mm,2026-05-21T08:05:06.144970
0PU46,MASSAFRA,40.582779,17.091944,2026-05-21 07:20:00,ws_10m_hourly,5.8,m/s,2026-05-21T08:05:11.833405
0PU46,MASSAFRA,40.582779,17.091944,2026-05-21 07:20:00,ws_2m_hourly,3.8,m/s,2026-05-21T08:05:11.833402
0PU47,CASTELLANETA,40.494446,16.878889,2026-05-21 07:20:00,precip_10min_interval,0.0,mm,2026-05-21T08:05:06.145035
0PU47,CASTELLANETA,40.494446,16.878889,2026-05-21 07:20:00,ws_10m_hourly,4.7,m/s,2026-05-21T08:05:11.833533
0PU47,CASTELLANETA,40.494446,16.878889,2026-05-21 07:20:00,ws_2m_hourly,2.0,m/s,2026-05-21T08:05:11.833530
0PU48,BARI C.N.R. IRSA,41.116943,16.820557,2026-05-21 07:20:00,precip_10min_interval,0.0,mm,2026-05-21T08:05:06.145097
0PU48,BARI C.N.R. IRSA,41.116943,16.820557,2026-05-21 07:20:00,ws_10m_hourly,4.1,m/s,2026-05-21T08:05:11.833658
0PU48,BARI C.N.R. IRSA,41.116943,16.820557,2026-05-21 07:20:00,ws_2m_hourly,2.6,m/s,2026-05-21T08:05:11.833655
0PU49,LOCOROTONDO ITAS,40.757221,17.340834,2026-05-21 07:20:00,precip_10min_interval,0.0,mm,2026-05-21T08:05:06.145158
0PU49,LOCOROTONDO ITAS,40.757221,17.340834,2026-05-21 07:20:00,ws_10m_hourly,5.0,m/s,2026-05-21T08:05:11.833789
0PU49,LOCOROTONDO ITAS,40.757221,17.340834,2026-05-21 07:20:00,ws_2m_hourly,3.1,m/s,2026-05-21T08:05:11.833786
0PU53,TORITTO,40.957222,16.567223,2026-05-21 07:20:00,precip_10min_interval,0.0,mm,2026-05-21T08:05:06.145229
0PU53,TORITTO,40.957222,16.567223,2026-05-21 07:20:00,ws_10m_hourly,6.8,m/s,2026-05-21T08:05:11.833932
0PU53,TORITTO,40.957222,16.567223,2026-05-21 07:20:00,ws_2m_hourly,5.6,m/s,2026-05-21T08:05:11.833929
0PU54,TORRE SANTA SUSANNA,40.459442,17.724722,2026-05-21 07:20:00,precip_10min_interval,0.0,mm,2026-05-21T08:05:06.145290
0PU54,TORRE SANTA SUSANNA,40.459442,17.724722,2026-05-21 07:20:00,ws_10m_hourly,4.8,m/s,2026-05-21T08:05:11.834077
0PU54,TORRE SANTA SUSANNA,40.459442,17.724722,2026-05-21 07:20:00,ws_2m_hourly,0.9,m/s,2026-05-21T08:05:11.834073
0PU55,LESINA-RIPALTA,41.8475,15.266111,2026-05-21 07:20:00,precip_10min_interval,0.0,mm,2026-05-21T08:05:06.145362
0PU55,LESINA-RIPALTA,41.8475,15.266111,2026-05-21 07:20:00,ws_10m_hourly,6.7,m/s,2026-05-21T08:05:11.834211
0PU55,LESINA-RIPALTA,41.8475,15.266111,2026-05-21 07:20:00,ws_2m_hourly,4.6,m/s,2026-05-21T08:05:11.834208
0PU56,CARLANTINO,41.588333,14.983611,2026-05-21 07:20:00,precip_10min_interval,0.0,mm,2026-05-21T08:05:06.145426
0PU56,CARLANTINO,41.588333,14.983611,2026-05-21 07:20:00,ws_10m_hourly,5.5,m/s,2026-05-21T08:05:11.834343
0PU56,CARLANTINO,41.588333,14.983611,2026-05-21 07:20:00,ws_2m_hourly,4.0,m/s,2026-05-21T08:05:11.834340
0PU57,SANT'AGATA DI PUGLIA,41.150276,15.46,2026-05-21 07:20:00,precip_10min_interval,0.0,mm,2026-05-21T08:05:06.145492
0PU57,SANT'AGATA DI PUGLIA,41.150276,15.46,2026-05-21 07:20:00,ws_10m_hourly,4.7,m/s,2026-05-21T08:05:11.834480
0PU57,SANT'AGATA DI PUGLIA,41.150276,15.46,2026-05-21 07:20:00,ws_2m_hourly,2.8,m/s,2026-05-21T08:05:11.834477
0PU58,GINOSA,40.556389,16.843611,2026-05-21 07:20:00,precip_10min_interval,0.0,mm,2026-05-21T08:05:06.145559
0PU58,GINOSA,40.556389,16.843611,2026-05-21 07:20:00,ws_10m_hourly,5.7,m/s,2026-05-21T08:05:11.834620
0PU58,GINOSA,40.556389,16.843611,2026-05-21 07:20:00,ws_2m_hourly,4.3,m/s,2026-05-21T08:05:11.834617
0PU59,PALAGIANELLO,40.578335,16.975279,2026-05-21 07:20:00,precip_10min_interval,0.0,mm,2026-05-21T08:05:06.145630
0PU59,PALAGIANELLO,40.578335,16.975279,2026-05-21 07:20:00,ws_10m_hourly,5.4,m/s,2026-05-21T08:05:11.834759
0PU59,PALAGIANELLO,40.578335,16.975279,2026-05-21 07:20:00,ws_2m_hourly,3.7,m/s,2026-05-21T08:05:11.834756
0PU60,MINERVINO DI LECCE,40.093613,18.418612,2026-05-21 07:20:00,precip_10min_interval,0.0,mm,2026-05-21T08:05:06.145697
0PU60,MINERVINO DI LECCE,40.093613,18.418612,2026-05-21 07:20:00,ws_10m_hourly,5.4,m/s,2026-05-21T08:05:11.834891
0PU60,MINERVINO DI LECCE,40.093613,18.418612,2026-05-21 07:20:00,ws_2m_hourly,3.5,m/s,2026-05-21T08:05:11.834888
0PU61,NARDO',40.171391,17.976389,2026-05-21 07:20:00,precip_10min_interval,0.0,mm,2026-05-21T08:05:06.145766
0PU61,NARDO',40.171391,17.976389,2026-05-21 07:20:00,ws_10m_hourly,5.9,m/s,2026-05-21T08:05:11.835044
0PU61,NARDO',40.171391,17.976389,2026-05-21 07:20:00,ws_2m_hourly,2.3,m/s,2026-05-21T08:05:11.835041
MBA20,IPSAA,41.22139,16.049723,2026-05-21 07:20:00,precip_10min_interval,0.0,mm,2026-05-21T08:05:06.145834
MBA20,IPSAA,41.22139,16.049723,2026-05-21 07:20:00,ws_2m_hourly,1.9,m/s,2026-05-21T08:05:11.835135
MBA21,MONTEGROSSO,41.132778,16.185833,2026-05-21 07:20:00,precip_10min_interval,0.0,mm,2026-05-21T08:05:06.145903
MBA21,MONTEGROSSO,41.132778,16.185833,2026-05-21 07:20:00,ws_2m_hourly,3.0,m/s,2026-05-21T08:05:11.835204
MBA22,S.P. SANTERAMO,40.80611,16.591389,2026-05-21 07:20:00,precip_10min_interval,0.0,mm,2026-05-21T08:05:06.145981
MBA22,S.P. SANTERAMO,40.80611,16.591389,2026-05-21 07:20:00,ws_2m_hourly,3.6,m/s,2026-05-21T08:05:11.835270
MBA24,CASSANO DELLE MURGE,40.918888,16.78861,2026-05-21 07:20:00,precip_10min_interval,0.0,mm,2026-05-21T08:05:06.146055
MBA24,CASSANO DELLE MURGE,40.918888,16.78861,2026-05-21 07:20:00,ws_2m_hourly,3.8,m/s,2026-05-21T08:05:11.835342
MBA25,SANTERAMO IN COLLE,40.78611,16.775833,2026-05-21 07:20:00,precip_10min_interval,0.0,mm,2026-05-21T08:05:06.146122
MBA25,SANTERAMO IN COLLE,40.78611,16.775833,2026-05-21 07:20:00,ws_2m_hourly,3.5,m/s,2026-05-21T08:05:11.835406
MBA26,CAMPO SPER. UNIBA,41.023609,16.906389,2026-05-21 07:20:00,precip_10min_interval,0.0,mm,2026-05-21T08:05:06.146191
MBA26,CAMPO SPER. UNIBA,41.023609,16.906389,2026-05-21 07:20:00,ws_2m_hourly,1.7,m/s,2026-05-21T08:05:11.835478
MBA27,SERRONE(AZ.AGR.MANCINI),40.921391,16.947222,2026-05-21 07:20:00,precip_10min_interval,0.0,mm,2026-05-21T08:05:06.146261
MBA27,SERRONE(AZ.AGR.MANCINI),40.921391,16.947222,2026-05-21 07:20:00,ws_2m_hourly,3.3,m/s,2026-05-21T08:05:11.835550
MBA28,MURGIA ANTICI,40.715557,17.106667,2026-05-21 07:20:00,precip_10min_interval,0.0,mm,2026-05-21T08:05:06.146331
MBA28,MURGIA ANTICI,40.715557,17.106667,2026-05-21 07:20:00,ws_2m_hourly,3.6,m/s,2026-05-21T08:05:11.835619
MBA29,LAMENDOLA I,40.812222,17.164167,2026-05-21 07:20:00,precip_10min_interval,0.0,mm,2026-05-21T08:05:06.146398
MBA29,LAMENDOLA I,40.812222,17.164167,2026-05-21 07:20:00,ws_2m_hourly,4.8,m/s,2026-05-21T08:05:11.835690
MBR30,FASCIANELLO,40.860279,17.364166,2026-05-21 07:20:00,precip_10min_interval,0.0,mm,2026-05-21T08:05:06.146470
MBR30,FASCIANELLO,40.860279,17.364166,2026-05-21 07:20:00,ws_2m_hourly,3.8,m/s,2026-05-21T08:05:11.835761
MBR31,FERRUZZO,40.62389,17.497499,2026-05-21 07:20:00,precip_10min_interval,0.0,mm,2026-05-21T08:05:06.146537
MBR31,FERRUZZO,40.62389,17.497499,2026-05-21 07:20:00,ws_2m_hourly,2.8,m/s,2026-05-21T08:05:11.835827
MFG01,S. LUCIA,41.470554,15.363889,2026-05-21 07:20:00,precip_10min_interval,0.0,mm,2026-05-21T08:05:06.146607
MFG01,S. LUCIA,41.470554,15.363889,2026-05-21 07:20:00,ws_2m_hourly,2.4,m/s,2026-05-21T08:05:11.835894
MFG02,SERRA DEI BISI,41.347778,15.282778,2026-05-21 07:20:00,precip_10min_interval,0.0,mm,2026-05-21T08:05:06.146677
MFG02,SERRA DEI BISI,41.347778,15.282778,2026-05-21 07:20:00,ws_2m_hourly,1.6,m/s,2026-05-21T08:05:11.835974
MFG03,LA PESCIA,41.40889,15.756667,2026-05-21 07:20:00,precip_10min_interval,0.0,mm,2026-05-21T08:05:06.146747
MFG03,LA PESCIA,41.40889,15.756667,2026-05-21 07:20:00,ws_2m_hourly,3.3,m/s,2026-05-21T08:05:11.836046
MFG04,TRE SANTI,41.393612,15.848056,2026-05-21 07:20:00,precip_10min_interval,0.0,mm,2026-05-21T08:05:06.146814
MFG04,TRE SANTI,41.393612,15.848056,2026-05-21 07:20:00,ws_2m_hourly,3.6,m/s,2026-05-21T08:05:11.836119
MFG05,RIVOLI,41.470833,15.929444,2026-05-21 07:20:00,precip_10min_interval,0.0,mm,2026-05-21T08:05:06.146893
MFG05,RIVOLI,41.470833,15.929444,2026-05-21 07:20:00,ws_2m_hourly,2.8,m/s,2026-05-21T08:05:11.836191
MFG06,TAVOLETTA,41.194168,15.932222,2026-05-21 07:20:00,precip_10min_interval,0.0,mm,2026-05-21T08:05:06.146972
MFG06,TAVOLETTA,41.194168,15.932222,2026-05-21 07:20:00,ws_2m_hourly,4.8,m/s,2026-05-21T08:05:11.836258
MFG07,COPPA D'ORO,41.421665,15.606944,2026-05-21 07:20:00,precip_10min_interval,0.0,mm,2026-05-21T08:05:06.147043
MFG07,COPPA D'ORO,41.421665,15.606944,2026-05-21 07:20:00,ws_2m_hourly,4.5,m/s,2026-05-21T08:05:11.836331
MFG09,ARIOLA,41.8325,15.859722,2026-05-21 07:20:00,precip_10min_interval,0.0,mm,2026-05-21T08:05:06.147115
MFG09,ARIOLA,41.8325,15.859722,2026-05-21 07:20:00,ws_2m_hourly,0.3,m/s,2026-05-21T08:05:11.836398
MFG10,MATINE CARNE SALATA,41.651943,15.706389,2026-05-21 07:20:00,precip_10min_interval,0.0,mm,2026-05-21T08:05:06.147185
MFG10,MATINE CARNE SALATA,41.651943,15.706389,2026-05-21 07:20:00,ws_2m_hourly,1.8,m/s,2026-05-21T08:05:11.836474
MFG11,SELVA DELLE GROTTE,41.714722,15.148056,2026-05-21 07:20:00,precip_10min_interval,0.0,mm,2026-05-21T08:05:06.147253
MFG11,SELVA DELLE GROTTE,41.714722,15.148056,2026-05-21 07:20:00,ws_2m_hourly,1.4,m/s,2026-05-21T08:05:11.836545
MFG13,BISCIGLIETO,41.142502,15.662778,2026-05-21 07:20:00,precip_10min_interval,0.0,mm,2026-05-21T08:05:06.147326
MFG13,BISCIGLIETO,41.142502,15.662778,2026-05-21 07:20:00,ws_2m_hourly,6.0,m/s,2026-05-21T08:05:11.836611
MFG14,S. LUCIA,41.922779,15.874722,2026-05-21 07:20:00,precip_10min_interval,0.0,mm,2026-05-21T08:05:06.147388
MFG14,S. LUCIA,41.922779,15.874722,2026-05-21 07:20:00,ws_2m_hourly,1.3,m/s,2026-05-21T08:05:11.836682
MFG15,CASA LORDA,41.62389,15.403056,2026-05-21 07:20:00,precip_10min_interval,0.0,mm,2026-05-21T08:05:06.147461
MFG15,CASA LORDA,41.62389,15.403056,2026-05-21 07:20:00,ws_2m_hourly,1.7,m/s,2026-05-21T08:05:11.836751
MFG16,QUERCIA COPPE,41.693054,15.756944,2026-05-21 07:20:00,precip_10min_interval,0.0,mm,2026-05-21T08:05:06.147531
MFG16,QUERCIA COPPE,41.693054,15.756944,2026-05-21 07:20:00,ws_2m_hourly,5.0,m/s,2026-05-21T08:05:11.836820
MFG17,CARRO CHIUSO,41.284168,16.077223,2026-05-21 07:20:00,precip_10min_interval,0.0,mm,2026-05-21T08:05:06.147606
MFG17,CARRO CHIUSO,41.284168,16.077223,2026-05-21 07:20:00,ws_2m_hourly,1.4,m/s,2026-05-21T08:05:11.836897
MFG18,VIESTE,41.901669,16.080557,2026-05-21 07:20:00,precip_10min_interval,0.0,mm,2026-05-21T08:05:06.147676
MFG18,VIESTE,41.901669,16.080557,2026-05-21 07:20:00,ws_2m_hourly,1.8,m/s,2026-05-21T08:05:11.836972
MFG19,FOGGIA MONTEROZZI,41.521111,15.591944,2026-05-21 07:20:00,precip_10min_interval,0.0,mm,2026-05-21T08:05:06.147746
MFG19,FOGGIA MONTEROZZI,41.521111,15.591944,2026-05-21 07:20:00,ws_2m_hourly,3.3,m/s,2026-05-21T08:05:11.837042
MLE34,BARBARO,39.980831,18.1525,2026-05-21 07:20:00,precip_10min_interval,0.0,mm,2026-05-21T08:05:06.147816
MLE34,BARBARO,39.980831,18.1525,2026-05-21 07:20:00,ws_2m_hourly,4.7,m/s,2026-05-21T08:05:11.837110
MLE35,MALOPRA,40.225555,18.299168,2026-05-21 07:20:00,precip_10min_interval,0.0,mm,2026-05-21T08:05:06.147883
MLE35,MALOPRA,40.225555,18.299168,2026-05-21 07:20:00,ws_2m_hourly,2.9,m/s,2026-05-21T08:05:11.837183
MTA32,MARTINA FRANCA,40.634724,17.277779,2026-05-21 07:20:00,precip_10min_interval,0.0,mm,2026-05-21T08:05:06.147966
MTA32,MARTINA FRANCA,40.634724,17.277779,2026-05-21 07:20:00,ws_2m_hourly,1.7,m/s,2026-05-21T08:05:11.837248
0PU01,GUROLAMANNA,40.916111,16.447779,2026-05-21 07:30:00,precip_10min_interval,0.0,mm,2026-05-21T08:05:06.142667
0PU01,GUROLAMANNA,40.916111,16.447779,2026-05-21 07:30:00,ws_10m_hourly,7.2,m/s,2026-05-21T08:05:11.828681
0PU01,GUROLAMANNA,40.916111,16.447779,2026-05-21 07:30:00,ws_2m_hourly,5.1,m/s,2026-05-21T08:05:11.828678
0PU03,LIMELLI D'IMPERATORE,40.883057,16.3125,2026-05-21 07:30:00,precip_10min_interval,0.0,mm,2026-05-21T08:05:06.142736
0PU03,LIMELLI D'IMPERATORE,40.883057,16.3125,2026-05-21 07:30:00,ws_10m_hourly,5.9,m/s,2026-05-21T08:05:11.828818
0PU03,LIMELLI D'IMPERATORE,40.883057,16.3125,2026-05-21 07:30:00,ws_2m_hourly,3.9,m/s,2026-05-21T08:05:11.828815
0PU04,OTTAVA SEDICI,40.7925,17.481943,2026-05-21 07:30:00,precip_10min_interval,0.0,mm,2026-05-21T08:05:06.142803
0PU04,OTTAVA SEDICI,40.7925,17.481943,2026-05-21 07:30:00,ws_10m_hourly,5.6,m/s,2026-05-21T08:05:11.828971
0PU04,OTTAVA SEDICI,40.7925,17.481943,2026-05-21 07:30:00,ws_2m_hourly,1.8,m/s,2026-05-21T08:05:11.828968
0PU06,MAINE,40.543056,18.032223,2026-05-21 07:30:00,precip_10min_interval,0.0,mm,2026-05-21T08:05:06.142865
0PU06,MAINE,40.543056,18.032223,2026-05-21 07:30:00,ws_10m_hourly,4.2,m/s,2026-05-21T08:05:11.829098
0PU06,MAINE,40.543056,18.032223,2026-05-21 07:30:00,ws_2m_hourly,1.1,m/s,2026-05-21T08:05:11.829095
0PU07,TRIONFO,41.347221,15.744167,2026-05-21 07:30:00,precip_10min_interval,0.0,mm,2026-05-21T08:05:06.142934
0PU07,TRIONFO,41.347221,15.744167,2026-05-21 07:30:00,ws_10m_hourly,6.1,m/s,2026-05-21T08:05:11.829228
0PU07,TRIONFO,41.347221,15.744167,2026-05-21 07:30:00,ws_2m_hourly,0.9,m/s,2026-05-21T08:05:11.829225
0PU08,TORRETTA,41.542221,15.173889,2026-05-21 07:30:00,precip_10min_interval,0.0,mm,2026-05-21T08:05:06.143023
0PU08,TORRETTA,41.542221,15.173889,2026-05-21 07:30:00,ws_10m_hourly,5.3,m/s,2026-05-21T08:05:11.829355
0PU08,TORRETTA,41.542221,15.173889,2026-05-21 07:30:00,ws_2m_hourly,0.0,m/s,2026-05-21T08:05:11.829349
0PU10,FRASSANITO,40.237221,18.441389,2026-05-21 07:30:00,precip_10min_interval,0.0,mm,2026-05-21T08:05:06.143087
0PU10,FRASSANITO,40.237221,18.441389,2026-05-21 07:30:00,ws_10m_hourly,6.1,m/s,2026-05-21T08:05:11.829479
0PU10,FRASSANITO,40.237221,18.441389,2026-05-21 07:30:00,ws_2m_hourly,3.6,m/s,2026-05-21T08:05:11.829476
0PU11,BADESSA,40.470554,18.097221,2026-05-21 07:30:00,precip_10min_interval,0.0,mm,2026-05-21T08:05:06.143154
0PU11,BADESSA,40.470554,18.097221,2026-05-21 07:30:00,ws_10m_hourly,5.2,m/s,2026-05-21T08:05:11.829608
0PU11,BADESSA,40.470554,18.097221,2026-05-21 07:30:00,ws_2m_hourly,3.0,m/s,2026-05-21T08:05:11.829605
0PU12,CONTE,39.981945,18.067499,2026-05-21 07:30:00,precip_10min_interval,0.0,mm,2026-05-21T08:05:06.143220
0PU12,CONTE,39.981945,18.067499,2026-05-21 07:30:00,ws_10m_hourly,4.4,m/s,2026-05-21T08:05:11.829737
0PU12,CONTE,39.981945,18.067499,2026-05-21 07:30:00,ws_2m_hourly,1.0,m/s,2026-05-21T08:05:11.829734
0PU13,TORRICELLA,40.343334,17.487778,2026-05-21 07:30:00,precip_10min_interval,0.0,mm,2026-05-21T08:05:06.143281
0PU13,TORRICELLA,40.343334,17.487778,2026-05-21 07:30:00,ws_10m_hourly,6.4,m/s,2026-05-21T08:05:11.829866
0PU13,TORRICELLA,40.343334,17.487778,2026-05-21 07:30:00,ws_2m_hourly,3.6,m/s,2026-05-21T08:05:11.829863
0PU14,TAFURI,40.680832,16.867779,2026-05-21 07:30:00,precip_10min_interval,0.0,mm,2026-05-21T08:05:06.143345
0PU14,TAFURI,40.680832,16.867779,2026-05-21 07:30:00,ws_10m_hourly,8.4,m/s,2026-05-21T08:05:11.830010
0PU14,TAFURI,40.680832,16.867779,2026-05-21 07:30:00,ws_2m_hourly,4.6,m/s,2026-05-21T08:05:11.830007
0PU16,ANDRIA,41.202221,16.201944,2026-05-21 07:30:00,precip_10min_interval,0.0,mm,2026-05-21T08:05:06.143409
0PU16,ANDRIA,41.202221,16.201944,2026-05-21 07:30:00,ws_10m_hourly,2.7,m/s,2026-05-21T08:05:11.830138
0PU16,ANDRIA,41.202221,16.201944,2026-05-21 07:30:00,ws_2m_hourly,0.7,m/s,2026-05-21T08:05:11.830134
0PU17,OSTUNI-SAROLO,40.688332,17.413889,2026-05-21 07:30:00,precip_10min_interval,0.0,mm,2026-05-21T08:05:06.143478
0PU17,OSTUNI-SAROLO,40.688332,17.413889,2026-05-21 07:30:00,ws_10m_hourly,5.3,m/s,2026-05-21T08:05:11.830263
0PU17,OSTUNI-SAROLO,40.688332,17.413889,2026-05-21 07:30:00,ws_2m_hourly,2.8,m/s,2026-05-21T08:05:11.830260
0PU18,MONOPOLI,40.919445,17.294443,2026-05-21 07:30:00,precip_10min_interval,0.0,mm,2026-05-21T08:05:06.143541
0PU18,MONOPOLI,40.919445,17.294443,2026-05-21 07:30:00,ws_10m_hourly,4.8,m/s,2026-05-21T08:05:11.830386
0PU18,MONOPOLI,40.919445,17.294443,2026-05-21 07:30:00,ws_2m_hourly,3.0,m/s,2026-05-21T08:05:11.830383
0PU19,TERLIZZI,41.120834,16.549168,2026-05-21 07:30:00,precip_10min_interval,0.0,mm,2026-05-21T08:05:06.143602
0PU19,TERLIZZI,41.120834,16.549168,2026-05-21 07:30:00,ws_10m_hourly,1.4,m/s,2026-05-21T08:05:11.830517
0PU19,TERLIZZI,41.120834,16.549168,2026-05-21 07:30:00,ws_2m_hourly,0.2,m/s,2026-05-21T08:05:11.830514
0PU20,VILLA CASTELLI,40.553055,17.504444,2026-05-21 07:30:00,precip_10min_interval,0.0,mm,2026-05-21T08:05:06.143668
0PU20,VILLA CASTELLI,40.553055,17.504444,2026-05-21 07:30:00,ws_10m_hourly,6.1,m/s,2026-05-21T08:05:11.830648
0PU20,VILLA CASTELLI,40.553055,17.504444,2026-05-21 07:30:00,ws_2m_hourly,3.2,m/s,2026-05-21T08:05:11.830645
0PU21,CAROVIGNO,40.691944,17.630278,2026-05-21 07:30:00,precip_10min_interval,0.0,mm,2026-05-21T08:05:06.143726
0PU21,CAROVIGNO,40.691944,17.630278,2026-05-21 07:30:00,ws_10m_hourly,4.8,m/s,2026-05-21T08:05:11.830781
0PU21,CAROVIGNO,40.691944,17.630278,2026-05-21 07:30:00,ws_2m_hourly,1.6,m/s,2026-05-21T08:05:11.830778
0PU22,APRICENA,41.773335,15.438611,2026-05-21 07:30:00,precip_10min_interval,0.0,mm,2026-05-21T08:05:06.143793
0PU22,APRICENA,41.773335,15.438611,2026-05-21 07:30:00,ws_10m_hourly,3.5,m/s,2026-05-21T08:05:11.830912
0PU22,APRICENA,41.773335,15.438611,2026-05-21 07:30:00,ws_2m_hourly,0.6,m/s,2026-05-21T08:05:11.830909
0PU23,MANFREDONIA,41.541389,15.885833,2026-05-21 07:30:00,precip_10min_interval,0.0,mm,2026-05-21T08:05:06.143857
0PU23,MANFREDONIA,41.541389,15.885833,2026-05-21 07:30:00,ws_10m_hourly,4.8,m/s,2026-05-21T08:05:11.831050
0PU23,MANFREDONIA,41.541389,15.885833,2026-05-21 07:30:00,ws_2m_hourly,2.3,m/s,2026-05-21T08:05:11.831047
0PU25,NOCIGLIA,40.034443,18.313057,2026-05-21 07:30:00,precip_10min_interval,0.0,mm,2026-05-21T08:05:06.143920
0PU25,NOCIGLIA,40.034443,18.313057,2026-05-21 07:30:00,ws_10m_hourly,5.5,m/s,2026-05-21T08:05:11.831177
0PU25,NOCIGLIA,40.034443,18.313057,2026-05-21 07:30:00,ws_2m_hourly,3.0,m/s,2026-05-21T08:05:11.831174
0PU27,GROTTAGLIE,40.53389,17.362778,2026-05-21 07:30:00,ws_10m_hourly,3.7,m/s,2026-05-21T08:05:11.831312
0PU27,GROTTAGLIE,40.53389,17.362778,2026-05-21 07:30:00,ws_2m_hourly,2.2,m/s,2026-05-21T08:05:11.831307
0PU28,TRANI,41.247501,16.415556,2026-05-21 07:30:00,precip_10min_interval,0.0,mm,2026-05-21T08:05:06.143995
0PU28,TRANI,41.247501,16.415556,2026-05-21 07:30:00,ws_10m_hourly,3.2,m/s,2026-05-21T08:05:11.831428
0PU28,TRANI,41.247501,16.415556,2026-05-21 07:30:00,ws_2m_hourly,2.0,m/s,2026-05-21T08:05:11.831425
0PU30,NOICATTARO,41.021942,16.967777,2026-05-21 07:30:00,precip_10min_interval,0.0,mm,2026-05-21T08:05:06.144056
0PU30,NOICATTARO,41.021942,16.967777,2026-05-21 07:30:00,ws_10m_hourly,3.0,m/s,2026-05-21T08:05:11.831558
0PU30,NOICATTARO,41.021942,16.967777,2026-05-21 07:30:00,ws_2m_hourly,1.9,m/s,2026-05-21T08:05:11.831555
0PU31,ALBEROBELLO,40.790558,17.233334,2026-05-21 07:30:00,precip_10min_interval,0.0,mm,2026-05-21T08:05:06.144119
0PU31,ALBEROBELLO,40.790558,17.233334,2026-05-21 07:30:00,ws_10m_hourly,5.5,m/s,2026-05-21T08:05:11.831687
0PU31,ALBEROBELLO,40.790558,17.233334,2026-05-21 07:30:00,ws_2m_hourly,3.1,m/s,2026-05-21T08:05:11.831684
0PU33,MOCCARI,40.558334,17.851667,2026-05-21 07:30:00,precip_10min_interval,0.0,mm,2026-05-21T08:05:06.144181
0PU33,MOCCARI,40.558334,17.851667,2026-05-21 07:30:00,ws_10m_hourly,6.1,m/s,2026-05-21T08:05:11.831819
0PU33,MOCCARI,40.558334,17.851667,2026-05-21 07:30:00,ws_2m_hourly,3.8,m/s,2026-05-21T08:05:11.831816
0PU34,LATIANO,40.548332,17.688057,2026-05-21 07:30:00,precip_10min_interval,0.0,mm,2026-05-21T08:05:06.144243
0PU34,LATIANO,40.548332,17.688057,2026-05-21 07:30:00,ws_10m_hourly,3.6,m/s,2026-05-21T08:05:11.831955
0PU34,LATIANO,40.548332,17.688057,2026-05-21 07:30:00,ws_2m_hourly,2.8,m/s,2026-05-21T08:05:11.831952
0PU35,SAN VITO DEI NORMANNI,40.629166,17.73361,2026-05-21 07:30:00,precip_10min_interval,0.0,mm,2026-05-21T08:05:06.144301
0PU35,SAN VITO DEI NORMANNI,40.629166,17.73361,2026-05-21 07:30:00,ws_10m_hourly,7.5,m/s,2026-05-21T08:05:11.832081
0PU35,SAN VITO DEI NORMANNI,40.629166,17.73361,2026-05-21 07:30:00,ws_2m_hourly,4.9,m/s,2026-05-21T08:05:11.832078
0PU36,VILLANOVA,41.654167,15.586667,2026-05-21 07:30:00,precip_10min_interval,0.0,mm,2026-05-21T08:05:06.144366
0PU36,VILLANOVA,41.654167,15.586667,2026-05-21 07:30:00,ws_10m_hourly,10.6,m/s,2026-05-21T08:05:11.832206
0PU36,VILLANOVA,41.654167,15.586667,2026-05-21 07:30:00,ws_2m_hourly,5.9,m/s,2026-05-21T08:05:11.832203
0PU37,TROIA,41.336388,15.382778,2026-05-21 07:30:00,precip_10min_interval,0.0,mm,2026-05-21T08:05:06.144427
0PU37,TROIA,41.336388,15.382778,2026-05-21 07:30:00,ws_10m_hourly,4.4,m/s,2026-05-21T08:05:11.832336
0PU37,TROIA,41.336388,15.382778,2026-05-21 07:30:00,ws_2m_hourly,3.4,m/s,2026-05-21T08:05:11.832333
0PU38,BORGO LA ROCCA,41.558334,15.516111,2026-05-21 07:30:00,precip_10min_interval,0.0,mm,2026-05-21T08:05:06.144501
0PU38,BORGO LA ROCCA,41.558334,15.516111,2026-05-21 07:30:00,ws_10m_hourly,6.1,m/s,2026-05-21T08:05:11.832470
0PU38,BORGO LA ROCCA,41.558334,15.516111,2026-05-21 07:30:00,ws_2m_hourly,4.1,m/s,2026-05-21T08:05:11.832467
0PU40,ARCHE,40.273888,18.013611,2026-05-21 07:30:00,precip_10min_interval,0.0,mm,2026-05-21T08:05:06.144572
0PU40,ARCHE,40.273888,18.013611,2026-05-21 07:30:00,ws_10m_hourly,5.3,m/s,2026-05-21T08:05:11.832609
0PU40,ARCHE,40.273888,18.013611,2026-05-21 07:30:00,ws_2m_hourly,2.3,m/s,2026-05-21T08:05:11.832606
0PU41,LECCE,40.326668,18.139999,2026-05-21 07:30:00,precip_10min_interval,0.0,mm,2026-05-21T08:05:06.144635
0PU41,LECCE,40.326668,18.139999,2026-05-21 07:30:00,ws_10m_hourly,3.5,m/s,2026-05-21T08:05:11.832743
0PU41,LECCE,40.326668,18.139999,2026-05-21 07:30:00,ws_2m_hourly,2.6,m/s,2026-05-21T08:05:11.832740
0PU42,SALICE SALENTINO,40.390556,17.875278,2026-05-21 07:30:00,precip_10min_interval,0.0,mm,2026-05-21T08:05:06.144702
0PU42,SALICE SALENTINO,40.390556,17.875278,2026-05-21 07:30:00,ws_10m_hourly,6.0,m/s,2026-05-21T08:05:11.832880
0PU42,SALICE SALENTINO,40.390556,17.875278,2026-05-21 07:30:00,ws_2m_hourly,4.1,m/s,2026-05-21T08:05:11.832875
0PU43,LUCUGNANO,39.930279,18.3225,2026-05-21 07:30:00,precip_10min_interval,0.0,mm,2026-05-21T08:05:06.144767
0PU43,LUCUGNANO,39.930279,18.3225,2026-05-21 07:30:00,ws_10m_hourly,4.8,m/s,2026-05-21T08:05:11.833022
0PU43,LUCUGNANO,39.930279,18.3225,2026-05-21 07:30:00,ws_2m_hourly,2.6,m/s,2026-05-21T08:05:11.833014
0PU44,MANDURIA,40.381943,17.621111,2026-05-21 07:30:00,precip_10min_interval,0.0,mm,2026-05-21T08:05:06.144831
0PU44,MANDURIA,40.381943,17.621111,2026-05-21 07:30:00,ws_10m_hourly,6.6,m/s,2026-05-21T08:05:11.833150
0PU44,MANDURIA,40.381943,17.621111,2026-05-21 07:30:00,ws_2m_hourly,4.9,m/s,2026-05-21T08:05:11.833145
0PU45,MOTTOLA,40.675556,16.996111,2026-05-21 07:30:00,precip_10min_interval,0.0,mm,2026-05-21T08:05:06.144898
0PU45,MOTTOLA,40.675556,16.996111,2026-05-21 07:30:00,ws_10m_hourly,5.8,m/s,2026-05-21T08:05:11.833284
0PU45,MOTTOLA,40.675556,16.996111,2026-05-21 07:30:00,ws_2m_hourly,3.1,m/s,2026-05-21T08:05:11.833279
0PU46,MASSAFRA,40.582779,17.091944,2026-05-21 07:30:00,precip_10min_interval,0.0,mm,2026-05-21T08:05:06.144973
0PU46,MASSAFRA,40.582779,17.091944,2026-05-21 07:30:00,ws_10m_hourly,5.9,m/s,2026-05-21T08:05:11.833414
0PU46,MASSAFRA,40.582779,17.091944,2026-05-21 07:30:00,ws_2m_hourly,3.7,m/s,2026-05-21T08:05:11.833411
0PU47,CASTELLANETA,40.494446,16.878889,2026-05-21 07:30:00,precip_10min_interval,0.0,mm,2026-05-21T08:05:06.145038
0PU47,CASTELLANETA,40.494446,16.878889,2026-05-21 07:30:00,ws_10m_hourly,4.6,m/s,2026-05-21T08:05:11.833539
0PU47,CASTELLANETA,40.494446,16.878889,2026-05-21 07:30:00,ws_2m_hourly,2.1,m/s,2026-05-21T08:05:11.833536
0PU48,BARI C.N.R. IRSA,41.116943,16.820557,2026-05-21 07:30:00,precip_10min_interval,0.0,mm,2026-05-21T08:05:06.145100
0PU48,BARI C.N.R. IRSA,41.116943,16.820557,2026-05-21 07:30:00,ws_10m_hourly,3.9,m/s,2026-05-21T08:05:11.833664
0PU48,BARI C.N.R. IRSA,41.116943,16.820557,2026-05-21 07:30:00,ws_2m_hourly,2.5,m/s,2026-05-21T08:05:11.833661
0PU49,LOCOROTONDO ITAS,40.757221,17.340834,2026-05-21 07:30:00,precip_10min_interval,0.0,mm,2026-05-21T08:05:06.145161
0PU49,LOCOROTONDO ITAS,40.757221,17.340834,2026-05-21 07:30:00,ws_10m_hourly,4.8,m/s,2026-05-21T08:05:11.833795
0PU49,LOCOROTONDO ITAS,40.757221,17.340834,2026-05-21 07:30:00,ws_2m_hourly,3.0,m/s,2026-05-21T08:05:11.833792
0PU53,TORITTO,40.957222,16.567223,2026-05-21 07:30:00,precip_10min_interval,0.0,mm,2026-05-21T08:05:06.145232
0PU53,TORITTO,40.957222,16.567223,2026-05-21 07:30:00,ws_10m_hourly,6.8,m/s,2026-05-21T08:05:11.833947
0PU53,TORITTO,40.957222,16.567223,2026-05-21 07:30:00,ws_2m_hourly,5.7,m/s,2026-05-21T08:05:11.833935
0PU54,TORRE SANTA SUSANNA,40.459442,17.724722,2026-05-21 07:30:00,precip_10min_interval,0.0,mm,2026-05-21T08:05:06.145293
0PU54,TORRE SANTA SUSANNA,40.459442,17.724722,2026-05-21 07:30:00,ws_10m_hourly,5.9,m/s,2026-05-21T08:05:11.834083
0PU54,TORRE SANTA SUSANNA,40.459442,17.724722,2026-05-21 07:30:00,ws_2m_hourly,1.0,m/s,2026-05-21T08:05:11.834080
0PU55,LESINA-RIPALTA,41.8475,15.266111,2026-05-21 07:30:00,precip_10min_interval,0.0,mm,2026-05-21T08:05:06.145365
0PU55,LESINA-RIPALTA,41.8475,15.266111,2026-05-21 07:30:00,ws_10m_hourly,6.6,m/s,2026-05-21T08:05:11.834216
0PU55,LESINA-RIPALTA,41.8475,15.266111,2026-05-21 07:30:00,ws_2m_hourly,4.6,m/s,2026-05-21T08:05:11.834213
0PU56,CARLANTINO,41.588333,14.983611,2026-05-21 07:30:00,precip_10min_interval,0.0,mm,2026-05-21T08:05:06.145429
0PU56,CARLANTINO,41.588333,14.983611,2026-05-21 07:30:00,ws_10m_hourly,5.6,m/s,2026-05-21T08:05:11.834349
0PU56,CARLANTINO,41.588333,14.983611,2026-05-21 07:30:00,ws_2m_hourly,4.2,m/s,2026-05-21T08:05:11.834346
0PU57,SANT'AGATA DI PUGLIA,41.150276,15.46,2026-05-21 07:30:00,precip_10min_interval,0.0,mm,2026-05-21T08:05:06.145495
0PU57,SANT'AGATA DI PUGLIA,41.150276,15.46,2026-05-21 07:30:00,ws_10m_hourly,4.8,m/s,2026-05-21T08:05:11.834489
0PU57,SANT'AGATA DI PUGLIA,41.150276,15.46,2026-05-21 07:30:00,ws_2m_hourly,3.0,m/s,2026-05-21T08:05:11.834485
0PU58,GINOSA,40.556389,16.843611,2026-05-21 07:30:00,precip_10min_interval,0.0,mm,2026-05-21T08:05:06.145562
0PU58,GINOSA,40.556389,16.843611,2026-05-21 07:30:00,ws_10m_hourly,5.4,m/s,2026-05-21T08:05:11.834628
0PU58,GINOSA,40.556389,16.843611,2026-05-21 07:30:00,ws_2m_hourly,3.9,m/s,2026-05-21T08:05:11.834625
0PU59,PALAGIANELLO,40.578335,16.975279,2026-05-21 07:30:00,precip_10min_interval,0.0,mm,2026-05-21T08:05:06.145633
0PU59,PALAGIANELLO,40.578335,16.975279,2026-05-21 07:30:00,ws_10m_hourly,6.3,m/s,2026-05-21T08:05:11.834765
0PU59,PALAGIANELLO,40.578335,16.975279,2026-05-21 07:30:00,ws_2m_hourly,4.3,m/s,2026-05-21T08:05:11.834762
0PU60,MINERVINO DI LECCE,40.093613,18.418612,2026-05-21 07:30:00,precip_10min_interval,0.0,mm,2026-05-21T08:05:06.145700
0PU60,MINERVINO DI LECCE,40.093613,18.418612,2026-05-21 07:30:00,ws_10m_hourly,6.0,m/s,2026-05-21T08:05:11.834903
0PU60,MINERVINO DI LECCE,40.093613,18.418612,2026-05-21 07:30:00,ws_2m_hourly,3.9,m/s,2026-05-21T08:05:11.834900
0PU61,NARDO',40.171391,17.976389,2026-05-21 07:30:00,precip_10min_interval,0.0,mm,2026-05-21T08:05:06.145769
0PU61,NARDO',40.171391,17.976389,2026-05-21 07:30:00,ws_10m_hourly,6.0,m/s,2026-05-21T08:05:11.835050
0PU61,NARDO',40.171391,17.976389,2026-05-21 07:30:00,ws_2m_hourly,2.2,m/s,2026-05-21T08:05:11.835047
MBA20,IPSAA,41.22139,16.049723,2026-05-21 07:30:00,precip_10min_interval,0.0,mm,2026-05-21T08:05:06.145837
MBA20,IPSAA,41.22139,16.049723,2026-05-21 07:30:00,ws_2m_hourly,1.9,m/s,2026-05-21T08:05:11.835138
MBA21,MONTEGROSSO,41.132778,16.185833,2026-05-21 07:30:00,precip_10min_interval,0.0,mm,2026-05-21T08:05:06.145906
MBA21,MONTEGROSSO,41.132778,16.185833,2026-05-21 07:30:00,ws_2m_hourly,2.2,m/s,2026-05-21T08:05:11.835207
MBA22,S.P. SANTERAMO,40.80611,16.591389,2026-05-21 07:30:00,precip_10min_interval,0.0,mm,2026-05-21T08:05:06.145984
MBA22,S.P. SANTERAMO,40.80611,16.591389,2026-05-21 07:30:00,ws_2m_hourly,4.2,m/s,2026-05-21T08:05:11.835273
MBA24,CASSANO DELLE MURGE,40.918888,16.78861,2026-05-21 07:30:00,precip_10min_interval,0.0,mm,2026-05-21T08:05:06.146058
MBA24,CASSANO DELLE MURGE,40.918888,16.78861,2026-05-21 07:30:00,ws_2m_hourly,3.7,m/s,2026-05-21T08:05:11.835345
MBA25,SANTERAMO IN COLLE,40.78611,16.775833,2026-05-21 07:30:00,precip_10min_interval,0.0,mm,2026-05-21T08:05:06.146125
MBA25,SANTERAMO IN COLLE,40.78611,16.775833,2026-05-21 07:30:00,ws_2m_hourly,4.0,m/s,2026-05-21T08:05:11.835409
MBA26,CAMPO SPER. UNIBA,41.023609,16.906389,2026-05-21 07:30:00,precip_10min_interval,0.0,mm,2026-05-21T08:05:06.146194
MBA26,CAMPO SPER. UNIBA,41.023609,16.906389,2026-05-21 07:30:00,ws_2m_hourly,2.2,m/s,2026-05-21T08:05:11.835482
MBA27,SERRONE(AZ.AGR.MANCINI),40.921391,16.947222,2026-05-21 07:30:00,precip_10min_interval,0.0,mm,2026-05-21T08:05:06.146265
MBA27,SERRONE(AZ.AGR.MANCINI),40.921391,16.947222,2026-05-21 07:30:00,ws_2m_hourly,3.1,m/s,2026-05-21T08:05:11.835553
MBA28,MURGIA ANTICI,40.715557,17.106667,2026-05-21 07:30:00,precip_10min_interval,0.0,mm,2026-05-21T08:05:06.146334
MBA28,MURGIA ANTICI,40.715557,17.106667,2026-05-21 07:30:00,ws_2m_hourly,4.1,m/s,2026-05-21T08:05:11.835622
MBA29,LAMENDOLA I,40.812222,17.164167,2026-05-21 07:30:00,precip_10min_interval,0.0,mm,2026-05-21T08:05:06.146402
MBA29,LAMENDOLA I,40.812222,17.164167,2026-05-21 07:30:00,ws_2m_hourly,4.9,m/s,2026-05-21T08:05:11.835692
MBR30,FASCIANELLO,40.860279,17.364166,2026-05-21 07:30:00,precip_10min_interval,0.0,mm,2026-05-21T08:05:06.146473
MBR30,FASCIANELLO,40.860279,17.364166,2026-05-21 07:30:00,ws_2m_hourly,4.0,m/s,2026-05-21T08:05:11.835763
MBR31,FERRUZZO,40.62389,17.497499,2026-05-21 07:30:00,precip_10min_interval,0.0,mm,2026-05-21T08:05:06.146543
MBR31,FERRUZZO,40.62389,17.497499,2026-05-21 07:30:00,ws_2m_hourly,2.5,m/s,2026-05-21T08:05:11.835830
MFG01,S. LUCIA,41.470554,15.363889,2026-05-21 07:30:00,precip_10min_interval,0.0,mm,2026-05-21T08:05:06.146609
MFG01,S. LUCIA,41.470554,15.363889,2026-05-21 07:30:00,ws_2m_hourly,2.4,m/s,2026-05-21T08:05:11.835900
MFG02,SERRA DEI BISI,41.347778,15.282778,2026-05-21 07:30:00,precip_10min_interval,0.0,mm,2026-05-21T08:05:06.146680
MFG02,SERRA DEI BISI,41.347778,15.282778,2026-05-21 07:30:00,ws_2m_hourly,2.2,m/s,2026-05-21T08:05:11.835979
MFG03,LA PESCIA,41.40889,15.756667,2026-05-21 07:30:00,precip_10min_interval,0.0,mm,2026-05-21T08:05:06.146750
MFG03,LA PESCIA,41.40889,15.756667,2026-05-21 07:30:00,ws_2m_hourly,3.4,m/s,2026-05-21T08:05:11.836049
MFG04,TRE SANTI,41.393612,15.848056,2026-05-21 07:30:00,precip_10min_interval,0.0,mm,2026-05-21T08:05:06.146817
MFG04,TRE SANTI,41.393612,15.848056,2026-05-21 07:30:00,ws_2m_hourly,3.4,m/s,2026-05-21T08:05:11.836122
MFG05,RIVOLI,41.470833,15.929444,2026-05-21 07:30:00,precip_10min_interval,0.0,mm,2026-05-21T08:05:06.146896
MFG05,RIVOLI,41.470833,15.929444,2026-05-21 07:30:00,ws_2m_hourly,3.1,m/s,2026-05-21T08:05:11.836196
MFG06,TAVOLETTA,41.194168,15.932222,2026-05-21 07:30:00,precip_10min_interval,0.0,mm,2026-05-21T08:05:06.146974
MFG06,TAVOLETTA,41.194168,15.932222,2026-05-21 07:30:00,ws_2m_hourly,5.0,m/s,2026-05-21T08:05:11.836261
MFG07,COPPA D'ORO,41.421665,15.606944,2026-05-21 07:30:00,precip_10min_interval,0.0,mm,2026-05-21T08:05:06.147047
MFG07,COPPA D'ORO,41.421665,15.606944,2026-05-21 07:30:00,ws_2m_hourly,4.6,m/s,2026-05-21T08:05:11.836334
MFG09,ARIOLA,41.8325,15.859722,2026-05-21 07:30:00,precip_10min_interval,0.0,mm,2026-05-21T08:05:06.147117
MFG09,ARIOLA,41.8325,15.859722,2026-05-21 07:30:00,ws_2m_hourly,0.4,m/s,2026-05-21T08:05:11.836401
MFG10,MATINE CARNE SALATA,41.651943,15.706389,2026-05-21 07:30:00,precip_10min_interval,0.0,mm,2026-05-21T08:05:06.147189
MFG10,MATINE CARNE SALATA,41.651943,15.706389,2026-05-21 07:30:00,ws_2m_hourly,2.5,m/s,2026-05-21T08:05:11.836477
MFG11,SELVA DELLE GROTTE,41.714722,15.148056,2026-05-21 07:30:00,precip_10min_interval,0.0,mm,2026-05-21T08:05:06.147256
MFG11,SELVA DELLE GROTTE,41.714722,15.148056,2026-05-21 07:30:00,ws_2m_hourly,1.4,m/s,2026-05-21T08:05:11.836548
MFG13,BISCIGLIETO,41.142502,15.662778,2026-05-21 07:30:00,precip_10min_interval,0.0,mm,2026-05-21T08:05:06.147329
MFG13,BISCIGLIETO,41.142502,15.662778,2026-05-21 07:30:00,ws_2m_hourly,5.7,m/s,2026-05-21T08:05:11.836617
MFG14,S. LUCIA,41.922779,15.874722,2026-05-21 07:30:00,precip_10min_interval,0.0,mm,2026-05-21T08:05:06.147391
MFG14,S. LUCIA,41.922779,15.874722,2026-05-21 07:30:00,ws_2m_hourly,1.2,m/s,2026-05-21T08:05:11.836685
MFG15,CASA LORDA,41.62389,15.403056,2026-05-21 07:30:00,precip_10min_interval,0.0,mm,2026-05-21T08:05:06.147464
MFG15,CASA LORDA,41.62389,15.403056,2026-05-21 07:30:00,ws_2m_hourly,1.6,m/s,2026-05-21T08:05:11.836754
MFG16,QUERCIA COPPE,41.693054,15.756944,2026-05-21 07:30:00,precip_10min_interval,0.0,mm,2026-05-21T08:05:06.147534
MFG16,QUERCIA COPPE,41.693054,15.756944,2026-05-21 07:30:00,ws_2m_hourly,4.5,m/s,2026-05-21T08:05:11.836823
MFG17,CARRO CHIUSO,41.284168,16.077223,2026-05-21 07:30:00,precip_10min_interval,0.0,mm,2026-05-21T08:05:06.147609
MFG17,CARRO CHIUSO,41.284168,16.077223,2026-05-21 07:30:00,ws_2m_hourly,1.6,m/s,2026-05-21T08:05:11.836900
MFG18,VIESTE,41.901669,16.080557,2026-05-21 07:30:00,precip_10min_interval,0.0,mm,2026-05-21T08:05:06.147679
MFG18,VIESTE,41.901669,16.080557,2026-05-21 07:30:00,ws_2m_hourly,2.3,m/s,2026-05-21T08:05:11.836975
MFG19,FOGGIA MONTEROZZI,41.521111,15.591944,2026-05-21 07:30:00,precip_10min_interval,0.0,mm,2026-05-21T08:05:06.147751
MFG19,FOGGIA MONTEROZZI,41.521111,15.591944,2026-05-21 07:30:00,ws_2m_hourly,3.4,m/s,2026-05-21T08:05:11.837045
MLE34,BARBARO,39.980831,18.1525,2026-05-21 07:30:00,precip_10min_interval,0.0,mm,2026-05-21T08:05:06.147819
MLE34,BARBARO,39.980831,18.1525,2026-05-21 07:30:00,ws_2m_hourly,4.2,m/s,2026-05-21T08:05:11.837113
MLE35,MALOPRA,40.225555,18.299168,2026-05-21 07:30:00,precip_10min_interval,0.0,mm,2026-05-21T08:05:06.147888
MLE35,MALOPRA,40.225555,18.299168,2026-05-21 07:30:00,ws_2m_hourly,3.6,m/s,2026-05-21T08:05:11.837186
MTA32,MARTINA FRANCA,40.634724,17.277779,2026-05-21 07:30:00,precip_10min_interval,0.0,mm,2026-05-21T08:05:06.147969
MTA32,MARTINA FRANCA,40.634724,17.277779,2026-05-21 07:30:00,ws_2m_hourly,1.7,m/s,2026-05-21T08:05:11.837257
0PU01,GUROLAMANNA,40.916111,16.447779,2026-05-21 07:40:00,precip_10min_interval,0.0,mm,2026-05-21T08:05:06.142672
0PU01,GUROLAMANNA,40.916111,16.447779,2026-05-21 07:40:00,ws_10m_hourly,7.3,m/s,2026-05-21T08:05:11.828688
0PU01,GUROLAMANNA,40.916111,16.447779,2026-05-21 07:40:00,ws_2m_hourly,5.1,m/s,2026-05-21T08:05:11.828684
0PU03,LIMELLI D'IMPERATORE,40.883057,16.3125,2026-05-21 07:40:00,precip_10min_interval,0.0,mm,2026-05-21T08:05:06.142739
0PU03,LIMELLI D'IMPERATORE,40.883057,16.3125,2026-05-21 07:40:00,ws_10m_hourly,6.2,m/s,2026-05-21T08:05:11.828824
0PU03,LIMELLI D'IMPERATORE,40.883057,16.3125,2026-05-21 07:40:00,ws_2m_hourly,3.8,m/s,2026-05-21T08:05:11.828821
0PU04,OTTAVA SEDICI,40.7925,17.481943,2026-05-21 07:40:00,precip_10min_interval,0.0,mm,2026-05-21T08:05:06.142806
0PU04,OTTAVA SEDICI,40.7925,17.481943,2026-05-21 07:40:00,ws_10m_hourly,4.4,m/s,2026-05-21T08:05:11.828978
0PU04,OTTAVA SEDICI,40.7925,17.481943,2026-05-21 07:40:00,ws_2m_hourly,1.7,m/s,2026-05-21T08:05:11.828974
0PU06,MAINE,40.543056,18.032223,2026-05-21 07:40:00,precip_10min_interval,0.0,mm,2026-05-21T08:05:06.142868
0PU06,MAINE,40.543056,18.032223,2026-05-21 07:40:00,ws_10m_hourly,4.3,m/s,2026-05-21T08:05:11.829105
0PU06,MAINE,40.543056,18.032223,2026-05-21 07:40:00,ws_2m_hourly,1.2,m/s,2026-05-21T08:05:11.829101
0PU07,TRIONFO,41.347221,15.744167,2026-05-21 07:40:00,precip_10min_interval,0.0,mm,2026-05-21T08:05:06.142937
0PU07,TRIONFO,41.347221,15.744167,2026-05-21 07:40:00,ws_10m_hourly,5.9,m/s,2026-05-21T08:05:11.829234
0PU07,TRIONFO,41.347221,15.744167,2026-05-21 07:40:00,ws_2m_hourly,0.9,m/s,2026-05-21T08:05:11.829231
0PU08,TORRETTA,41.542221,15.173889,2026-05-21 07:40:00,precip_10min_interval,0.0,mm,2026-05-21T08:05:06.143026
0PU08,TORRETTA,41.542221,15.173889,2026-05-21 07:40:00,ws_10m_hourly,5.0,m/s,2026-05-21T08:05:11.829361
0PU08,TORRETTA,41.542221,15.173889,2026-05-21 07:40:00,ws_2m_hourly,0.0,m/s,2026-05-21T08:05:11.829357
0PU10,FRASSANITO,40.237221,18.441389,2026-05-21 07:40:00,precip_10min_interval,0.0,mm,2026-05-21T08:05:06.143091
0PU10,FRASSANITO,40.237221,18.441389,2026-05-21 07:40:00,ws_10m_hourly,6.0,m/s,2026-05-21T08:05:11.829488
0PU10,FRASSANITO,40.237221,18.441389,2026-05-21 07:40:00,ws_2m_hourly,3.3,m/s,2026-05-21T08:05:11.829482
0PU11,BADESSA,40.470554,18.097221,2026-05-21 07:40:00,precip_10min_interval,0.0,mm,2026-05-21T08:05:06.143157
0PU11,BADESSA,40.470554,18.097221,2026-05-21 07:40:00,ws_10m_hourly,7.1,m/s,2026-05-21T08:05:11.829614
0PU11,BADESSA,40.470554,18.097221,2026-05-21 07:40:00,ws_2m_hourly,4.2,m/s,2026-05-21T08:05:11.829610
0PU12,CONTE,39.981945,18.067499,2026-05-21 07:40:00,precip_10min_interval,0.0,mm,2026-05-21T08:05:06.143223
0PU12,CONTE,39.981945,18.067499,2026-05-21 07:40:00,ws_10m_hourly,4.7,m/s,2026-05-21T08:05:11.829744
0PU12,CONTE,39.981945,18.067499,2026-05-21 07:40:00,ws_2m_hourly,1.0,m/s,2026-05-21T08:05:11.829740
0PU13,TORRICELLA,40.343334,17.487778,2026-05-21 07:40:00,precip_10min_interval,0.0,mm,2026-05-21T08:05:06.143284
0PU13,TORRICELLA,40.343334,17.487778,2026-05-21 07:40:00,ws_10m_hourly,6.7,m/s,2026-05-21T08:05:11.829872
0PU13,TORRICELLA,40.343334,17.487778,2026-05-21 07:40:00,ws_2m_hourly,3.7,m/s,2026-05-21T08:05:11.829869
0PU14,TAFURI,40.680832,16.867779,2026-05-21 07:40:00,precip_10min_interval,0.0,mm,2026-05-21T08:05:06.143351
0PU14,TAFURI,40.680832,16.867779,2026-05-21 07:40:00,ws_10m_hourly,7.5,m/s,2026-05-21T08:05:11.830016
0PU14,TAFURI,40.680832,16.867779,2026-05-21 07:40:00,ws_2m_hourly,4.1,m/s,2026-05-21T08:05:11.830013
0PU16,ANDRIA,41.202221,16.201944,2026-05-21 07:40:00,precip_10min_interval,0.0,mm,2026-05-21T08:05:06.143412
0PU16,ANDRIA,41.202221,16.201944,2026-05-21 07:40:00,ws_10m_hourly,3.4,m/s,2026-05-21T08:05:11.830144
0PU16,ANDRIA,41.202221,16.201944,2026-05-21 07:40:00,ws_2m_hourly,1.0,m/s,2026-05-21T08:05:11.830141
0PU17,OSTUNI-SAROLO,40.688332,17.413889,2026-05-21 07:40:00,precip_10min_interval,0.0,mm,2026-05-21T08:05:06.143481
0PU17,OSTUNI-SAROLO,40.688332,17.413889,2026-05-21 07:40:00,ws_10m_hourly,4.9,m/s,2026-05-21T08:05:11.830271
0PU17,OSTUNI-SAROLO,40.688332,17.413889,2026-05-21 07:40:00,ws_2m_hourly,2.5,m/s,2026-05-21T08:05:11.830268
0PU18,MONOPOLI,40.919445,17.294443,2026-05-21 07:40:00,precip_10min_interval,0.0,mm,2026-05-21T08:05:06.143544
0PU18,MONOPOLI,40.919445,17.294443,2026-05-21 07:40:00,ws_10m_hourly,4.1,m/s,2026-05-21T08:05:11.830395
0PU18,MONOPOLI,40.919445,17.294443,2026-05-21 07:40:00,ws_2m_hourly,2.6,m/s,2026-05-21T08:05:11.830392
0PU19,TERLIZZI,41.120834,16.549168,2026-05-21 07:40:00,precip_10min_interval,0.0,mm,2026-05-21T08:05:06.143605
0PU19,TERLIZZI,41.120834,16.549168,2026-05-21 07:40:00,ws_10m_hourly,1.7,m/s,2026-05-21T08:05:11.830526
0PU19,TERLIZZI,41.120834,16.549168,2026-05-21 07:40:00,ws_2m_hourly,0.2,m/s,2026-05-21T08:05:11.830521
0PU20,VILLA CASTELLI,40.553055,17.504444,2026-05-21 07:40:00,precip_10min_interval,0.0,mm,2026-05-21T08:05:06.143670
0PU20,VILLA CASTELLI,40.553055,17.504444,2026-05-21 07:40:00,ws_10m_hourly,5.9,m/s,2026-05-21T08:05:11.830654
0PU20,VILLA CASTELLI,40.553055,17.504444,2026-05-21 07:40:00,ws_2m_hourly,3.4,m/s,2026-05-21T08:05:11.830651
0PU21,CAROVIGNO,40.691944,17.630278,2026-05-21 07:40:00,precip_10min_interval,0.0,mm,2026-05-21T08:05:06.143729
0PU21,CAROVIGNO,40.691944,17.630278,2026-05-21 07:40:00,ws_10m_hourly,4.1,m/s,2026-05-21T08:05:11.830788
0PU21,CAROVIGNO,40.691944,17.630278,2026-05-21 07:40:00,ws_2m_hourly,1.2,m/s,2026-05-21T08:05:11.830784
0PU22,APRICENA,41.773335,15.438611,2026-05-21 07:40:00,precip_10min_interval,0.0,mm,2026-05-21T08:05:06.143798
0PU22,APRICENA,41.773335,15.438611,2026-05-21 07:40:00,ws_10m_hourly,4.7,m/s,2026-05-21T08:05:11.830918
0PU22,APRICENA,41.773335,15.438611,2026-05-21 07:40:00,ws_2m_hourly,1.0,m/s,2026-05-21T08:05:11.830915
0PU23,MANFREDONIA,41.541389,15.885833,2026-05-21 07:40:00,precip_10min_interval,0.0,mm,2026-05-21T08:05:06.143860
0PU23,MANFREDONIA,41.541389,15.885833,2026-05-21 07:40:00,ws_10m_hourly,5.1,m/s,2026-05-21T08:05:11.831056
0PU23,MANFREDONIA,41.541389,15.885833,2026-05-21 07:40:00,ws_2m_hourly,2.3,m/s,2026-05-21T08:05:11.831053
0PU25,NOCIGLIA,40.034443,18.313057,2026-05-21 07:40:00,precip_10min_interval,0.0,mm,2026-05-21T08:05:06.143923
0PU25,NOCIGLIA,40.034443,18.313057,2026-05-21 07:40:00,ws_10m_hourly,6.2,m/s,2026-05-21T08:05:11.831183
0PU25,NOCIGLIA,40.034443,18.313057,2026-05-21 07:40:00,ws_2m_hourly,3.3,m/s,2026-05-21T08:05:11.831180
0PU27,GROTTAGLIE,40.53389,17.362778,2026-05-21 07:40:00,ws_10m_hourly,4.2,m/s,2026-05-21T08:05:11.831318
0PU27,GROTTAGLIE,40.53389,17.362778,2026-05-21 07:40:00,ws_2m_hourly,2.7,m/s,2026-05-21T08:05:11.831315
0PU28,TRANI,41.247501,16.415556,2026-05-21 07:40:00,precip_10min_interval,0.0,mm,2026-05-21T08:05:06.143998
0PU28,TRANI,41.247501,16.415556,2026-05-21 07:40:00,ws_10m_hourly,4.2,m/s,2026-05-21T08:05:11.831436
0PU28,TRANI,41.247501,16.415556,2026-05-21 07:40:00,ws_2m_hourly,2.9,m/s,2026-05-21T08:05:11.831433
0PU30,NOICATTARO,41.021942,16.967777,2026-05-21 07:40:00,precip_10min_interval,0.0,mm,2026-05-21T08:05:06.144059
0PU30,NOICATTARO,41.021942,16.967777,2026-05-21 07:40:00,ws_10m_hourly,3.6,m/s,2026-05-21T08:05:11.831564
0PU30,NOICATTARO,41.021942,16.967777,2026-05-21 07:40:00,ws_2m_hourly,2.3,m/s,2026-05-21T08:05:11.831561
0PU31,ALBEROBELLO,40.790558,17.233334,2026-05-21 07:40:00,precip_10min_interval,0.0,mm,2026-05-21T08:05:06.144122
0PU31,ALBEROBELLO,40.790558,17.233334,2026-05-21 07:40:00,ws_10m_hourly,5.5,m/s,2026-05-21T08:05:11.831693
0PU31,ALBEROBELLO,40.790558,17.233334,2026-05-21 07:40:00,ws_2m_hourly,3.0,m/s,2026-05-21T08:05:11.831690
0PU33,MOCCARI,40.558334,17.851667,2026-05-21 07:40:00,precip_10min_interval,0.0,mm,2026-05-21T08:05:06.144185
0PU33,MOCCARI,40.558334,17.851667,2026-05-21 07:40:00,ws_10m_hourly,6.7,m/s,2026-05-21T08:05:11.831825
0PU33,MOCCARI,40.558334,17.851667,2026-05-21 07:40:00,ws_2m_hourly,4.4,m/s,2026-05-21T08:05:11.831823
0PU34,LATIANO,40.548332,17.688057,2026-05-21 07:40:00,precip_10min_interval,0.0,mm,2026-05-21T08:05:06.144246
0PU34,LATIANO,40.548332,17.688057,2026-05-21 07:40:00,ws_10m_hourly,4.0,m/s,2026-05-21T08:05:11.831961
0PU34,LATIANO,40.548332,17.688057,2026-05-21 07:40:00,ws_2m_hourly,2.8,m/s,2026-05-21T08:05:11.831958
0PU35,SAN VITO DEI NORMANNI,40.629166,17.73361,2026-05-21 07:40:00,precip_10min_interval,0.0,mm,2026-05-21T08:05:06.144308
0PU35,SAN VITO DEI NORMANNI,40.629166,17.73361,2026-05-21 07:40:00,ws_10m_hourly,7.1,m/s,2026-05-21T08:05:11.832087
0PU35,SAN VITO DEI NORMANNI,40.629166,17.73361,2026-05-21 07:40:00,ws_2m_hourly,4.7,m/s,2026-05-21T08:05:11.832084
0PU36,VILLANOVA,41.654167,15.586667,2026-05-21 07:40:00,precip_10min_interval,0.0,mm,2026-05-21T08:05:06.144369
0PU36,VILLANOVA,41.654167,15.586667,2026-05-21 07:40:00,ws_10m_hourly,9.8,m/s,2026-05-21T08:05:11.832215
0PU36,VILLANOVA,41.654167,15.586667,2026-05-21 07:40:00,ws_2m_hourly,5.4,m/s,2026-05-21T08:05:11.832212
0PU37,TROIA,41.336388,15.382778,2026-05-21 07:40:00,precip_10min_interval,0.0,mm,2026-05-21T08:05:06.144430
0PU37,TROIA,41.336388,15.382778,2026-05-21 07:40:00,ws_10m_hourly,5.6,m/s,2026-05-21T08:05:11.832344
0PU37,TROIA,41.336388,15.382778,2026-05-21 07:40:00,ws_2m_hourly,4.7,m/s,2026-05-21T08:05:11.832341
0PU38,BORGO LA ROCCA,41.558334,15.516111,2026-05-21 07:40:00,precip_10min_interval,0.0,mm,2026-05-21T08:05:06.144504
0PU38,BORGO LA ROCCA,41.558334,15.516111,2026-05-21 07:40:00,ws_10m_hourly,6.5,m/s,2026-05-21T08:05:11.832479
0PU38,BORGO LA ROCCA,41.558334,15.516111,2026-05-21 07:40:00,ws_2m_hourly,4.4,m/s,2026-05-21T08:05:11.832475
0PU40,ARCHE,40.273888,18.013611,2026-05-21 07:40:00,precip_10min_interval,0.0,mm,2026-05-21T08:05:06.144575
0PU40,ARCHE,40.273888,18.013611,2026-05-21 07:40:00,ws_10m_hourly,5.4,m/s,2026-05-21T08:05:11.832618
0PU40,ARCHE,40.273888,18.013611,2026-05-21 07:40:00,ws_2m_hourly,2.3,m/s,2026-05-21T08:05:11.832614
0PU41,LECCE,40.326668,18.139999,2026-05-21 07:40:00,precip_10min_interval,0.0,mm,2026-05-21T08:05:06.144638
0PU41,LECCE,40.326668,18.139999,2026-05-21 07:40:00,ws_10m_hourly,4.6,m/s,2026-05-21T08:05:11.832751
0PU41,LECCE,40.326668,18.139999,2026-05-21 07:40:00,ws_2m_hourly,3.4,m/s,2026-05-21T08:05:11.832748
0PU42,SALICE SALENTINO,40.390556,17.875278,2026-05-21 07:40:00,precip_10min_interval,0.0,mm,2026-05-21T08:05:06.144705
0PU42,SALICE SALENTINO,40.390556,17.875278,2026-05-21 07:40:00,ws_10m_hourly,6.4,m/s,2026-05-21T08:05:11.832887
0PU42,SALICE SALENTINO,40.390556,17.875278,2026-05-21 07:40:00,ws_2m_hourly,4.6,m/s,2026-05-21T08:05:11.832883
0PU43,LUCUGNANO,39.930279,18.3225,2026-05-21 07:40:00,precip_10min_interval,0.0,mm,2026-05-21T08:05:06.144770
0PU43,LUCUGNANO,39.930279,18.3225,2026-05-21 07:40:00,ws_10m_hourly,5.0,m/s,2026-05-21T08:05:11.833030
0PU43,LUCUGNANO,39.930279,18.3225,2026-05-21 07:40:00,ws_2m_hourly,2.8,m/s,2026-05-21T08:05:11.833027
0PU44,MANDURIA,40.381943,17.621111,2026-05-21 07:40:00,precip_10min_interval,0.0,mm,2026-05-21T08:05:06.144834
0PU44,MANDURIA,40.381943,17.621111,2026-05-21 07:40:00,ws_10m_hourly,5.7,m/s,2026-05-21T08:05:11.833156
0PU44,MANDURIA,40.381943,17.621111,2026-05-21 07:40:00,ws_2m_hourly,4.2,m/s,2026-05-21T08:05:11.833153
0PU45,MOTTOLA,40.675556,16.996111,2026-05-21 07:40:00,precip_10min_interval,0.0,mm,2026-05-21T08:05:06.144900
0PU45,MOTTOLA,40.675556,16.996111,2026-05-21 07:40:00,ws_10m_hourly,6.1,m/s,2026-05-21T08:05:11.833290
0PU45,MOTTOLA,40.675556,16.996111,2026-05-21 07:40:00,ws_2m_hourly,3.1,m/s,2026-05-21T08:05:11.833287
0PU46,MASSAFRA,40.582779,17.091944,2026-05-21 07:40:00,precip_10min_interval,0.0,mm,2026-05-21T08:05:06.144976
0PU46,MASSAFRA,40.582779,17.091944,2026-05-21 07:40:00,ws_10m_hourly,6.0,m/s,2026-05-21T08:05:11.833423
0PU46,MASSAFRA,40.582779,17.091944,2026-05-21 07:40:00,ws_2m_hourly,3.7,m/s,2026-05-21T08:05:11.833419
0PU47,CASTELLANETA,40.494446,16.878889,2026-05-21 07:40:00,precip_10min_interval,0.0,mm,2026-05-21T08:05:06.145041
0PU47,CASTELLANETA,40.494446,16.878889,2026-05-21 07:40:00,ws_10m_hourly,5.2,m/s,2026-05-21T08:05:11.833545
0PU47,CASTELLANETA,40.494446,16.878889,2026-05-21 07:40:00,ws_2m_hourly,2.3,m/s,2026-05-21T08:05:11.833542
0PU48,BARI C.N.R. IRSA,41.116943,16.820557,2026-05-21 07:40:00,precip_10min_interval,0.0,mm,2026-05-21T08:05:06.145103
0PU48,BARI C.N.R. IRSA,41.116943,16.820557,2026-05-21 07:40:00,ws_10m_hourly,4.0,m/s,2026-05-21T08:05:11.833670
0PU48,BARI C.N.R. IRSA,41.116943,16.820557,2026-05-21 07:40:00,ws_2m_hourly,2.7,m/s,2026-05-21T08:05:11.833667
0PU49,LOCOROTONDO ITAS,40.757221,17.340834,2026-05-21 07:40:00,precip_10min_interval,0.0,mm,2026-05-21T08:05:06.145169
0PU49,LOCOROTONDO ITAS,40.757221,17.340834,2026-05-21 07:40:00,ws_10m_hourly,6.0,m/s,2026-05-21T08:05:11.833802
0PU49,LOCOROTONDO ITAS,40.757221,17.340834,2026-05-21 07:40:00,ws_2m_hourly,4.0,m/s,2026-05-21T08:05:11.833799
0PU53,TORITTO,40.957222,16.567223,2026-05-21 07:40:00,precip_10min_interval,0.0,mm,2026-05-21T08:05:06.145235
0PU53,TORITTO,40.957222,16.567223,2026-05-21 07:40:00,ws_10m_hourly,7.1,m/s,2026-05-21T08:05:11.833954
0PU53,TORITTO,40.957222,16.567223,2026-05-21 07:40:00,ws_2m_hourly,6.1,m/s,2026-05-21T08:05:11.833951
0PU54,TORRE SANTA SUSANNA,40.459442,17.724722,2026-05-21 07:40:00,precip_10min_interval,0.0,mm,2026-05-21T08:05:06.145296
0PU54,TORRE SANTA SUSANNA,40.459442,17.724722,2026-05-21 07:40:00,ws_10m_hourly,6.3,m/s,2026-05-21T08:05:11.834089
0PU54,TORRE SANTA SUSANNA,40.459442,17.724722,2026-05-21 07:40:00,ws_2m_hourly,1.3,m/s,2026-05-21T08:05:11.834086
0PU55,LESINA-RIPALTA,41.8475,15.266111,2026-05-21 07:40:00,precip_10min_interval,0.0,mm,2026-05-21T08:05:06.145368
0PU55,LESINA-RIPALTA,41.8475,15.266111,2026-05-21 07:40:00,ws_10m_hourly,5.4,m/s,2026-05-21T08:05:11.834222
0PU55,LESINA-RIPALTA,41.8475,15.266111,2026-05-21 07:40:00,ws_2m_hourly,3.6,m/s,2026-05-21T08:05:11.834219
0PU56,CARLANTINO,41.588333,14.983611,2026-05-21 07:40:00,precip_10min_interval,0.0,mm,2026-05-21T08:05:06.145433
0PU56,CARLANTINO,41.588333,14.983611,2026-05-21 07:40:00,ws_10m_hourly,5.5,m/s,2026-05-21T08:05:11.834355
0PU56,CARLANTINO,41.588333,14.983611,2026-05-21 07:40:00,ws_2m_hourly,4.3,m/s,2026-05-21T08:05:11.834352
0PU57,SANT'AGATA DI PUGLIA,41.150276,15.46,2026-05-21 07:40:00,precip_10min_interval,0.0,mm,2026-05-21T08:05:06.145498
0PU57,SANT'AGATA DI PUGLIA,41.150276,15.46,2026-05-21 07:40:00,ws_10m_hourly,4.7,m/s,2026-05-21T08:05:11.834497
0PU57,SANT'AGATA DI PUGLIA,41.150276,15.46,2026-05-21 07:40:00,ws_2m_hourly,3.0,m/s,2026-05-21T08:05:11.834494
0PU58,GINOSA,40.556389,16.843611,2026-05-21 07:40:00,precip_10min_interval,0.0,mm,2026-05-21T08:05:06.145565
0PU58,GINOSA,40.556389,16.843611,2026-05-21 07:40:00,ws_10m_hourly,5.3,m/s,2026-05-21T08:05:11.834634
0PU58,GINOSA,40.556389,16.843611,2026-05-21 07:40:00,ws_2m_hourly,3.8,m/s,2026-05-21T08:05:11.834631
0PU59,PALAGIANELLO,40.578335,16.975279,2026-05-21 07:40:00,precip_10min_interval,0.0,mm,2026-05-21T08:05:06.145636
0PU59,PALAGIANELLO,40.578335,16.975279,2026-05-21 07:40:00,ws_10m_hourly,6.6,m/s,2026-05-21T08:05:11.834770
0PU59,PALAGIANELLO,40.578335,16.975279,2026-05-21 07:40:00,ws_2m_hourly,4.5,m/s,2026-05-21T08:05:11.834768
0PU60,MINERVINO DI LECCE,40.093613,18.418612,2026-05-21 07:40:00,precip_10min_interval,0.0,mm,2026-05-21T08:05:06.145706
0PU60,MINERVINO DI LECCE,40.093613,18.418612,2026-05-21 07:40:00,ws_10m_hourly,5.7,m/s,2026-05-21T08:05:11.834911
0PU60,MINERVINO DI LECCE,40.093613,18.418612,2026-05-21 07:40:00,ws_2m_hourly,3.7,m/s,2026-05-21T08:05:11.834908
0PU61,NARDO',40.171391,17.976389,2026-05-21 07:40:00,precip_10min_interval,0.0,mm,2026-05-21T08:05:06.145772
0PU61,NARDO',40.171391,17.976389,2026-05-21 07:40:00,ws_10m_hourly,7.2,m/s,2026-05-21T08:05:11.835057
0PU61,NARDO',40.171391,17.976389,2026-05-21 07:40:00,ws_2m_hourly,2.9,m/s,2026-05-21T08:05:11.835053
MBA20,IPSAA,41.22139,16.049723,2026-05-21 07:40:00,precip_10min_interval,0.0,mm,2026-05-21T08:05:06.145840
MBA20,IPSAA,41.22139,16.049723,2026-05-21 07:40:00,ws_2m_hourly,1.4,m/s,2026-05-21T08:05:11.835141
MBA21,MONTEGROSSO,41.132778,16.185833,2026-05-21 07:40:00,precip_10min_interval,0.0,mm,2026-05-21T08:05:06.145909
MBA21,MONTEGROSSO,41.132778,16.185833,2026-05-21 07:40:00,ws_2m_hourly,2.5,m/s,2026-05-21T08:05:11.835210
MBA22,S.P. SANTERAMO,40.80611,16.591389,2026-05-21 07:40:00,precip_10min_interval,0.0,mm,2026-05-21T08:05:06.145987
MBA22,S.P. SANTERAMO,40.80611,16.591389,2026-05-21 07:40:00,ws_2m_hourly,5.1,m/s,2026-05-21T08:05:11.835276
MBA24,CASSANO DELLE MURGE,40.918888,16.78861,2026-05-21 07:40:00,precip_10min_interval,0.0,mm,2026-05-21T08:05:06.146061
MBA24,CASSANO DELLE MURGE,40.918888,16.78861,2026-05-21 07:40:00,ws_2m_hourly,4.0,m/s,2026-05-21T08:05:11.835348
MBA25,SANTERAMO IN COLLE,40.78611,16.775833,2026-05-21 07:40:00,precip_10min_interval,0.0,mm,2026-05-21T08:05:06.146128
MBA25,SANTERAMO IN COLLE,40.78611,16.775833,2026-05-21 07:40:00,ws_2m_hourly,3.5,m/s,2026-05-21T08:05:11.835414
MBA26,CAMPO SPER. UNIBA,41.023609,16.906389,2026-05-21 07:40:00,precip_10min_interval,0.0,mm,2026-05-21T08:05:06.146197
MBA26,CAMPO SPER. UNIBA,41.023609,16.906389,2026-05-21 07:40:00,ws_2m_hourly,2.2,m/s,2026-05-21T08:05:11.835485
MBA27,SERRONE(AZ.AGR.MANCINI),40.921391,16.947222,2026-05-21 07:40:00,precip_10min_interval,0.0,mm,2026-05-21T08:05:06.146268
MBA27,SERRONE(AZ.AGR.MANCINI),40.921391,16.947222,2026-05-21 07:40:00,ws_2m_hourly,3.7,m/s,2026-05-21T08:05:11.835556
MBA28,MURGIA ANTICI,40.715557,17.106667,2026-05-21 07:40:00,precip_10min_interval,0.0,mm,2026-05-21T08:05:06.146337
MBA28,MURGIA ANTICI,40.715557,17.106667,2026-05-21 07:40:00,ws_2m_hourly,4.2,m/s,2026-05-21T08:05:11.835625
MBA29,LAMENDOLA I,40.812222,17.164167,2026-05-21 07:40:00,precip_10min_interval,0.0,mm,2026-05-21T08:05:06.146405
MBA29,LAMENDOLA I,40.812222,17.164167,2026-05-21 07:40:00,ws_2m_hourly,4.9,m/s,2026-05-21T08:05:11.835695
MBR30,FASCIANELLO,40.860279,17.364166,2026-05-21 07:40:00,precip_10min_interval,0.0,mm,2026-05-21T08:05:06.146476
MBR30,FASCIANELLO,40.860279,17.364166,2026-05-21 07:40:00,ws_2m_hourly,4.4,m/s,2026-05-21T08:05:11.835766
MBR31,FERRUZZO,40.62389,17.497499,2026-05-21 07:40:00,precip_10min_interval,0.0,mm,2026-05-21T08:05:06.146546
MBR31,FERRUZZO,40.62389,17.497499,2026-05-21 07:40:00,ws_2m_hourly,3.0,m/s,2026-05-21T08:05:11.835833
MFG01,S. LUCIA,41.470554,15.363889,2026-05-21 07:40:00,precip_10min_interval,0.0,mm,2026-05-21T08:05:06.146612
MFG01,S. LUCIA,41.470554,15.363889,2026-05-21 07:40:00,ws_2m_hourly,2.8,m/s,2026-05-21T08:05:11.835903
MFG02,SERRA DEI BISI,41.347778,15.282778,2026-05-21 07:40:00,precip_10min_interval,0.0,mm,2026-05-21T08:05:06.146683
MFG02,SERRA DEI BISI,41.347778,15.282778,2026-05-21 07:40:00,ws_2m_hourly,2.5,m/s,2026-05-21T08:05:11.835982
MFG03,LA PESCIA,41.40889,15.756667,2026-05-21 07:40:00,precip_10min_interval,0.0,mm,2026-05-21T08:05:06.146752
MFG03,LA PESCIA,41.40889,15.756667,2026-05-21 07:40:00,ws_2m_hourly,3.5,m/s,2026-05-21T08:05:11.836052
MFG04,TRE SANTI,41.393612,15.848056,2026-05-21 07:40:00,precip_10min_interval,0.0,mm,2026-05-21T08:05:06.146820
MFG04,TRE SANTI,41.393612,15.848056,2026-05-21 07:40:00,ws_2m_hourly,3.2,m/s,2026-05-21T08:05:11.836126
MFG05,RIVOLI,41.470833,15.929444,2026-05-21 07:40:00,precip_10min_interval,0.0,mm,2026-05-21T08:05:06.146901
MFG05,RIVOLI,41.470833,15.929444,2026-05-21 07:40:00,ws_2m_hourly,3.5,m/s,2026-05-21T08:05:11.836199
MFG06,TAVOLETTA,41.194168,15.932222,2026-05-21 07:40:00,precip_10min_interval,0.0,mm,2026-05-21T08:05:06.146977
MFG06,TAVOLETTA,41.194168,15.932222,2026-05-21 07:40:00,ws_2m_hourly,5.4,m/s,2026-05-21T08:05:11.836267
MFG07,COPPA D'ORO,41.421665,15.606944,2026-05-21 07:40:00,precip_10min_interval,0.0,mm,2026-05-21T08:05:06.147050
MFG07,COPPA D'ORO,41.421665,15.606944,2026-05-21 07:40:00,ws_2m_hourly,4.8,m/s,2026-05-21T08:05:11.836337
MFG09,ARIOLA,41.8325,15.859722,2026-05-21 07:40:00,precip_10min_interval,0.0,mm,2026-05-21T08:05:06.147120
MFG09,ARIOLA,41.8325,15.859722,2026-05-21 07:40:00,ws_2m_hourly,0.3,m/s,2026-05-21T08:05:11.836406
MFG10,MATINE CARNE SALATA,41.651943,15.706389,2026-05-21 07:40:00,precip_10min_interval,0.0,mm,2026-05-21T08:05:06.147192
MFG10,MATINE CARNE SALATA,41.651943,15.706389,2026-05-21 07:40:00,ws_2m_hourly,2.7,m/s,2026-05-21T08:05:11.836480
MFG11,SELVA DELLE GROTTE,41.714722,15.148056,2026-05-21 07:40:00,precip_10min_interval,0.0,mm,2026-05-21T08:05:06.147259
MFG11,SELVA DELLE GROTTE,41.714722,15.148056,2026-05-21 07:40:00,ws_2m_hourly,2.6,m/s,2026-05-21T08:05:11.836551
MFG13,BISCIGLIETO,41.142502,15.662778,2026-05-21 07:40:00,precip_10min_interval,0.0,mm,2026-05-21T08:05:06.147332
MFG13,BISCIGLIETO,41.142502,15.662778,2026-05-21 07:40:00,ws_2m_hourly,5.6,m/s,2026-05-21T08:05:11.836620
MFG14,S. LUCIA,41.922779,15.874722,2026-05-21 07:40:00,precip_10min_interval,0.0,mm,2026-05-21T08:05:06.147397
MFG14,S. LUCIA,41.922779,15.874722,2026-05-21 07:40:00,ws_2m_hourly,1.3,m/s,2026-05-21T08:05:11.836688
MFG15,CASA LORDA,41.62389,15.403056,2026-05-21 07:40:00,precip_10min_interval,0.0,mm,2026-05-21T08:05:06.147467
MFG15,CASA LORDA,41.62389,15.403056,2026-05-21 07:40:00,ws_2m_hourly,2.5,m/s,2026-05-21T08:05:11.836760
MFG16,QUERCIA COPPE,41.693054,15.756944,2026-05-21 07:40:00,precip_10min_interval,0.0,mm,2026-05-21T08:05:06.147537
MFG16,QUERCIA COPPE,41.693054,15.756944,2026-05-21 07:40:00,ws_2m_hourly,4.8,m/s,2026-05-21T08:05:11.836826
MFG17,CARRO CHIUSO,41.284168,16.077223,2026-05-21 07:40:00,precip_10min_interval,0.0,mm,2026-05-21T08:05:06.147612
MFG17,CARRO CHIUSO,41.284168,16.077223,2026-05-21 07:40:00,ws_2m_hourly,2.1,m/s,2026-05-21T08:05:11.836903
MFG18,VIESTE,41.901669,16.080557,2026-05-21 07:40:00,precip_10min_interval,0.0,mm,2026-05-21T08:05:06.147682
MFG18,VIESTE,41.901669,16.080557,2026-05-21 07:40:00,ws_2m_hourly,1.7,m/s,2026-05-21T08:05:11.836978
MFG19,FOGGIA MONTEROZZI,41.521111,15.591944,2026-05-21 07:40:00,precip_10min_interval,0.0,mm,2026-05-21T08:05:06.147754
MFG19,FOGGIA MONTEROZZI,41.521111,15.591944,2026-05-21 07:40:00,ws_2m_hourly,4.8,m/s,2026-05-21T08:05:11.837048
MLE34,BARBARO,39.980831,18.1525,2026-05-21 07:40:00,precip_10min_interval,0.0,mm,2026-05-21T08:05:06.147822
MLE34,BARBARO,39.980831,18.1525,2026-05-21 07:40:00,ws_2m_hourly,4.5,m/s,2026-05-21T08:05:11.837116
MLE35,MALOPRA,40.225555,18.299168,2026-05-21 07:40:00,precip_10min_interval,0.0,mm,2026-05-21T08:05:06.147891
MLE35,MALOPRA,40.225555,18.299168,2026-05-21 07:40:00,ws_2m_hourly,3.3,m/s,2026-05-21T08:05:11.837189
MTA32,MARTINA FRANCA,40.634724,17.277779,2026-05-21 07:40:00,precip_10min_interval,0.0,mm,2026-05-21T08:05:06.147972
MTA32,MARTINA FRANCA,40.634724,17.277779,2026-05-21 07:40:00,ws_2m_hourly,1.9,m/s,2026-05-21T08:05:11.837260
0PU01,GUROLAMANNA,40.916111,16.447779,2026-05-21 07:50:00,precip_10min_interval,0.0,mm,2026-05-21T08:05:06.142675
0PU01,GUROLAMANNA,40.916111,16.447779,2026-05-21 07:50:00,ws_10m_hourly,6.6,m/s,2026-05-21T08:05:11.828694
0PU01,GUROLAMANNA,40.916111,16.447779,2026-05-21 07:50:00,ws_2m_hourly,4.5,m/s,2026-05-21T08:05:11.828691
0PU03,LIMELLI D'IMPERATORE,40.883057,16.3125,2026-05-21 07:50:00,precip_10min_interval,0.0,mm,2026-05-21T08:05:06.142742
0PU03,LIMELLI D'IMPERATORE,40.883057,16.3125,2026-05-21 07:50:00,ws_10m_hourly,6.5,m/s,2026-05-21T08:05:11.828830
0PU03,LIMELLI D'IMPERATORE,40.883057,16.3125,2026-05-21 07:50:00,ws_2m_hourly,4.0,m/s,2026-05-21T08:05:11.828827
0PU04,OTTAVA SEDICI,40.7925,17.481943,2026-05-21 07:50:00,precip_10min_interval,0.0,mm,2026-05-21T08:05:06.142809
0PU04,OTTAVA SEDICI,40.7925,17.481943,2026-05-21 07:50:00,ws_10m_hourly,4.8,m/s,2026-05-21T08:05:11.828984
0PU04,OTTAVA SEDICI,40.7925,17.481943,2026-05-21 07:50:00,ws_2m_hourly,1.5,m/s,2026-05-21T08:05:11.828981
0PU06,MAINE,40.543056,18.032223,2026-05-21 07:50:00,precip_10min_interval,0.0,mm,2026-05-21T08:05:06.142873
0PU06,MAINE,40.543056,18.032223,2026-05-21 07:50:00,ws_10m_hourly,4.7,m/s,2026-05-21T08:05:11.829114
0PU06,MAINE,40.543056,18.032223,2026-05-21 07:50:00,ws_2m_hourly,1.4,m/s,2026-05-21T08:05:11.829110
0PU07,TRIONFO,41.347221,15.744167,2026-05-21 07:50:00,precip_10min_interval,0.0,mm,2026-05-21T08:05:06.142962
0PU07,TRIONFO,41.347221,15.744167,2026-05-21 07:50:00,ws_10m_hourly,5.2,m/s,2026-05-21T08:05:11.829241
0PU07,TRIONFO,41.347221,15.744167,2026-05-21 07:50:00,ws_2m_hourly,0.8,m/s,2026-05-21T08:05:11.829237
0PU08,TORRETTA,41.542221,15.173889,2026-05-21 07:50:00,precip_10min_interval,0.0,mm,2026-05-21T08:05:06.143029
0PU08,TORRETTA,41.542221,15.173889,2026-05-21 07:50:00,ws_10m_hourly,4.8,m/s,2026-05-21T08:05:11.829367
0PU08,TORRETTA,41.542221,15.173889,2026-05-21 07:50:00,ws_2m_hourly,0.0,m/s,2026-05-21T08:05:11.829364
0PU10,FRASSANITO,40.237221,18.441389,2026-05-21 07:50:00,precip_10min_interval,0.0,mm,2026-05-21T08:05:06.143094
0PU10,FRASSANITO,40.237221,18.441389,2026-05-21 07:50:00,ws_10m_hourly,6.3,m/s,2026-05-21T08:05:11.829494
0PU10,FRASSANITO,40.237221,18.441389,2026-05-21 07:50:00,ws_2m_hourly,3.8,m/s,2026-05-21T08:05:11.829491
0PU11,BADESSA,40.470554,18.097221,2026-05-21 07:50:00,precip_10min_interval,0.0,mm,2026-05-21T08:05:06.143160
0PU11,BADESSA,40.470554,18.097221,2026-05-21 07:50:00,ws_10m_hourly,6.9,m/s,2026-05-21T08:05:11.829622
0PU11,BADESSA,40.470554,18.097221,2026-05-21 07:50:00,ws_2m_hourly,4.2,m/s,2026-05-21T08:05:11.829619
0PU12,CONTE,39.981945,18.067499,2026-05-21 07:50:00,precip_10min_interval,0.0,mm,2026-05-21T08:05:06.143226
0PU12,CONTE,39.981945,18.067499,2026-05-21 07:50:00,ws_10m_hourly,3.4,m/s,2026-05-21T08:05:11.829750
0PU12,CONTE,39.981945,18.067499,2026-05-21 07:50:00,ws_2m_hourly,1.0,m/s,2026-05-21T08:05:11.829746
0PU13,TORRICELLA,40.343334,17.487778,2026-05-21 07:50:00,precip_10min_interval,0.0,mm,2026-05-21T08:05:06.143287
0PU13,TORRICELLA,40.343334,17.487778,2026-05-21 07:50:00,ws_10m_hourly,6.5,m/s,2026-05-21T08:05:11.829881
0PU13,TORRICELLA,40.343334,17.487778,2026-05-21 07:50:00,ws_2m_hourly,3.5,m/s,2026-05-21T08:05:11.829876
0PU14,TAFURI,40.680832,16.867779,2026-05-21 07:50:00,precip_10min_interval,0.0,mm,2026-05-21T08:05:06.143354
0PU14,TAFURI,40.680832,16.867779,2026-05-21 07:50:00,ws_10m_hourly,7.7,m/s,2026-05-21T08:05:11.830022
0PU14,TAFURI,40.680832,16.867779,2026-05-21 07:50:00,ws_2m_hourly,4.0,m/s,2026-05-21T08:05:11.830019
0PU16,ANDRIA,41.202221,16.201944,2026-05-21 07:50:00,precip_10min_interval,0.0,mm,2026-05-21T08:05:06.143415
0PU16,ANDRIA,41.202221,16.201944,2026-05-21 07:50:00,ws_10m_hourly,3.6,m/s,2026-05-21T08:05:11.830150
0PU16,ANDRIA,41.202221,16.201944,2026-05-21 07:50:00,ws_2m_hourly,1.0,m/s,2026-05-21T08:05:11.830147
0PU17,OSTUNI-SAROLO,40.688332,17.413889,2026-05-21 07:50:00,precip_10min_interval,0.0,mm,2026-05-21T08:05:06.143484
0PU17,OSTUNI-SAROLO,40.688332,17.413889,2026-05-21 07:50:00,ws_10m_hourly,5.2,m/s,2026-05-21T08:05:11.830277
0PU17,OSTUNI-SAROLO,40.688332,17.413889,2026-05-21 07:50:00,ws_2m_hourly,2.6,m/s,2026-05-21T08:05:11.830274
0PU18,MONOPOLI,40.919445,17.294443,2026-05-21 07:50:00,precip_10min_interval,0.0,mm,2026-05-21T08:05:06.143547
0PU18,MONOPOLI,40.919445,17.294443,2026-05-21 07:50:00,ws_10m_hourly,6.2,m/s,2026-05-21T08:05:11.830404
0PU18,MONOPOLI,40.919445,17.294443,2026-05-21 07:50:00,ws_2m_hourly,3.5,m/s,2026-05-21T08:05:11.830398
0PU19,TERLIZZI,41.120834,16.549168,2026-05-21 07:50:00,precip_10min_interval,0.0,mm,2026-05-21T08:05:06.143608
0PU19,TERLIZZI,41.120834,16.549168,2026-05-21 07:50:00,ws_10m_hourly,1.8,m/s,2026-05-21T08:05:11.830532
0PU19,TERLIZZI,41.120834,16.549168,2026-05-21 07:50:00,ws_2m_hourly,0.3,m/s,2026-05-21T08:05:11.830529
0PU20,VILLA CASTELLI,40.553055,17.504444,2026-05-21 07:50:00,precip_10min_interval,0.0,mm,2026-05-21T08:05:06.143673
0PU20,VILLA CASTELLI,40.553055,17.504444,2026-05-21 07:50:00,ws_10m_hourly,4.9,m/s,2026-05-21T08:05:11.830663
0PU20,VILLA CASTELLI,40.553055,17.504444,2026-05-21 07:50:00,ws_2m_hourly,2.7,m/s,2026-05-21T08:05:11.830657
0PU21,CAROVIGNO,40.691944,17.630278,2026-05-21 07:50:00,precip_10min_interval,0.0,mm,2026-05-21T08:05:06.143738
0PU21,CAROVIGNO,40.691944,17.630278,2026-05-21 07:50:00,ws_10m_hourly,5.0,m/s,2026-05-21T08:05:11.830794
0PU21,CAROVIGNO,40.691944,17.630278,2026-05-21 07:50:00,ws_2m_hourly,1.6,m/s,2026-05-21T08:05:11.830791
0PU22,APRICENA,41.773335,15.438611,2026-05-21 07:50:00,precip_10min_interval,0.0,mm,2026-05-21T08:05:06.143801
0PU22,APRICENA,41.773335,15.438611,2026-05-21 07:50:00,ws_10m_hourly,6.5,m/s,2026-05-21T08:05:11.830924
0PU22,APRICENA,41.773335,15.438611,2026-05-21 07:50:00,ws_2m_hourly,1.2,m/s,2026-05-21T08:05:11.830921
0PU23,MANFREDONIA,41.541389,15.885833,2026-05-21 07:50:00,precip_10min_interval,0.0,mm,2026-05-21T08:05:06.143863
0PU23,MANFREDONIA,41.541389,15.885833,2026-05-21 07:50:00,ws_10m_hourly,4.5,m/s,2026-05-21T08:05:11.831062
0PU23,MANFREDONIA,41.541389,15.885833,2026-05-21 07:50:00,ws_2m_hourly,2.1,m/s,2026-05-21T08:05:11.831059
0PU25,NOCIGLIA,40.034443,18.313057,2026-05-21 07:50:00,precip_10min_interval,0.0,mm,2026-05-21T08:05:06.143927
0PU25,NOCIGLIA,40.034443,18.313057,2026-05-21 07:50:00,ws_10m_hourly,5.4,m/s,2026-05-21T08:05:11.831190
0PU25,NOCIGLIA,40.034443,18.313057,2026-05-21 07:50:00,ws_2m_hourly,3.0,m/s,2026-05-21T08:05:11.831187
0PU27,GROTTAGLIE,40.53389,17.362778,2026-05-21 07:50:00,wdir_hourly,,,2026-05-21T08:05:13.706666
0PU27,GROTTAGLIE,40.53389,17.362778,2026-05-21 07:50:00,ws_10m_hourly,3.9,m/s,2026-05-21T08:05:11.831325
0PU27,GROTTAGLIE,40.53389,17.362778,2026-05-21 07:50:00,ws_2m_hourly,2.4,m/s,2026-05-21T08:05:11.831321
0PU28,TRANI,41.247501,16.415556,2026-05-21 07:50:00,precip_10min_interval,0.0,mm,2026-05-21T08:05:06.144001
0PU28,TRANI,41.247501,16.415556,2026-05-21 07:50:00,ws_10m_hourly,3.9,m/s,2026-05-21T08:05:11.831445
0PU28,TRANI,41.247501,16.415556,2026-05-21 07:50:00,ws_2m_hourly,2.7,m/s,2026-05-21T08:05:11.831442
0PU30,NOICATTARO,41.021942,16.967777,2026-05-21 07:50:00,precip_10min_interval,0.0,mm,2026-05-21T08:05:06.144062
0PU30,NOICATTARO,41.021942,16.967777,2026-05-21 07:50:00,ws_10m_hourly,3.6,m/s,2026-05-21T08:05:11.831571
0PU30,NOICATTARO,41.021942,16.967777,2026-05-21 07:50:00,ws_2m_hourly,2.4,m/s,2026-05-21T08:05:11.831567
0PU31,ALBEROBELLO,40.790558,17.233334,2026-05-21 07:50:00,precip_10min_interval,0.0,mm,2026-05-21T08:05:06.144125
0PU31,ALBEROBELLO,40.790558,17.233334,2026-05-21 07:50:00,ws_10m_hourly,4.7,m/s,2026-05-21T08:05:11.831699
0PU31,ALBEROBELLO,40.790558,17.233334,2026-05-21 07:50:00,ws_2m_hourly,2.5,m/s,2026-05-21T08:05:11.831696
0PU33,MOCCARI,40.558334,17.851667,2026-05-21 07:50:00,precip_10min_interval,0.0,mm,2026-05-21T08:05:06.144187
0PU33,MOCCARI,40.558334,17.851667,2026-05-21 07:50:00,ws_10m_hourly,6.2,m/s,2026-05-21T08:05:11.831831
0PU33,MOCCARI,40.558334,17.851667,2026-05-21 07:50:00,ws_2m_hourly,4.0,m/s,2026-05-21T08:05:11.831828
0PU34,LATIANO,40.548332,17.688057,2026-05-21 07:50:00,precip_10min_interval,0.0,mm,2026-05-21T08:05:06.144249
0PU34,LATIANO,40.548332,17.688057,2026-05-21 07:50:00,ws_10m_hourly,2.9,m/s,2026-05-21T08:05:11.831967
0PU34,LATIANO,40.548332,17.688057,2026-05-21 07:50:00,ws_2m_hourly,2.6,m/s,2026-05-21T08:05:11.831964
0PU35,SAN VITO DEI NORMANNI,40.629166,17.73361,2026-05-21 07:50:00,precip_10min_interval,0.0,mm,2026-05-21T08:05:06.144311
0PU35,SAN VITO DEI NORMANNI,40.629166,17.73361,2026-05-21 07:50:00,ws_10m_hourly,8.2,m/s,2026-05-21T08:05:11.832093
0PU35,SAN VITO DEI NORMANNI,40.629166,17.73361,2026-05-21 07:50:00,ws_2m_hourly,5.3,m/s,2026-05-21T08:05:11.832090
0PU36,VILLANOVA,41.654167,15.586667,2026-05-21 07:50:00,precip_10min_interval,0.0,mm,2026-05-21T08:05:06.144374
0PU36,VILLANOVA,41.654167,15.586667,2026-05-21 07:50:00,ws_10m_hourly,9.7,m/s,2026-05-21T08:05:11.832220
0PU36,VILLANOVA,41.654167,15.586667,2026-05-21 07:50:00,ws_2m_hourly,5.3,m/s,2026-05-21T08:05:11.832217
0PU37,TROIA,41.336388,15.382778,2026-05-21 07:50:00,precip_10min_interval,0.0,mm,2026-05-21T08:05:06.144432
0PU37,TROIA,41.336388,15.382778,2026-05-21 07:50:00,ws_10m_hourly,6.5,m/s,2026-05-21T08:05:11.832350
0PU37,TROIA,41.336388,15.382778,2026-05-21 07:50:00,ws_2m_hourly,5.5,m/s,2026-05-21T08:05:11.832347
0PU38,BORGO LA ROCCA,41.558334,15.516111,2026-05-21 07:50:00,precip_10min_interval,0.0,mm,2026-05-21T08:05:06.144507
0PU38,BORGO LA ROCCA,41.558334,15.516111,2026-05-21 07:50:00,ws_10m_hourly,6.2,m/s,2026-05-21T08:05:11.832485
0PU38,BORGO LA ROCCA,41.558334,15.516111,2026-05-21 07:50:00,ws_2m_hourly,4.4,m/s,2026-05-21T08:05:11.832482
0PU40,ARCHE,40.273888,18.013611,2026-05-21 07:50:00,precip_10min_interval,0.0,mm,2026-05-21T08:05:06.144578
0PU40,ARCHE,40.273888,18.013611,2026-05-21 07:50:00,ws_10m_hourly,4.8,m/s,2026-05-21T08:05:11.832624
0PU40,ARCHE,40.273888,18.013611,2026-05-21 07:50:00,ws_2m_hourly,1.9,m/s,2026-05-21T08:05:11.832621
0PU41,LECCE,40.326668,18.139999,2026-05-21 07:50:00,precip_10min_interval,0.0,mm,2026-05-21T08:05:06.144641
0PU41,LECCE,40.326668,18.139999,2026-05-21 07:50:00,ws_10m_hourly,3.4,m/s,2026-05-21T08:05:11.832757
0PU41,LECCE,40.326668,18.139999,2026-05-21 07:50:00,ws_2m_hourly,2.5,m/s,2026-05-21T08:05:11.832754
0PU42,SALICE SALENTINO,40.390556,17.875278,2026-05-21 07:50:00,precip_10min_interval,0.0,mm,2026-05-21T08:05:06.144708
0PU42,SALICE SALENTINO,40.390556,17.875278,2026-05-21 07:50:00,ws_10m_hourly,6.5,m/s,2026-05-21T08:05:11.832893
0PU42,SALICE SALENTINO,40.390556,17.875278,2026-05-21 07:50:00,ws_2m_hourly,4.7,m/s,2026-05-21T08:05:11.832889
0PU43,LUCUGNANO,39.930279,18.3225,2026-05-21 07:50:00,precip_10min_interval,0.0,mm,2026-05-21T08:05:06.144776
0PU43,LUCUGNANO,39.930279,18.3225,2026-05-21 07:50:00,ws_10m_hourly,4.7,m/s,2026-05-21T08:05:11.833036
0PU43,LUCUGNANO,39.930279,18.3225,2026-05-21 07:50:00,ws_2m_hourly,2.7,m/s,2026-05-21T08:05:11.833033
0PU44,MANDURIA,40.381943,17.621111,2026-05-21 07:50:00,precip_10min_interval,0.0,mm,2026-05-21T08:05:06.144839
0PU44,MANDURIA,40.381943,17.621111,2026-05-21 07:50:00,ws_10m_hourly,6.8,m/s,2026-05-21T08:05:11.833164
0PU44,MANDURIA,40.381943,17.621111,2026-05-21 07:50:00,ws_2m_hourly,5.0,m/s,2026-05-21T08:05:11.833159
0PU45,MOTTOLA,40.675556,16.996111,2026-05-21 07:50:00,precip_10min_interval,0.0,mm,2026-05-21T08:05:06.144906
0PU45,MOTTOLA,40.675556,16.996111,2026-05-21 07:50:00,ws_10m_hourly,6.3,m/s,2026-05-21T08:05:11.833296
0PU45,MOTTOLA,40.675556,16.996111,2026-05-21 07:50:00,ws_2m_hourly,3.5,m/s,2026-05-21T08:05:11.833293
0PU46,MASSAFRA,40.582779,17.091944,2026-05-21 07:50:00,precip_10min_interval,0.0,mm,2026-05-21T08:05:06.144979
0PU46,MASSAFRA,40.582779,17.091944,2026-05-21 07:50:00,ws_10m_hourly,5.8,m/s,2026-05-21T08:05:11.833429
0PU46,MASSAFRA,40.582779,17.091944,2026-05-21 07:50:00,ws_2m_hourly,3.8,m/s,2026-05-21T08:05:11.833426
0PU47,CASTELLANETA,40.494446,16.878889,2026-05-21 07:50:00,precip_10min_interval,0.0,mm,2026-05-21T08:05:06.145044
0PU47,CASTELLANETA,40.494446,16.878889,2026-05-21 07:50:00,ws_10m_hourly,4.7,m/s,2026-05-21T08:05:11.833553
0PU47,CASTELLANETA,40.494446,16.878889,2026-05-21 07:50:00,ws_2m_hourly,2.2,m/s,2026-05-21T08:05:11.833550
0PU48,BARI C.N.R. IRSA,41.116943,16.820557,2026-05-21 07:50:00,precip_10min_interval,0.0,mm,2026-05-21T08:05:06.145106
0PU48,BARI C.N.R. IRSA,41.116943,16.820557,2026-05-21 07:50:00,ws_10m_hourly,3.9,m/s,2026-05-21T08:05:11.833676
0PU48,BARI C.N.R. IRSA,41.116943,16.820557,2026-05-21 07:50:00,ws_2m_hourly,2.6,m/s,2026-05-21T08:05:11.833673
0PU49,LOCOROTONDO ITAS,40.757221,17.340834,2026-05-21 07:50:00,precip_10min_interval,0.0,mm,2026-05-21T08:05:06.145172
0PU49,LOCOROTONDO ITAS,40.757221,17.340834,2026-05-21 07:50:00,ws_10m_hourly,5.8,m/s,2026-05-21T08:05:11.833808
0PU49,LOCOROTONDO ITAS,40.757221,17.340834,2026-05-21 07:50:00,ws_2m_hourly,3.8,m/s,2026-05-21T08:05:11.833805
0PU53,TORITTO,40.957222,16.567223,2026-05-21 07:50:00,precip_10min_interval,0.0,mm,2026-05-21T08:05:06.145238
0PU53,TORITTO,40.957222,16.567223,2026-05-21 07:50:00,ws_10m_hourly,6.5,m/s,2026-05-21T08:05:11.833962
0PU53,TORITTO,40.957222,16.567223,2026-05-21 07:50:00,ws_2m_hourly,5.3,m/s,2026-05-21T08:05:11.833957
0PU54,TORRE SANTA SUSANNA,40.459442,17.724722,2026-05-21 07:50:00,precip_10min_interval,0.0,mm,2026-05-21T08:05:06.145299
0PU54,TORRE SANTA SUSANNA,40.459442,17.724722,2026-05-21 07:50:00,ws_10m_hourly,6.6,m/s,2026-05-21T08:05:11.834097
0PU54,TORRE SANTA SUSANNA,40.459442,17.724722,2026-05-21 07:50:00,ws_2m_hourly,1.4,m/s,2026-05-21T08:05:11.834092
0PU55,LESINA-RIPALTA,41.8475,15.266111,2026-05-21 07:50:00,precip_10min_interval,0.0,mm,2026-05-21T08:05:06.145371
0PU55,LESINA-RIPALTA,41.8475,15.266111,2026-05-21 07:50:00,ws_10m_hourly,6.0,m/s,2026-05-21T08:05:11.834232
0PU55,LESINA-RIPALTA,41.8475,15.266111,2026-05-21 07:50:00,ws_2m_hourly,4.0,m/s,2026-05-21T08:05:11.834227
0PU56,CARLANTINO,41.588333,14.983611,2026-05-21 07:50:00,precip_10min_interval,0.0,mm,2026-05-21T08:05:06.145435
0PU56,CARLANTINO,41.588333,14.983611,2026-05-21 07:50:00,ws_10m_hourly,5.0,m/s,2026-05-21T08:05:11.834363
0PU56,CARLANTINO,41.588333,14.983611,2026-05-21 07:50:00,ws_2m_hourly,3.8,m/s,2026-05-21T08:05:11.834358
0PU57,SANT'AGATA DI PUGLIA,41.150276,15.46,2026-05-21 07:50:00,precip_10min_interval,0.0,mm,2026-05-21T08:05:06.145501
0PU57,SANT'AGATA DI PUGLIA,41.150276,15.46,2026-05-21 07:50:00,ws_10m_hourly,5.4,m/s,2026-05-21T08:05:11.834503
0PU57,SANT'AGATA DI PUGLIA,41.150276,15.46,2026-05-21 07:50:00,ws_2m_hourly,3.3,m/s,2026-05-21T08:05:11.834500
0PU58,GINOSA,40.556389,16.843611,2026-05-21 07:50:00,precip_10min_interval,0.0,mm,2026-05-21T08:05:06.145568
0PU58,GINOSA,40.556389,16.843611,2026-05-21 07:50:00,ws_10m_hourly,5.0,m/s,2026-05-21T08:05:11.834640
0PU58,GINOSA,40.556389,16.843611,2026-05-21 07:50:00,ws_2m_hourly,3.8,m/s,2026-05-21T08:05:11.834637
0PU59,PALAGIANELLO,40.578335,16.975279,2026-05-21 07:50:00,precip_10min_interval,0.0,mm,2026-05-21T08:05:06.145639
0PU59,PALAGIANELLO,40.578335,16.975279,2026-05-21 07:50:00,ws_10m_hourly,7.4,m/s,2026-05-21T08:05:11.834776
0PU59,PALAGIANELLO,40.578335,16.975279,2026-05-21 07:50:00,ws_2m_hourly,5.0,m/s,2026-05-21T08:05:11.834773
0PU60,MINERVINO DI LECCE,40.093613,18.418612,2026-05-21 07:50:00,precip_10min_interval,0.0,mm,2026-05-21T08:05:06.145708
0PU60,MINERVINO DI LECCE,40.093613,18.418612,2026-05-21 07:50:00,ws_10m_hourly,6.1,m/s,2026-05-21T08:05:11.834917
0PU60,MINERVINO DI LECCE,40.093613,18.418612,2026-05-21 07:50:00,ws_2m_hourly,3.9,m/s,2026-05-21T08:05:11.834914
0PU61,NARDO',40.171391,17.976389,2026-05-21 07:50:00,precip_10min_interval,0.0,mm,2026-05-21T08:05:06.145775
0PU61,NARDO',40.171391,17.976389,2026-05-21 07:50:00,ws_10m_hourly,7.4,m/s,2026-05-21T08:05:11.835063
0PU61,NARDO',40.171391,17.976389,2026-05-21 07:50:00,ws_2m_hourly,2.9,m/s,2026-05-21T08:05:11.835060
MBA20,IPSAA,41.22139,16.049723,2026-05-21 07:50:00,precip_10min_interval,0.0,mm,2026-05-21T08:05:06.145843
MBA20,IPSAA,41.22139,16.049723,2026-05-21 07:50:00,ws_2m_hourly,1.7,m/s,2026-05-21T08:05:11.835144
MBA21,MONTEGROSSO,41.132778,16.185833,2026-05-21 07:50:00,precip_10min_interval,0.0,mm,2026-05-21T08:05:06.145912
MBA21,MONTEGROSSO,41.132778,16.185833,2026-05-21 07:50:00,ws_2m_hourly,2.0,m/s,2026-05-21T08:05:11.835213
MBA22,S.P. SANTERAMO,40.80611,16.591389,2026-05-21 07:50:00,precip_10min_interval,0.0,mm,2026-05-21T08:05:06.145990
MBA22,S.P. SANTERAMO,40.80611,16.591389,2026-05-21 07:50:00,ws_2m_hourly,5.2,m/s,2026-05-21T08:05:11.835279
MBA24,CASSANO DELLE MURGE,40.918888,16.78861,2026-05-21 07:50:00,precip_10min_interval,0.0,mm,2026-05-21T08:05:06.146066
MBA24,CASSANO DELLE MURGE,40.918888,16.78861,2026-05-21 07:50:00,ws_2m_hourly,3.6,m/s,2026-05-21T08:05:11.835350
MBA25,SANTERAMO IN COLLE,40.78611,16.775833,2026-05-21 07:50:00,precip_10min_interval,0.0,mm,2026-05-21T08:05:06.146131
MBA25,SANTERAMO IN COLLE,40.78611,16.775833,2026-05-21 07:50:00,ws_2m_hourly,3.6,m/s,2026-05-21T08:05:11.835419
MBA26,CAMPO SPER. UNIBA,41.023609,16.906389,2026-05-21 07:50:00,precip_10min_interval,0.0,mm,2026-05-21T08:05:06.146200
MBA26,CAMPO SPER. UNIBA,41.023609,16.906389,2026-05-21 07:50:00,ws_2m_hourly,2.0,m/s,2026-05-21T08:05:11.835488
MBA27,SERRONE(AZ.AGR.MANCINI),40.921391,16.947222,2026-05-21 07:50:00,precip_10min_interval,0.0,mm,2026-05-21T08:05:06.146270
MBA27,SERRONE(AZ.AGR.MANCINI),40.921391,16.947222,2026-05-21 07:50:00,ws_2m_hourly,3.6,m/s,2026-05-21T08:05:11.835559
MBA28,MURGIA ANTICI,40.715557,17.106667,2026-05-21 07:50:00,precip_10min_interval,0.0,mm,2026-05-21T08:05:06.146340
MBA28,MURGIA ANTICI,40.715557,17.106667,2026-05-21 07:50:00,ws_2m_hourly,5.0,m/s,2026-05-21T08:05:11.835628
MBA29,LAMENDOLA I,40.812222,17.164167,2026-05-21 07:50:00,precip_10min_interval,0.0,mm,2026-05-21T08:05:06.146408
MBA29,LAMENDOLA I,40.812222,17.164167,2026-05-21 07:50:00,ws_2m_hourly,5.2,m/s,2026-05-21T08:05:11.835698
MBR30,FASCIANELLO,40.860279,17.364166,2026-05-21 07:50:00,precip_10min_interval,0.0,mm,2026-05-21T08:05:06.146479
MBR30,FASCIANELLO,40.860279,17.364166,2026-05-21 07:50:00,ws_2m_hourly,4.4,m/s,2026-05-21T08:05:11.835769
MBR31,FERRUZZO,40.62389,17.497499,2026-05-21 07:50:00,precip_10min_interval,0.0,mm,2026-05-21T08:05:06.146548
MBR31,FERRUZZO,40.62389,17.497499,2026-05-21 07:50:00,ws_2m_hourly,3.3,m/s,2026-05-21T08:05:11.835836
MFG01,S. LUCIA,41.470554,15.363889,2026-05-21 07:50:00,precip_10min_interval,0.0,mm,2026-05-21T08:05:06.146615
MFG01,S. LUCIA,41.470554,15.363889,2026-05-21 07:50:00,ws_2m_hourly,3.0,m/s,2026-05-21T08:05:11.835905
MFG02,SERRA DEI BISI,41.347778,15.282778,2026-05-21 07:50:00,precip_10min_interval,0.0,mm,2026-05-21T08:05:06.146686
MFG02,SERRA DEI BISI,41.347778,15.282778,2026-05-21 07:50:00,ws_2m_hourly,2.3,m/s,2026-05-21T08:05:11.835985
MFG03,LA PESCIA,41.40889,15.756667,2026-05-21 07:50:00,precip_10min_interval,0.0,mm,2026-05-21T08:05:06.146755
MFG03,LA PESCIA,41.40889,15.756667,2026-05-21 07:50:00,ws_2m_hourly,3.5,m/s,2026-05-21T08:05:11.836055
MFG04,TRE SANTI,41.393612,15.848056,2026-05-21 07:50:00,precip_10min_interval,0.0,mm,2026-05-21T08:05:06.146823
MFG04,TRE SANTI,41.393612,15.848056,2026-05-21 07:50:00,ws_2m_hourly,3.7,m/s,2026-05-21T08:05:11.836129
MFG05,RIVOLI,41.470833,15.929444,2026-05-21 07:50:00,precip_10min_interval,0.0,mm,2026-05-21T08:05:06.146904
MFG05,RIVOLI,41.470833,15.929444,2026-05-21 07:50:00,ws_2m_hourly,3.7,m/s,2026-05-21T08:05:11.836202
MFG06,TAVOLETTA,41.194168,15.932222,2026-05-21 07:50:00,precip_10min_interval,0.0,mm,2026-05-21T08:05:06.146981
MFG06,TAVOLETTA,41.194168,15.932222,2026-05-21 07:50:00,ws_2m_hourly,5.0,m/s,2026-05-21T08:05:11.836270
MFG07,COPPA D'ORO,41.421665,15.606944,2026-05-21 07:50:00,precip_10min_interval,0.0,mm,2026-05-21T08:05:06.147053
MFG07,COPPA D'ORO,41.421665,15.606944,2026-05-21 07:50:00,ws_2m_hourly,5.0,m/s,2026-05-21T08:05:11.836339
MFG09,ARIOLA,41.8325,15.859722,2026-05-21 07:50:00,precip_10min_interval,0.0,mm,2026-05-21T08:05:06.147124
MFG09,ARIOLA,41.8325,15.859722,2026-05-21 07:50:00,ws_2m_hourly,0.3,m/s,2026-05-21T08:05:11.836409
MFG10,MATINE CARNE SALATA,41.651943,15.706389,2026-05-21 07:50:00,precip_10min_interval,0.0,mm,2026-05-21T08:05:06.147194
MFG10,MATINE CARNE SALATA,41.651943,15.706389,2026-05-21 07:50:00,ws_2m_hourly,2.9,m/s,2026-05-21T08:05:11.836483
MFG11,SELVA DELLE GROTTE,41.714722,15.148056,2026-05-21 07:50:00,precip_10min_interval,0.0,mm,2026-05-21T08:05:06.147265
MFG11,SELVA DELLE GROTTE,41.714722,15.148056,2026-05-21 07:50:00,ws_2m_hourly,4.1,m/s,2026-05-21T08:05:11.836554
MFG13,BISCIGLIETO,41.142502,15.662778,2026-05-21 07:50:00,precip_10min_interval,0.0,mm,2026-05-21T08:05:06.147335
MFG13,BISCIGLIETO,41.142502,15.662778,2026-05-21 07:50:00,ws_2m_hourly,4.9,m/s,2026-05-21T08:05:11.836628
MFG14,S. LUCIA,41.922779,15.874722,2026-05-21 07:50:00,precip_10min_interval,0.0,mm,2026-05-21T08:05:06.147400
MFG14,S. LUCIA,41.922779,15.874722,2026-05-21 07:50:00,ws_2m_hourly,1.3,m/s,2026-05-21T08:05:11.836692
MFG15,CASA LORDA,41.62389,15.403056,2026-05-21 07:50:00,precip_10min_interval,0.0,mm,2026-05-21T08:05:06.147470
MFG15,CASA LORDA,41.62389,15.403056,2026-05-21 07:50:00,ws_2m_hourly,2.9,m/s,2026-05-21T08:05:11.836763
MFG16,QUERCIA COPPE,41.693054,15.756944,2026-05-21 07:50:00,precip_10min_interval,0.0,mm,2026-05-21T08:05:06.147540
MFG16,QUERCIA COPPE,41.693054,15.756944,2026-05-21 07:50:00,ws_2m_hourly,4.9,m/s,2026-05-21T08:05:11.836829
MFG17,CARRO CHIUSO,41.284168,16.077223,2026-05-21 07:50:00,precip_10min_interval,0.0,mm,2026-05-21T08:05:06.147615
MFG17,CARRO CHIUSO,41.284168,16.077223,2026-05-21 07:50:00,ws_2m_hourly,2.1,m/s,2026-05-21T08:05:11.836906
MFG18,VIESTE,41.901669,16.080557,2026-05-21 07:50:00,precip_10min_interval,0.0,mm,2026-05-21T08:05:06.147685
MFG18,VIESTE,41.901669,16.080557,2026-05-21 07:50:00,ws_2m_hourly,2.0,m/s,2026-05-21T08:05:11.836981
MFG19,FOGGIA MONTEROZZI,41.521111,15.591944,2026-05-21 07:50:00,precip_10min_interval,0.0,mm,2026-05-21T08:05:06.147760
MFG19,FOGGIA MONTEROZZI,41.521111,15.591944,2026-05-21 07:50:00,ws_2m_hourly,5.4,m/s,2026-05-21T08:05:11.837051
MLE34,BARBARO,39.980831,18.1525,2026-05-21 07:50:00,precip_10min_interval,0.0,mm,2026-05-21T08:05:06.147825
MLE34,BARBARO,39.980831,18.1525,2026-05-21 07:50:00,ws_2m_hourly,5.2,m/s,2026-05-21T08:05:11.837121
MLE35,MALOPRA,40.225555,18.299168,2026-05-21 07:50:00,precip_10min_interval,0.0,mm,2026-05-21T08:05:06.147894
MLE35,MALOPRA,40.225555,18.299168,2026-05-21 07:50:00,ws_2m_hourly,3.7,m/s,2026-05-21T08:05:11.837191
MTA32,MARTINA FRANCA,40.634724,17.277779,2026-05-21 07:50:00,precip_10min_interval,0.0,mm,2026-05-21T08:05:06.147975
MTA32,MARTINA FRANCA,40.634724,17.277779,2026-05-21 07:50:00,ws_2m_hourly,1.8,m/s,2026-05-21T08:05:11.837263
0PU01,GUROLAMANNA,40.916111,16.447779,2026-05-21 08:00:00,precip_10min_interval,0.0,mm,2026-05-21T08:05:06.142679
0PU01,GUROLAMANNA,40.916111,16.447779,2026-05-21 08:00:00,precip_today_accum,0.0,mm,2026-05-21T08:05:08.084422
0PU01,GUROLAMANNA,40.916111,16.447779,2026-05-21 08:00:00,rh_hourly,67.0,%,2026-05-21T08:05:03.964768
0PU01,GUROLAMANNA,40.916111,16.447779,2026-05-21 08:00:00,rs_hourly,1129.1,W/m²,2026-05-21T08:05:09.235094
0PU01,GUROLAMANNA,40.916111,16.447779,2026-05-21 08:00:00,tair_hourly,17.4,°C,2026-05-21T08:05:02.582744
0PU01,GUROLAMANNA,40.916111,16.447779,2026-05-21 08:00:00,wdir_hourly,,,2026-05-21T08:05:13.706568
0PU01,GUROLAMANNA,40.916111,16.447779,2026-05-21 08:00:00,ws_10m_hourly,7.0,m/s,2026-05-21T08:05:11.828701
0PU01,GUROLAMANNA,40.916111,16.447779,2026-05-21 08:00:00,ws_2m_hourly,4.8,m/s,2026-05-21T08:05:11.828698
0PU03,LIMELLI D'IMPERATORE,40.883057,16.3125,2026-05-21 08:00:00,precip_10min_interval,0.0,mm,2026-05-21T08:05:06.142745
0PU03,LIMELLI D'IMPERATORE,40.883057,16.3125,2026-05-21 08:00:00,precip_today_accum,0.0,mm,2026-05-21T08:05:08.084439
0PU03,LIMELLI D'IMPERATORE,40.883057,16.3125,2026-05-21 08:00:00,rh_hourly,75.0,%,2026-05-21T08:05:03.964794
0PU03,LIMELLI D'IMPERATORE,40.883057,16.3125,2026-05-21 08:00:00,rs_hourly,1075.2,W/m²,2026-05-21T08:05:09.235116
0PU03,LIMELLI D'IMPERATORE,40.883057,16.3125,2026-05-21 08:00:00,tair_hourly,15.3,°C,2026-05-21T08:05:02.582765
0PU03,LIMELLI D'IMPERATORE,40.883057,16.3125,2026-05-21 08:00:00,wdir_hourly,,,2026-05-21T08:05:13.706584
0PU03,LIMELLI D'IMPERATORE,40.883057,16.3125,2026-05-21 08:00:00,ws_10m_hourly,6.2,m/s,2026-05-21T08:05:11.828840
0PU03,LIMELLI D'IMPERATORE,40.883057,16.3125,2026-05-21 08:00:00,ws_2m_hourly,3.9,m/s,2026-05-21T08:05:11.828834
0PU04,OTTAVA SEDICI,40.7925,17.481943,2026-05-21 08:00:00,precip_10min_interval,0.0,mm,2026-05-21T08:05:06.142812
0PU04,OTTAVA SEDICI,40.7925,17.481943,2026-05-21 08:00:00,precip_today_accum,0.0,mm,2026-05-21T08:05:08.084445
0PU04,OTTAVA SEDICI,40.7925,17.481943,2026-05-21 08:00:00,rh_hourly,66.0,%,2026-05-21T08:05:03.964816
0PU04,OTTAVA SEDICI,40.7925,17.481943,2026-05-21 08:00:00,rs_hourly,1047.2,W/m²,2026-05-21T08:05:09.235136
0PU04,OTTAVA SEDICI,40.7925,17.481943,2026-05-21 08:00:00,tair_hourly,20.2,°C,2026-05-21T08:05:02.582788
0PU04,OTTAVA SEDICI,40.7925,17.481943,2026-05-21 08:00:00,wdir_hourly,,,2026-05-21T08:05:13.706590
0PU04,OTTAVA SEDICI,40.7925,17.481943,2026-05-21 08:00:00,ws_10m_hourly,5.2,m/s,2026-05-21T08:05:11.828990
0PU04,OTTAVA SEDICI,40.7925,17.481943,2026-05-21 08:00:00,ws_2m_hourly,1.7,m/s,2026-05-21T08:05:11.828988
0PU06,MAINE,40.543056,18.032223,2026-05-21 08:00:00,precip_10min_interval,0.0,mm,2026-05-21T08:05:06.142876
0PU06,MAINE,40.543056,18.032223,2026-05-21 08:00:00,precip_today_accum,0.0,mm,2026-05-21T08:05:08.084450
0PU06,MAINE,40.543056,18.032223,2026-05-21 08:00:00,rh_hourly,73.0,%,2026-05-21T08:05:03.964841
0PU06,MAINE,40.543056,18.032223,2026-05-21 08:00:00,rs_hourly,505.6,W/m²,2026-05-21T08:05:09.235164
0PU06,MAINE,40.543056,18.032223,2026-05-21 08:00:00,tair_hourly,19.8,°C,2026-05-21T08:05:02.582821
0PU06,MAINE,40.543056,18.032223,2026-05-21 08:00:00,wdir_hourly,,,2026-05-21T08:05:13.706595
0PU06,MAINE,40.543056,18.032223,2026-05-21 08:00:00,ws_10m_hourly,4.1,m/s,2026-05-21T08:05:11.829120
0PU06,MAINE,40.543056,18.032223,2026-05-21 08:00:00,ws_2m_hourly,1.1,m/s,2026-05-21T08:05:11.829117
0PU07,TRIONFO,41.347221,15.744167,2026-05-21 08:00:00,precip_10min_interval,0.0,mm,2026-05-21T08:05:06.142967
0PU07,TRIONFO,41.347221,15.744167,2026-05-21 08:00:00,precip_today_accum,0.0,mm,2026-05-21T08:05:08.084456
0PU07,TRIONFO,41.347221,15.744167,2026-05-21 08:00:00,rh_hourly,59.0,%,2026-05-21T08:05:03.964854
0PU07,TRIONFO,41.347221,15.744167,2026-05-21 08:00:00,rs_hourly,716.9,W/m²,2026-05-21T08:05:09.235187
0PU07,TRIONFO,41.347221,15.744167,2026-05-21 08:00:00,tair_hourly,20.9,°C,2026-05-21T08:05:02.582835
0PU07,TRIONFO,41.347221,15.744167,2026-05-21 08:00:00,wdir_hourly,,,2026-05-21T08:05:13.706600
0PU07,TRIONFO,41.347221,15.744167,2026-05-21 08:00:00,ws_10m_hourly,5.6,m/s,2026-05-21T08:05:11.829247
0PU07,TRIONFO,41.347221,15.744167,2026-05-21 08:00:00,ws_2m_hourly,0.6,m/s,2026-05-21T08:05:11.829244
0PU08,TORRETTA,41.542221,15.173889,2026-05-21 08:00:00,precip_10min_interval,0.0,mm,2026-05-21T08:05:06.143033
0PU08,TORRETTA,41.542221,15.173889,2026-05-21 08:00:00,precip_today_accum,0.0,mm,2026-05-21T08:05:08.084461
0PU08,TORRETTA,41.542221,15.173889,2026-05-21 08:00:00,rh_hourly,58.0,%,2026-05-21T08:05:03.964869
0PU08,TORRETTA,41.542221,15.173889,2026-05-21 08:00:00,rs_hourly,911.8,W/m²,2026-05-21T08:05:09.235208
0PU08,TORRETTA,41.542221,15.173889,2026-05-21 08:00:00,tair_hourly,18.1,°C,2026-05-21T08:05:02.582847
0PU08,TORRETTA,41.542221,15.173889,2026-05-21 08:00:00,wdir_hourly,,,2026-05-21T08:05:13.706604
0PU08,TORRETTA,41.542221,15.173889,2026-05-21 08:00:00,ws_10m_hourly,4.7,m/s,2026-05-21T08:05:11.829373
0PU08,TORRETTA,41.542221,15.173889,2026-05-21 08:00:00,ws_2m_hourly,0.0,m/s,2026-05-21T08:05:11.829370
0PU10,FRASSANITO,40.237221,18.441389,2026-05-21 08:00:00,precip_10min_interval,0.0,mm,2026-05-21T08:05:06.143097
0PU10,FRASSANITO,40.237221,18.441389,2026-05-21 08:00:00,precip_today_accum,0.0,mm,2026-05-21T08:05:08.084466
0PU10,FRASSANITO,40.237221,18.441389,2026-05-21 08:00:00,rh_hourly,71.0,%,2026-05-21T08:05:03.964881
0PU10,FRASSANITO,40.237221,18.441389,2026-05-21 08:00:00,rs_hourly,1129.1,W/m²,2026-05-21T08:05:09.235231
0PU10,FRASSANITO,40.237221,18.441389,2026-05-21 08:00:00,tair_hourly,20.7,°C,2026-05-21T08:05:02.582862
0PU10,FRASSANITO,40.237221,18.441389,2026-05-21 08:00:00,wdir_hourly,,,2026-05-21T08:05:13.706609
0PU10,FRASSANITO,40.237221,18.441389,2026-05-21 08:00:00,ws_10m_hourly,6.4,m/s,2026-05-21T08:05:11.829500
0PU10,FRASSANITO,40.237221,18.441389,2026-05-21 08:00:00,ws_2m_hourly,3.9,m/s,2026-05-21T08:05:11.829497
0PU11,BADESSA,40.470554,18.097221,2026-05-21 08:00:00,precip_10min_interval,0.0,mm,2026-05-21T08:05:06.143166
0PU11,BADESSA,40.470554,18.097221,2026-05-21 08:00:00,precip_today_accum,0.0,mm,2026-05-21T08:05:08.084471
0PU11,BADESSA,40.470554,18.097221,2026-05-21 08:00:00,rh_hourly,70.0,%,2026-05-21T08:05:03.964896
0PU11,BADESSA,40.470554,18.097221,2026-05-21 08:00:00,rs_hourly,1149.7,W/m²,2026-05-21T08:05:09.235243
0PU11,BADESSA,40.470554,18.097221,2026-05-21 08:00:00,tair_hourly,20.2,°C,2026-05-21T08:05:02.582874
0PU11,BADESSA,40.470554,18.097221,2026-05-21 08:00:00,wdir_hourly,,,2026-05-21T08:05:13.706614
0PU11,BADESSA,40.470554,18.097221,2026-05-21 08:00:00,ws_10m_hourly,6.5,m/s,2026-05-21T08:05:11.829628
0PU11,BADESSA,40.470554,18.097221,2026-05-21 08:00:00,ws_2m_hourly,3.9,m/s,2026-05-21T08:05:11.829625
0PU12,CONTE,39.981945,18.067499,2026-05-21 08:00:00,precip_10min_interval,0.0,mm,2026-05-21T08:05:06.143229
0PU12,CONTE,39.981945,18.067499,2026-05-21 08:00:00,precip_today_accum,0.0,mm,2026-05-21T08:05:08.084477
0PU12,CONTE,39.981945,18.067499,2026-05-21 08:00:00,rh_hourly,61.0,%,2026-05-21T08:05:03.964908
0PU12,CONTE,39.981945,18.067499,2026-05-21 08:00:00,rs_hourly,1030.4,W/m²,2026-05-21T08:05:09.235256
0PU12,CONTE,39.981945,18.067499,2026-05-21 08:00:00,tair_hourly,20.9,°C,2026-05-21T08:05:02.582886
0PU12,CONTE,39.981945,18.067499,2026-05-21 08:00:00,wdir_hourly,,,2026-05-21T08:05:13.706618
0PU12,CONTE,39.981945,18.067499,2026-05-21 08:00:00,ws_10m_hourly,4.0,m/s,2026-05-21T08:05:11.829759
0PU12,CONTE,39.981945,18.067499,2026-05-21 08:00:00,ws_2m_hourly,1.1,m/s,2026-05-21T08:05:11.829755
0PU13,TORRICELLA,40.343334,17.487778,2026-05-21 08:00:00,precip_10min_interval,0.0,mm,2026-05-21T08:05:06.143290
0PU13,TORRICELLA,40.343334,17.487778,2026-05-21 08:00:00,precip_today_accum,0.0,mm,2026-05-21T08:05:08.084482
0PU13,TORRICELLA,40.343334,17.487778,2026-05-21 08:00:00,rh_hourly,59.0,%,2026-05-21T08:05:03.964923
0PU13,TORRICELLA,40.343334,17.487778,2026-05-21 08:00:00,rs_hourly,1063.6,W/m²,2026-05-21T08:05:09.235268
0PU13,TORRICELLA,40.343334,17.487778,2026-05-21 08:00:00,tair_hourly,20.9,°C,2026-05-21T08:05:02.582907
0PU13,TORRICELLA,40.343334,17.487778,2026-05-21 08:00:00,wdir_hourly,,,2026-05-21T08:05:13.706623
0PU13,TORRICELLA,40.343334,17.487778,2026-05-21 08:00:00,ws_10m_hourly,7.5,m/s,2026-05-21T08:05:11.829888
0PU13,TORRICELLA,40.343334,17.487778,2026-05-21 08:00:00,ws_2m_hourly,4.4,m/s,2026-05-21T08:05:11.829884
0PU14,TAFURI,40.680832,16.867779,2026-05-21 08:00:00,precip_10min_interval,0.0,mm,2026-05-21T08:05:06.143357
0PU14,TAFURI,40.680832,16.867779,2026-05-21 08:00:00,precip_today_accum,0.0,mm,2026-05-21T08:05:08.084498
0PU14,TAFURI,40.680832,16.867779,2026-05-21 08:00:00,rh_hourly,64.0,%,2026-05-21T08:05:03.964956
0PU14,TAFURI,40.680832,16.867779,2026-05-21 08:00:00,rs_hourly,1071.4,W/m²,2026-05-21T08:05:09.235283
0PU14,TAFURI,40.680832,16.867779,2026-05-21 08:00:00,tair_hourly,18.9,°C,2026-05-21T08:05:02.582919
0PU14,TAFURI,40.680832,16.867779,2026-05-21 08:00:00,wdir_hourly,,,2026-05-21T08:05:13.706628
0PU14,TAFURI,40.680832,16.867779,2026-05-21 08:00:00,ws_10m_hourly,7.3,m/s,2026-05-21T08:05:11.830029
0PU14,TAFURI,40.680832,16.867779,2026-05-21 08:00:00,ws_2m_hourly,3.9,m/s,2026-05-21T08:05:11.830026
0PU16,ANDRIA,41.202221,16.201944,2026-05-21 08:00:00,precip_10min_interval,0.0,mm,2026-05-21T08:05:06.143418
0PU16,ANDRIA,41.202221,16.201944,2026-05-21 08:00:00,precip_today_accum,0.0,mm,2026-05-21T08:05:08.084504
0PU16,ANDRIA,41.202221,16.201944,2026-05-21 08:00:00,rh_hourly,63.0,%,2026-05-21T08:05:03.964975
0PU16,ANDRIA,41.202221,16.201944,2026-05-21 08:00:00,rs_hourly,964.3,W/m²,2026-05-21T08:05:09.235295
0PU16,ANDRIA,41.202221,16.201944,2026-05-21 08:00:00,tair_hourly,19.1,°C,2026-05-21T08:05:02.582934
0PU16,ANDRIA,41.202221,16.201944,2026-05-21 08:00:00,wdir_hourly,,,2026-05-21T08:05:13.706637
0PU16,ANDRIA,41.202221,16.201944,2026-05-21 08:00:00,ws_10m_hourly,3.1,m/s,2026-05-21T08:05:11.830156
0PU16,ANDRIA,41.202221,16.201944,2026-05-21 08:00:00,ws_2m_hourly,1.0,m/s,2026-05-21T08:05:11.830153
0PU17,OSTUNI-SAROLO,40.688332,17.413889,2026-05-21 08:00:00,precip_10min_interval,0.0,mm,2026-05-21T08:05:06.143490
0PU17,OSTUNI-SAROLO,40.688332,17.413889,2026-05-21 08:00:00,precip_today_accum,0.0,mm,2026-05-21T08:05:08.084510
0PU17,OSTUNI-SAROLO,40.688332,17.413889,2026-05-21 08:00:00,rh_hourly,70.0,%,2026-05-21T08:05:03.964987
0PU17,OSTUNI-SAROLO,40.688332,17.413889,2026-05-21 08:00:00,rs_hourly,0.0,W/m²,2026-05-21T08:05:09.235307
0PU17,OSTUNI-SAROLO,40.688332,17.413889,2026-05-21 08:00:00,tair_hourly,17.9,°C,2026-05-21T08:05:02.582968
0PU17,OSTUNI-SAROLO,40.688332,17.413889,2026-05-21 08:00:00,wdir_hourly,,,2026-05-21T08:05:13.706640
0PU17,OSTUNI-SAROLO,40.688332,17.413889,2026-05-21 08:00:00,ws_10m_hourly,5.7,m/s,2026-05-21T08:05:11.830284
0PU17,OSTUNI-SAROLO,40.688332,17.413889,2026-05-21 08:00:00,ws_2m_hourly,3.2,m/s,2026-05-21T08:05:11.830281
0PU18,MONOPOLI,40.919445,17.294443,2026-05-21 08:00:00,precip_10min_interval,0.0,mm,2026-05-21T08:05:06.143550
0PU18,MONOPOLI,40.919445,17.294443,2026-05-21 08:00:00,precip_today_accum,0.0,mm,2026-05-21T08:05:08.084518
0PU18,MONOPOLI,40.919445,17.294443,2026-05-21 08:00:00,rh_hourly,67.0,%,2026-05-21T08:05:03.965008
0PU18,MONOPOLI,40.919445,17.294443,2026-05-21 08:00:00,rs_hourly,1160.0,W/m²,2026-05-21T08:05:09.235322
0PU18,MONOPOLI,40.919445,17.294443,2026-05-21 08:00:00,tair_hourly,19.6,°C,2026-05-21T08:05:02.582984
0PU18,MONOPOLI,40.919445,17.294443,2026-05-21 08:00:00,wdir_hourly,,,2026-05-21T08:05:13.706643
0PU18,MONOPOLI,40.919445,17.294443,2026-05-21 08:00:00,ws_10m_hourly,4.9,m/s,2026-05-21T08:05:11.830412
0PU18,MONOPOLI,40.919445,17.294443,2026-05-21 08:00:00,ws_2m_hourly,3.1,m/s,2026-05-21T08:05:11.830407
0PU19,TERLIZZI,41.120834,16.549168,2026-05-21 08:00:00,precip_10min_interval,0.0,mm,2026-05-21T08:05:06.143611
0PU19,TERLIZZI,41.120834,16.549168,2026-05-21 08:00:00,precip_today_accum,0.0,mm,2026-05-21T08:05:08.084524
0PU19,TERLIZZI,41.120834,16.549168,2026-05-21 08:00:00,rh_hourly,59.0,%,2026-05-21T08:05:03.965021
0PU19,TERLIZZI,41.120834,16.549168,2026-05-21 08:00:00,rs_hourly,705.6,W/m²,2026-05-21T08:05:09.235337
0PU19,TERLIZZI,41.120834,16.549168,2026-05-21 08:00:00,tair_hourly,19.3,°C,2026-05-21T08:05:02.582999
0PU19,TERLIZZI,41.120834,16.549168,2026-05-21 08:00:00,wdir_hourly,,,2026-05-21T08:05:13.706646
0PU19,TERLIZZI,41.120834,16.549168,2026-05-21 08:00:00,ws_10m_hourly,1.6,m/s,2026-05-21T08:05:11.830538
0PU19,TERLIZZI,41.120834,16.549168,2026-05-21 08:00:00,ws_2m_hourly,0.5,m/s,2026-05-21T08:05:11.830535
0PU20,VILLA CASTELLI,40.553055,17.504444,2026-05-21 08:00:00,precip_10min_interval,0.0,mm,2026-05-21T08:05:06.143676
0PU20,VILLA CASTELLI,40.553055,17.504444,2026-05-21 08:00:00,precip_today_accum,0.0,mm,2026-05-21T08:05:08.084530
0PU20,VILLA CASTELLI,40.553055,17.504444,2026-05-21 08:00:00,rh_hourly,61.0,%,2026-05-21T08:05:03.965033
0PU20,VILLA CASTELLI,40.553055,17.504444,2026-05-21 08:00:00,rs_hourly,1036.4,W/m²,2026-05-21T08:05:09.235349
0PU20,VILLA CASTELLI,40.553055,17.504444,2026-05-21 08:00:00,tair_hourly,19.8,°C,2026-05-21T08:05:02.583012
0PU20,VILLA CASTELLI,40.553055,17.504444,2026-05-21 08:00:00,wdir_hourly,,,2026-05-21T08:05:13.706649
0PU20,VILLA CASTELLI,40.553055,17.504444,2026-05-21 08:00:00,ws_10m_hourly,5.4,m/s,2026-05-21T08:05:11.830669
0PU20,VILLA CASTELLI,40.553055,17.504444,2026-05-21 08:00:00,ws_2m_hourly,2.8,m/s,2026-05-21T08:05:11.830666
0PU21,CAROVIGNO,40.691944,17.630278,2026-05-21 08:00:00,precip_10min_interval,0.0,mm,2026-05-21T08:05:06.143741
0PU21,CAROVIGNO,40.691944,17.630278,2026-05-21 08:00:00,precip_today_accum,0.0,mm,2026-05-21T08:05:08.084535
0PU21,CAROVIGNO,40.691944,17.630278,2026-05-21 08:00:00,rh_hourly,70.0,%,2026-05-21T08:05:03.965045
0PU21,CAROVIGNO,40.691944,17.630278,2026-05-21 08:00:00,rs_hourly,1203.0,W/m²,2026-05-21T08:05:09.235366
0PU21,CAROVIGNO,40.691944,17.630278,2026-05-21 08:00:00,tair_hourly,19.5,°C,2026-05-21T08:05:02.583027
0PU21,CAROVIGNO,40.691944,17.630278,2026-05-21 08:00:00,wdir_hourly,,,2026-05-21T08:05:13.706652
0PU21,CAROVIGNO,40.691944,17.630278,2026-05-21 08:00:00,ws_10m_hourly,4.0,m/s,2026-05-21T08:05:11.830806
0PU21,CAROVIGNO,40.691944,17.630278,2026-05-21 08:00:00,ws_2m_hourly,1.3,m/s,2026-05-21T08:05:11.830797
0PU22,APRICENA,41.773335,15.438611,2026-05-21 08:00:00,precip_10min_interval,0.0,mm,2026-05-21T08:05:06.143804
0PU22,APRICENA,41.773335,15.438611,2026-05-21 08:00:00,precip_today_accum,0.0,mm,2026-05-21T08:05:08.084539
0PU22,APRICENA,41.773335,15.438611,2026-05-21 08:00:00,rh_hourly,71.0,%,2026-05-21T08:05:03.965059
0PU22,APRICENA,41.773335,15.438611,2026-05-21 08:00:00,rs_hourly,889.7,W/m²,2026-05-21T08:05:09.235378
0PU22,APRICENA,41.773335,15.438611,2026-05-21 08:00:00,tair_hourly,19.5,°C,2026-05-21T08:05:02.583040
0PU22,APRICENA,41.773335,15.438611,2026-05-21 08:00:00,wdir_hourly,,,2026-05-21T08:05:13.706655
0PU22,APRICENA,41.773335,15.438611,2026-05-21 08:00:00,ws_10m_hourly,7.2,m/s,2026-05-21T08:05:11.830932
0PU22,APRICENA,41.773335,15.438611,2026-05-21 08:00:00,ws_2m_hourly,1.6,m/s,2026-05-21T08:05:11.830929
0PU23,MANFREDONIA,41.541389,15.885833,2026-05-21 08:00:00,precip_10min_interval,0.0,mm,2026-05-21T08:05:06.143866
0PU23,MANFREDONIA,41.541389,15.885833,2026-05-21 08:00:00,precip_today_accum,0.0,mm,2026-05-21T08:05:08.084542
0PU23,MANFREDONIA,41.541389,15.885833,2026-05-21 08:00:00,rh_hourly,57.0,%,2026-05-21T08:05:03.965076
0PU23,MANFREDONIA,41.541389,15.885833,2026-05-21 08:00:00,rs_hourly,971.3,W/m²,2026-05-21T08:05:09.235391
0PU23,MANFREDONIA,41.541389,15.885833,2026-05-21 08:00:00,tair_hourly,22.0,°C,2026-05-21T08:05:02.583054
0PU23,MANFREDONIA,41.541389,15.885833,2026-05-21 08:00:00,wdir_hourly,,,2026-05-21T08:05:13.706660
0PU23,MANFREDONIA,41.541389,15.885833,2026-05-21 08:00:00,ws_10m_hourly,4.2,m/s,2026-05-21T08:05:11.831069
0PU23,MANFREDONIA,41.541389,15.885833,2026-05-21 08:00:00,ws_2m_hourly,2.0,m/s,2026-05-21T08:05:11.831065
0PU25,NOCIGLIA,40.034443,18.313057,2026-05-21 08:00:00,precip_10min_interval,0.0,mm,2026-05-21T08:05:06.143932
0PU25,NOCIGLIA,40.034443,18.313057,2026-05-21 08:00:00,precip_today_accum,0.0,mm,2026-05-21T08:05:08.084545
0PU25,NOCIGLIA,40.034443,18.313057,2026-05-21 08:00:00,rh_hourly,64.0,%,2026-05-21T08:05:03.965089
0PU25,NOCIGLIA,40.034443,18.313057,2026-05-21 08:00:00,rs_hourly,1092.8,W/m²,2026-05-21T08:05:09.235406
0PU25,NOCIGLIA,40.034443,18.313057,2026-05-21 08:00:00,tair_hourly,19.9,°C,2026-05-21T08:05:02.583069
0PU25,NOCIGLIA,40.034443,18.313057,2026-05-21 08:00:00,wdir_hourly,,,2026-05-21T08:05:13.706663
0PU25,NOCIGLIA,40.034443,18.313057,2026-05-21 08:00:00,ws_10m_hourly,6.1,m/s,2026-05-21T08:05:11.831196
0PU25,NOCIGLIA,40.034443,18.313057,2026-05-21 08:00:00,ws_2m_hourly,3.3,m/s,2026-05-21T08:05:11.831193
0PU27,GROTTAGLIE,40.53389,17.362778,2026-05-21 08:00:00,rh_hourly,56.0,%,2026-05-21T08:05:03.965139
0PU27,GROTTAGLIE,40.53389,17.362778,2026-05-21 08:00:00,tair_hourly,20.1,°C,2026-05-21T08:05:02.583082
0PU28,TRANI,41.247501,16.415556,2026-05-21 08:00:00,precip_10min_interval,0.0,mm,2026-05-21T08:05:06.144004
0PU28,TRANI,41.247501,16.415556,2026-05-21 08:00:00,precip_today_accum,0.0,mm,2026-05-21T08:05:08.084548
0PU28,TRANI,41.247501,16.415556,2026-05-21 08:00:00,rh_hourly,61.0,%,2026-05-21T08:05:03.965152
0PU28,TRANI,41.247501,16.415556,2026-05-21 08:00:00,rs_hourly,960.3,W/m²,2026-05-21T08:05:09.235427
0PU28,TRANI,41.247501,16.415556,2026-05-21 08:00:00,tair_hourly,19.1,°C,2026-05-21T08:05:02.583094
0PU28,TRANI,41.247501,16.415556,2026-05-21 08:00:00,wdir_hourly,,,2026-05-21T08:05:13.706670
0PU28,TRANI,41.247501,16.415556,2026-05-21 08:00:00,ws_10m_hourly,4.2,m/s,2026-05-21T08:05:11.831451
0PU28,TRANI,41.247501,16.415556,2026-05-21 08:00:00,ws_2m_hourly,2.6,m/s,2026-05-21T08:05:11.831448
0PU30,NOICATTARO,41.021942,16.967777,2026-05-21 08:00:00,precip_10min_interval,0.0,mm,2026-05-21T08:05:06.144065
0PU30,NOICATTARO,41.021942,16.967777,2026-05-21 08:00:00,precip_today_accum,0.0,mm,2026-05-21T08:05:08.084551
0PU30,NOICATTARO,41.021942,16.967777,2026-05-21 08:00:00,rh_hourly,65.0,%,2026-05-21T08:05:03.965163
0PU30,NOICATTARO,41.021942,16.967777,2026-05-21 08:00:00,rs_hourly,0.0,W/m²,2026-05-21T08:05:09.235439
0PU30,NOICATTARO,41.021942,16.967777,2026-05-21 08:00:00,tair_hourly,19.4,°C,2026-05-21T08:05:02.583106
0PU30,NOICATTARO,41.021942,16.967777,2026-05-21 08:00:00,wdir_hourly,,,2026-05-21T08:05:13.706672
0PU30,NOICATTARO,41.021942,16.967777,2026-05-21 08:00:00,ws_10m_hourly,4.3,m/s,2026-05-21T08:05:11.831581
0PU30,NOICATTARO,41.021942,16.967777,2026-05-21 08:00:00,ws_2m_hourly,2.7,m/s,2026-05-21T08:05:11.831576
0PU31,ALBEROBELLO,40.790558,17.233334,2026-05-21 08:00:00,precip_10min_interval,0.0,mm,2026-05-21T08:05:06.144128
0PU31,ALBEROBELLO,40.790558,17.233334,2026-05-21 08:00:00,precip_today_accum,0.0,mm,2026-05-21T08:05:08.084555
0PU31,ALBEROBELLO,40.790558,17.233334,2026-05-21 08:00:00,rh_hourly,72.0,%,2026-05-21T08:05:03.965179
0PU31,ALBEROBELLO,40.790558,17.233334,2026-05-21 08:00:00,rs_hourly,1185.7,W/m²,2026-05-21T08:05:09.235454
0PU31,ALBEROBELLO,40.790558,17.233334,2026-05-21 08:00:00,tair_hourly,16.7,°C,2026-05-21T08:05:02.583121
0PU31,ALBEROBELLO,40.790558,17.233334,2026-05-21 08:00:00,wdir_hourly,,,2026-05-21T08:05:13.706675
0PU31,ALBEROBELLO,40.790558,17.233334,2026-05-21 08:00:00,ws_10m_hourly,4.6,m/s,2026-05-21T08:05:11.831705
0PU31,ALBEROBELLO,40.790558,17.233334,2026-05-21 08:00:00,ws_2m_hourly,2.4,m/s,2026-05-21T08:05:11.831702
0PU33,MOCCARI,40.558334,17.851667,2026-05-21 08:00:00,precip_10min_interval,0.0,mm,2026-05-21T08:05:06.144190
0PU33,MOCCARI,40.558334,17.851667,2026-05-21 08:00:00,precip_today_accum,0.0,mm,2026-05-21T08:05:08.084558
0PU33,MOCCARI,40.558334,17.851667,2026-05-21 08:00:00,rh_hourly,71.0,%,2026-05-21T08:05:03.965191
0PU33,MOCCARI,40.558334,17.851667,2026-05-21 08:00:00,rs_hourly,1289.6,W/m²,2026-05-21T08:05:09.235467
0PU33,MOCCARI,40.558334,17.851667,2026-05-21 08:00:00,tair_hourly,19.8,°C,2026-05-21T08:05:02.583138
0PU33,MOCCARI,40.558334,17.851667,2026-05-21 08:00:00,wdir_hourly,,,2026-05-21T08:05:13.706681
0PU33,MOCCARI,40.558334,17.851667,2026-05-21 08:00:00,ws_10m_hourly,7.8,m/s,2026-05-21T08:05:11.831838
0PU33,MOCCARI,40.558334,17.851667,2026-05-21 08:00:00,ws_2m_hourly,5.4,m/s,2026-05-21T08:05:11.831835
0PU34,LATIANO,40.548332,17.688057,2026-05-21 08:00:00,precip_10min_interval,0.0,mm,2026-05-21T08:05:06.144252
0PU34,LATIANO,40.548332,17.688057,2026-05-21 08:00:00,precip_today_accum,0.0,mm,2026-05-21T08:05:08.084561
0PU34,LATIANO,40.548332,17.688057,2026-05-21 08:00:00,rh_hourly,62.0,%,2026-05-21T08:05:03.965202
0PU34,LATIANO,40.548332,17.688057,2026-05-21 08:00:00,rs_hourly,1041.2,W/m²,2026-05-21T08:05:09.235481
0PU34,LATIANO,40.548332,17.688057,2026-05-21 08:00:00,tair_hourly,19.4,°C,2026-05-21T08:05:02.583152
0PU34,LATIANO,40.548332,17.688057,2026-05-21 08:00:00,wdir_hourly,,,2026-05-21T08:05:13.706683
0PU34,LATIANO,40.548332,17.688057,2026-05-21 08:00:00,ws_10m_hourly,3.0,m/s,2026-05-21T08:05:11.831973
0PU34,LATIANO,40.548332,17.688057,2026-05-21 08:00:00,ws_2m_hourly,2.9,m/s,2026-05-21T08:05:11.831970
0PU35,SAN VITO DEI NORMANNI,40.629166,17.73361,2026-05-21 08:00:00,precip_10min_interval,0.0,mm,2026-05-21T08:05:06.144314
0PU35,SAN VITO DEI NORMANNI,40.629166,17.73361,2026-05-21 08:00:00,precip_today_accum,0.0,mm,2026-05-21T08:05:08.084564
0PU35,SAN VITO DEI NORMANNI,40.629166,17.73361,2026-05-21 08:00:00,rs_hourly,1026.7,W/m²,2026-05-21T08:05:09.235495
0PU35,SAN VITO DEI NORMANNI,40.629166,17.73361,2026-05-21 08:00:00,tair_hourly,19.6,°C,2026-05-21T08:05:02.583166
0PU35,SAN VITO DEI NORMANNI,40.629166,17.73361,2026-05-21 08:00:00,wdir_hourly,,,2026-05-21T08:05:13.706686
0PU35,SAN VITO DEI NORMANNI,40.629166,17.73361,2026-05-21 08:00:00,ws_10m_hourly,6.6,m/s,2026-05-21T08:05:11.832099
0PU35,SAN VITO DEI NORMANNI,40.629166,17.73361,2026-05-21 08:00:00,ws_2m_hourly,4.3,m/s,2026-05-21T08:05:11.832096
0PU36,VILLANOVA,41.654167,15.586667,2026-05-21 08:00:00,precip_10min_interval,0.0,mm,2026-05-21T08:05:06.144377
0PU36,VILLANOVA,41.654167,15.586667,2026-05-21 08:00:00,precip_today_accum,0.0,mm,2026-05-21T08:05:08.084571
0PU36,VILLANOVA,41.654167,15.586667,2026-05-21 08:00:00,rh_hourly,68.0,%,2026-05-21T08:05:03.965215
0PU36,VILLANOVA,41.654167,15.586667,2026-05-21 08:00:00,rs_hourly,970.5,W/m²,2026-05-21T08:05:09.235507
0PU36,VILLANOVA,41.654167,15.586667,2026-05-21 08:00:00,tair_hourly,20.2,°C,2026-05-21T08:05:02.583179
0PU36,VILLANOVA,41.654167,15.586667,2026-05-21 08:00:00,ws_10m_hourly,10.5,m/s,2026-05-21T08:05:11.832226
0PU36,VILLANOVA,41.654167,15.586667,2026-05-21 08:00:00,ws_2m_hourly,6.1,m/s,2026-05-21T08:05:11.832223
0PU37,TROIA,41.336388,15.382778,2026-05-21 08:00:00,precip_10min_interval,0.0,mm,2026-05-21T08:05:06.144435
0PU37,TROIA,41.336388,15.382778,2026-05-21 08:00:00,rh_hourly,59.0,%,2026-05-21T08:05:03.965230
0PU37,TROIA,41.336388,15.382778,2026-05-21 08:00:00,rs_hourly,956.9,W/m²,2026-05-21T08:05:09.235519
0PU37,TROIA,41.336388,15.382778,2026-05-21 08:00:00,tair_hourly,18.2,°C,2026-05-21T08:05:02.583191
0PU37,TROIA,41.336388,15.382778,2026-05-21 08:00:00,ws_10m_hourly,5.8,m/s,2026-05-21T08:05:11.832356
0PU37,TROIA,41.336388,15.382778,2026-05-21 08:00:00,ws_2m_hourly,4.9,m/s,2026-05-21T08:05:11.832353
0PU38,BORGO LA ROCCA,41.558334,15.516111,2026-05-21 08:00:00,precip_10min_interval,0.0,mm,2026-05-21T08:05:06.144516
0PU38,BORGO LA ROCCA,41.558334,15.516111,2026-05-21 08:00:00,rh_hourly,61.0,%,2026-05-21T08:05:03.965243
0PU38,BORGO LA ROCCA,41.558334,15.516111,2026-05-21 08:00:00,rs_hourly,1043.6,W/m²,2026-05-21T08:05:09.235534
0PU38,BORGO LA ROCCA,41.558334,15.516111,2026-05-21 08:00:00,tair_hourly,19.2,°C,2026-05-21T08:05:02.583205
0PU38,BORGO LA ROCCA,41.558334,15.516111,2026-05-21 08:00:00,ws_10m_hourly,5.9,m/s,2026-05-21T08:05:11.832491
0PU38,BORGO LA ROCCA,41.558334,15.516111,2026-05-21 08:00:00,ws_2m_hourly,4.2,m/s,2026-05-21T08:05:11.832488
0PU40,ARCHE,40.273888,18.013611,2026-05-21 08:00:00,precip_10min_interval,0.0,mm,2026-05-21T08:05:06.144581
0PU40,ARCHE,40.273888,18.013611,2026-05-21 08:00:00,rh_hourly,60.0,%,2026-05-21T08:05:03.965255
0PU40,ARCHE,40.273888,18.013611,2026-05-21 08:00:00,rs_hourly,1019.3,W/m²,2026-05-21T08:05:09.235548
0PU40,ARCHE,40.273888,18.013611,2026-05-21 08:00:00,tair_hourly,20.3,°C,2026-05-21T08:05:02.583217
0PU40,ARCHE,40.273888,18.013611,2026-05-21 08:00:00,ws_10m_hourly,5.4,m/s,2026-05-21T08:05:11.832630
0PU40,ARCHE,40.273888,18.013611,2026-05-21 08:00:00,ws_2m_hourly,2.5,m/s,2026-05-21T08:05:11.832627
0PU41,LECCE,40.326668,18.139999,2026-05-21 08:00:00,precip_10min_interval,0.0,mm,2026-05-21T08:05:06.144646
0PU41,LECCE,40.326668,18.139999,2026-05-21 08:00:00,rh_hourly,63.0,%,2026-05-21T08:05:03.965273
0PU41,LECCE,40.326668,18.139999,2026-05-21 08:00:00,rs_hourly,1091.1,W/m²,2026-05-21T08:05:09.235560
0PU41,LECCE,40.326668,18.139999,2026-05-21 08:00:00,tair_hourly,20.5,°C,2026-05-21T08:05:02.583229
0PU41,LECCE,40.326668,18.139999,2026-05-21 08:00:00,ws_10m_hourly,4.4,m/s,2026-05-21T08:05:11.832765
0PU41,LECCE,40.326668,18.139999,2026-05-21 08:00:00,ws_2m_hourly,3.1,m/s,2026-05-21T08:05:11.832762
0PU42,SALICE SALENTINO,40.390556,17.875278,2026-05-21 08:00:00,precip_10min_interval,0.0,mm,2026-05-21T08:05:06.144711
0PU42,SALICE SALENTINO,40.390556,17.875278,2026-05-21 08:00:00,rh_hourly,64.0,%,2026-05-21T08:05:03.965287
0PU42,SALICE SALENTINO,40.390556,17.875278,2026-05-21 08:00:00,rs_hourly,1159.4,W/m²,2026-05-21T08:05:09.235573
0PU42,SALICE SALENTINO,40.390556,17.875278,2026-05-21 08:00:00,tair_hourly,20.0,°C,2026-05-21T08:05:02.583242
0PU42,SALICE SALENTINO,40.390556,17.875278,2026-05-21 08:00:00,ws_10m_hourly,7.0,m/s,2026-05-21T08:05:11.832898
0PU42,SALICE SALENTINO,40.390556,17.875278,2026-05-21 08:00:00,ws_2m_hourly,5.0,m/s,2026-05-21T08:05:11.832895
0PU43,LUCUGNANO,39.930279,18.3225,2026-05-21 08:00:00,precip_10min_interval,0.0,mm,2026-05-21T08:05:06.144779
0PU43,LUCUGNANO,39.930279,18.3225,2026-05-21 08:00:00,rh_hourly,66.0,%,2026-05-21T08:05:03.965299
0PU43,LUCUGNANO,39.930279,18.3225,2026-05-21 08:00:00,rs_hourly,1247.8,W/m²,2026-05-21T08:05:09.235588
0PU43,LUCUGNANO,39.930279,18.3225,2026-05-21 08:00:00,tair_hourly,19.8,°C,2026-05-21T08:05:02.583257
0PU43,LUCUGNANO,39.930279,18.3225,2026-05-21 08:00:00,ws_10m_hourly,4.9,m/s,2026-05-21T08:05:11.833042
0PU43,LUCUGNANO,39.930279,18.3225,2026-05-21 08:00:00,ws_2m_hourly,2.8,m/s,2026-05-21T08:05:11.833039
0PU44,MANDURIA,40.381943,17.621111,2026-05-21 08:00:00,precip_10min_interval,0.0,mm,2026-05-21T08:05:06.144842
0PU44,MANDURIA,40.381943,17.621111,2026-05-21 08:00:00,rh_hourly,60.0,%,2026-05-21T08:05:03.965313
0PU44,MANDURIA,40.381943,17.621111,2026-05-21 08:00:00,rs_hourly,1045.6,W/m²,2026-05-21T08:05:09.235601
0PU44,MANDURIA,40.381943,17.621111,2026-05-21 08:00:00,tair_hourly,20.0,°C,2026-05-21T08:05:02.583269
0PU44,MANDURIA,40.381943,17.621111,2026-05-21 08:00:00,ws_10m_hourly,7.4,m/s,2026-05-21T08:05:11.833170
0PU44,MANDURIA,40.381943,17.621111,2026-05-21 08:00:00,ws_2m_hourly,5.4,m/s,2026-05-21T08:05:11.833167
0PU45,MOTTOLA,40.675556,16.996111,2026-05-21 08:00:00,precip_10min_interval,0.0,mm,2026-05-21T08:05:06.144909
0PU45,MOTTOLA,40.675556,16.996111,2026-05-21 08:00:00,precip_today_accum,0.0,mm,2026-05-21T08:05:08.084596
0PU45,MOTTOLA,40.675556,16.996111,2026-05-21 08:00:00,rh_hourly,66.0,%,2026-05-21T08:05:03.965328
0PU45,MOTTOLA,40.675556,16.996111,2026-05-21 08:00:00,rs_hourly,988.4,W/m²,2026-05-21T08:05:09.235613
0PU45,MOTTOLA,40.675556,16.996111,2026-05-21 08:00:00,tair_hourly,18.8,°C,2026-05-21T08:05:02.583283
0PU45,MOTTOLA,40.675556,16.996111,2026-05-21 08:00:00,wdir_hourly,,,2026-05-21T08:05:13.706711
0PU45,MOTTOLA,40.675556,16.996111,2026-05-21 08:00:00,ws_10m_hourly,6.9,m/s,2026-05-21T08:05:11.833302
0PU45,MOTTOLA,40.675556,16.996111,2026-05-21 08:00:00,ws_2m_hourly,3.9,m/s,2026-05-21T08:05:11.833299
0PU46,MASSAFRA,40.582779,17.091944,2026-05-21 08:00:00,precip_10min_interval,0.0,mm,2026-05-21T08:05:06.144982
0PU46,MASSAFRA,40.582779,17.091944,2026-05-21 08:00:00,precip_today_accum,0.0,mm,2026-05-21T08:05:08.084600
0PU46,MASSAFRA,40.582779,17.091944,2026-05-21 08:00:00,rh_hourly,56.0,%,2026-05-21T08:05:03.965340
0PU46,MASSAFRA,40.582779,17.091944,2026-05-21 08:00:00,rs_hourly,1100.1,W/m²,2026-05-21T08:05:09.235624
0PU46,MASSAFRA,40.582779,17.091944,2026-05-21 08:00:00,tair_hourly,19.5,°C,2026-05-21T08:05:02.583298
0PU46,MASSAFRA,40.582779,17.091944,2026-05-21 08:00:00,wdir_hourly,,,2026-05-21T08:05:13.706714
0PU46,MASSAFRA,40.582779,17.091944,2026-05-21 08:00:00,ws_10m_hourly,5.4,m/s,2026-05-21T08:05:11.833435
0PU46,MASSAFRA,40.582779,17.091944,2026-05-21 08:00:00,ws_2m_hourly,3.4,m/s,2026-05-21T08:05:11.833432
0PU47,CASTELLANETA,40.494446,16.878889,2026-05-21 08:00:00,precip_10min_interval,0.0,mm,2026-05-21T08:05:06.145047
0PU47,CASTELLANETA,40.494446,16.878889,2026-05-21 08:00:00,precip_today_accum,0.0,mm,2026-05-21T08:05:08.084603
0PU47,CASTELLANETA,40.494446,16.878889,2026-05-21 08:00:00,rh_hourly,50.0,%,2026-05-21T08:05:03.965354
0PU47,CASTELLANETA,40.494446,16.878889,2026-05-21 08:00:00,rs_hourly,987.1,W/m²,2026-05-21T08:05:09.235638
0PU47,CASTELLANETA,40.494446,16.878889,2026-05-21 08:00:00,tair_hourly,19.5,°C,2026-05-21T08:05:02.583313
0PU47,CASTELLANETA,40.494446,16.878889,2026-05-21 08:00:00,wdir_hourly,,,2026-05-21T08:05:13.706716
0PU47,CASTELLANETA,40.494446,16.878889,2026-05-21 08:00:00,ws_10m_hourly,5.0,m/s,2026-05-21T08:05:11.833559
0PU47,CASTELLANETA,40.494446,16.878889,2026-05-21 08:00:00,ws_2m_hourly,2.3,m/s,2026-05-21T08:05:11.833556
0PU48,BARI C.N.R. IRSA,41.116943,16.820557,2026-05-21 08:00:00,precip_10min_interval,0.0,mm,2026-05-21T08:05:06.145109
0PU48,BARI C.N.R. IRSA,41.116943,16.820557,2026-05-21 08:00:00,rh_hourly,58.0,%,2026-05-21T08:05:03.965366
0PU48,BARI C.N.R. IRSA,41.116943,16.820557,2026-05-21 08:00:00,rs_hourly,1010.2,W/m²,2026-05-21T08:05:09.235647
0PU48,BARI C.N.R. IRSA,41.116943,16.820557,2026-05-21 08:00:00,tair_hourly,20.3,°C,2026-05-21T08:05:02.583325
0PU48,BARI C.N.R. IRSA,41.116943,16.820557,2026-05-21 08:00:00,ws_10m_hourly,4.9,m/s,2026-05-21T08:05:11.833684
0PU48,BARI C.N.R. IRSA,41.116943,16.820557,2026-05-21 08:00:00,ws_2m_hourly,3.2,m/s,2026-05-21T08:05:11.833681
0PU49,LOCOROTONDO ITAS,40.757221,17.340834,2026-05-21 08:00:00,precip_10min_interval,0.0,mm,2026-05-21T08:05:06.145175
0PU49,LOCOROTONDO ITAS,40.757221,17.340834,2026-05-21 08:00:00,rh_hourly,66.0,%,2026-05-21T08:05:03.965378
0PU49,LOCOROTONDO ITAS,40.757221,17.340834,2026-05-21 08:00:00,rs_hourly,1122.8,W/m²,2026-05-21T08:05:09.235659
0PU49,LOCOROTONDO ITAS,40.757221,17.340834,2026-05-21 08:00:00,tair_hourly,17.2,°C,2026-05-21T08:05:02.583339
0PU49,LOCOROTONDO ITAS,40.757221,17.340834,2026-05-21 08:00:00,ws_10m_hourly,5.8,m/s,2026-05-21T08:05:11.833816
0PU49,LOCOROTONDO ITAS,40.757221,17.340834,2026-05-21 08:00:00,ws_2m_hourly,3.9,m/s,2026-05-21T08:05:11.833813
0PU53,TORITTO,40.957222,16.567223,2026-05-21 08:00:00,precip_10min_interval,0.0,mm,2026-05-21T08:05:06.145240
0PU53,TORITTO,40.957222,16.567223,2026-05-21 08:00:00,rh_hourly,62.0,%,2026-05-21T08:05:03.965390
0PU53,TORITTO,40.957222,16.567223,2026-05-21 08:00:00,rs_hourly,972.6,W/m²,2026-05-21T08:05:09.235673
0PU53,TORITTO,40.957222,16.567223,2026-05-21 08:00:00,tair_hourly,17.2,°C,2026-05-21T08:05:02.583351
0PU53,TORITTO,40.957222,16.567223,2026-05-21 08:00:00,ws_10m_hourly,7.8,m/s,2026-05-21T08:05:11.833968
0PU53,TORITTO,40.957222,16.567223,2026-05-21 08:00:00,ws_2m_hourly,6.3,m/s,2026-05-21T08:05:11.833965
0PU54,TORRE SANTA SUSANNA,40.459442,17.724722,2026-05-21 08:00:00,precip_10min_interval,0.0,mm,2026-05-21T08:05:06.145302
0PU54,TORRE SANTA SUSANNA,40.459442,17.724722,2026-05-21 08:00:00,rh_hourly,55.0,%,2026-05-21T08:05:03.965405
0PU54,TORRE SANTA SUSANNA,40.459442,17.724722,2026-05-21 08:00:00,rs_hourly,1181.5,W/m²,2026-05-21T08:05:09.235685
0PU54,TORRE SANTA SUSANNA,40.459442,17.724722,2026-05-21 08:00:00,tair_hourly,21.3,°C,2026-05-21T08:05:02.583366
0PU54,TORRE SANTA SUSANNA,40.459442,17.724722,2026-05-21 08:00:00,ws_10m_hourly,6.0,m/s,2026-05-21T08:05:11.834104
0PU54,TORRE SANTA SUSANNA,40.459442,17.724722,2026-05-21 08:00:00,ws_2m_hourly,1.1,m/s,2026-05-21T08:05:11.834101
0PU55,LESINA-RIPALTA,41.8475,15.266111,2026-05-21 08:00:00,precip_10min_interval,0.0,mm,2026-05-21T08:05:06.145374
0PU55,LESINA-RIPALTA,41.8475,15.266111,2026-05-21 08:00:00,rh_hourly,70.0,%,2026-05-21T08:05:03.965418
0PU55,LESINA-RIPALTA,41.8475,15.266111,2026-05-21 08:00:00,rs_hourly,751.9,W/m²,2026-05-21T08:05:09.235700
0PU55,LESINA-RIPALTA,41.8475,15.266111,2026-05-21 08:00:00,tair_hourly,19.4,°C,2026-05-21T08:05:02.583378
0PU55,LESINA-RIPALTA,41.8475,15.266111,2026-05-21 08:00:00,ws_10m_hourly,7.4,m/s,2026-05-21T08:05:11.834238
0PU55,LESINA-RIPALTA,41.8475,15.266111,2026-05-21 08:00:00,ws_2m_hourly,5.2,m/s,2026-05-21T08:05:11.834235
0PU56,CARLANTINO,41.588333,14.983611,2026-05-21 08:00:00,precip_10min_interval,0.0,mm,2026-05-21T08:05:06.145438
0PU56,CARLANTINO,41.588333,14.983611,2026-05-21 08:00:00,rh_hourly,63.0,%,2026-05-21T08:05:03.965430
0PU56,CARLANTINO,41.588333,14.983611,2026-05-21 08:00:00,tair_hourly,15.6,°C,2026-05-21T08:05:02.583393
0PU56,CARLANTINO,41.588333,14.983611,2026-05-21 08:00:00,ws_10m_hourly,3.4,m/s,2026-05-21T08:05:11.834369
0PU56,CARLANTINO,41.588333,14.983611,2026-05-21 08:00:00,ws_2m_hourly,2.8,m/s,2026-05-21T08:05:11.834366
0PU57,SANT'AGATA DI PUGLIA,41.150276,15.46,2026-05-21 08:00:00,precip_10min_interval,0.0,mm,2026-05-21T08:05:06.145504
0PU57,SANT'AGATA DI PUGLIA,41.150276,15.46,2026-05-21 08:00:00,rh_hourly,55.0,%,2026-05-21T08:05:03.965447
0PU57,SANT'AGATA DI PUGLIA,41.150276,15.46,2026-05-21 08:00:00,rs_hourly,951.4,W/m²,2026-05-21T08:05:09.235715
0PU57,SANT'AGATA DI PUGLIA,41.150276,15.46,2026-05-21 08:00:00,tair_hourly,18.6,°C,2026-05-21T08:05:02.583405
0PU57,SANT'AGATA DI PUGLIA,41.150276,15.46,2026-05-21 08:00:00,ws_10m_hourly,6.5,m/s,2026-05-21T08:05:11.834509
0PU57,SANT'AGATA DI PUGLIA,41.150276,15.46,2026-05-21 08:00:00,ws_2m_hourly,4.2,m/s,2026-05-21T08:05:11.834506
0PU58,GINOSA,40.556389,16.843611,2026-05-21 08:00:00,precip_10min_interval,0.0,mm,2026-05-21T08:05:06.145574
0PU58,GINOSA,40.556389,16.843611,2026-05-21 08:00:00,rh_hourly,59.0,%,2026-05-21T08:05:03.965459
0PU58,GINOSA,40.556389,16.843611,2026-05-21 08:00:00,rs_hourly,1136.8,W/m²,2026-05-21T08:05:09.235727
0PU58,GINOSA,40.556389,16.843611,2026-05-21 08:00:00,tair_hourly,20.4,°C,2026-05-21T08:05:02.583417
0PU58,GINOSA,40.556389,16.843611,2026-05-21 08:00:00,ws_10m_hourly,4.4,m/s,2026-05-21T08:05:11.834645
0PU58,GINOSA,40.556389,16.843611,2026-05-21 08:00:00,ws_2m_hourly,3.3,m/s,2026-05-21T08:05:11.834643
0PU59,PALAGIANELLO,40.578335,16.975279,2026-05-21 08:00:00,precip_10min_interval,0.0,mm,2026-05-21T08:05:06.145642
0PU59,PALAGIANELLO,40.578335,16.975279,2026-05-21 08:00:00,rh_hourly,60.0,%,2026-05-21T08:05:03.965471
0PU59,PALAGIANELLO,40.578335,16.975279,2026-05-21 08:00:00,rs_hourly,972.0,W/m²,2026-05-21T08:05:09.235739
0PU59,PALAGIANELLO,40.578335,16.975279,2026-05-21 08:00:00,tair_hourly,20.5,°C,2026-05-21T08:05:02.583433
0PU59,PALAGIANELLO,40.578335,16.975279,2026-05-21 08:00:00,ws_10m_hourly,8.1,m/s,2026-05-21T08:05:11.834782
0PU59,PALAGIANELLO,40.578335,16.975279,2026-05-21 08:00:00,ws_2m_hourly,5.4,m/s,2026-05-21T08:05:11.834779
0PU60,MINERVINO DI LECCE,40.093613,18.418612,2026-05-21 08:00:00,precip_10min_interval,0.0,mm,2026-05-21T08:05:06.145711
0PU60,MINERVINO DI LECCE,40.093613,18.418612,2026-05-21 08:00:00,rh_hourly,68.0,%,2026-05-21T08:05:03.965485
0PU60,MINERVINO DI LECCE,40.093613,18.418612,2026-05-21 08:00:00,rs_hourly,1087.9,W/m²,2026-05-21T08:05:09.235751
0PU60,MINERVINO DI LECCE,40.093613,18.418612,2026-05-21 08:00:00,tair_hourly,20.2,°C,2026-05-21T08:05:02.583446
0PU60,MINERVINO DI LECCE,40.093613,18.418612,2026-05-21 08:00:00,ws_10m_hourly,5.4,m/s,2026-05-21T08:05:11.834923
0PU60,MINERVINO DI LECCE,40.093613,18.418612,2026-05-21 08:00:00,ws_2m_hourly,3.5,m/s,2026-05-21T08:05:11.834920
0PU61,NARDO',40.171391,17.976389,2026-05-21 08:00:00,precip_10min_interval,0.0,mm,2026-05-21T08:05:06.145778
0PU61,NARDO',40.171391,17.976389,2026-05-21 08:00:00,rh_hourly,58.0,%,2026-05-21T08:05:03.965497
0PU61,NARDO',40.171391,17.976389,2026-05-21 08:00:00,rs_hourly,1073.2,W/m²,2026-05-21T08:05:09.235786
0PU61,NARDO',40.171391,17.976389,2026-05-21 08:00:00,tair_hourly,20.9,°C,2026-05-21T08:05:02.583458
0PU61,NARDO',40.171391,17.976389,2026-05-21 08:00:00,ws_10m_hourly,7.5,m/s,2026-05-21T08:05:11.835071
0PU61,NARDO',40.171391,17.976389,2026-05-21 08:00:00,ws_2m_hourly,3.0,m/s,2026-05-21T08:05:11.835065
MBA20,IPSAA,41.22139,16.049723,2026-05-21 08:00:00,precip_10min_interval,0.0,mm,2026-05-21T08:05:06.145846
MBA20,IPSAA,41.22139,16.049723,2026-05-21 08:00:00,rh_hourly,60.0,%,2026-05-21T08:05:03.965509
MBA20,IPSAA,41.22139,16.049723,2026-05-21 08:00:00,tair_hourly,18.9,°C,2026-05-21T08:05:02.583473
MBA20,IPSAA,41.22139,16.049723,2026-05-21 08:00:00,ws_2m_hourly,1.9,m/s,2026-05-21T08:05:11.835147
MBA21,MONTEGROSSO,41.132778,16.185833,2026-05-21 08:00:00,precip_10min_interval,0.0,mm,2026-05-21T08:05:06.145915
MBA21,MONTEGROSSO,41.132778,16.185833,2026-05-21 08:00:00,rh_hourly,62.0,%,2026-05-21T08:05:03.965523
MBA21,MONTEGROSSO,41.132778,16.185833,2026-05-21 08:00:00,tair_hourly,16.8,°C,2026-05-21T08:05:02.583487
MBA21,MONTEGROSSO,41.132778,16.185833,2026-05-21 08:00:00,ws_2m_hourly,2.0,m/s,2026-05-21T08:05:11.835215
MBA22,S.P. SANTERAMO,40.80611,16.591389,2026-05-21 08:00:00,precip_10min_interval,0.0,mm,2026-05-21T08:05:06.145993
MBA22,S.P. SANTERAMO,40.80611,16.591389,2026-05-21 08:00:00,rh_hourly,66.0,%,2026-05-21T08:05:03.965538
MBA22,S.P. SANTERAMO,40.80611,16.591389,2026-05-21 08:00:00,tair_hourly,17.5,°C,2026-05-21T08:05:02.583499
MBA22,S.P. SANTERAMO,40.80611,16.591389,2026-05-21 08:00:00,ws_2m_hourly,5.8,m/s,2026-05-21T08:05:11.835282
MBA24,CASSANO DELLE MURGE,40.918888,16.78861,2026-05-21 08:00:00,precip_10min_interval,0.0,mm,2026-05-21T08:05:06.146069
MBA24,CASSANO DELLE MURGE,40.918888,16.78861,2026-05-21 08:00:00,rh_hourly,63.0,%,2026-05-21T08:05:03.965550
MBA24,CASSANO DELLE MURGE,40.918888,16.78861,2026-05-21 08:00:00,tair_hourly,18.4,°C,2026-05-21T08:05:02.583511
MBA24,CASSANO DELLE MURGE,40.918888,16.78861,2026-05-21 08:00:00,ws_2m_hourly,4.8,m/s,2026-05-21T08:05:11.835354
MBA25,SANTERAMO IN COLLE,40.78611,16.775833,2026-05-21 08:00:00,precip_10min_interval,0.0,mm,2026-05-21T08:05:06.146134
MBA25,SANTERAMO IN COLLE,40.78611,16.775833,2026-05-21 08:00:00,rh_hourly,59.0,%,2026-05-21T08:05:03.965564
MBA25,SANTERAMO IN COLLE,40.78611,16.775833,2026-05-21 08:00:00,tair_hourly,17.4,°C,2026-05-21T08:05:02.583526
MBA25,SANTERAMO IN COLLE,40.78611,16.775833,2026-05-21 08:00:00,ws_2m_hourly,3.8,m/s,2026-05-21T08:05:11.835422
MBA26,CAMPO SPER. UNIBA,41.023609,16.906389,2026-05-21 08:00:00,precip_10min_interval,0.0,mm,2026-05-21T08:05:06.146205
MBA26,CAMPO SPER. UNIBA,41.023609,16.906389,2026-05-21 08:00:00,rh_hourly,70.0,%,2026-05-21T08:05:03.965578
MBA26,CAMPO SPER. UNIBA,41.023609,16.906389,2026-05-21 08:00:00,tair_hourly,19.5,°C,2026-05-21T08:05:02.583538
MBA26,CAMPO SPER. UNIBA,41.023609,16.906389,2026-05-21 08:00:00,ws_2m_hourly,2.0,m/s,2026-05-21T08:05:11.835490
MBA27,SERRONE(AZ.AGR.MANCINI),40.921391,16.947222,2026-05-21 08:00:00,precip_10min_interval,0.0,mm,2026-05-21T08:05:06.146273
MBA27,SERRONE(AZ.AGR.MANCINI),40.921391,16.947222,2026-05-21 08:00:00,rh_hourly,70.0,%,2026-05-21T08:05:03.965589
MBA27,SERRONE(AZ.AGR.MANCINI),40.921391,16.947222,2026-05-21 08:00:00,tair_hourly,17.9,°C,2026-05-21T08:05:02.583550
MBA27,SERRONE(AZ.AGR.MANCINI),40.921391,16.947222,2026-05-21 08:00:00,ws_2m_hourly,3.5,m/s,2026-05-21T08:05:11.835562
MBA28,MURGIA ANTICI,40.715557,17.106667,2026-05-21 08:00:00,precip_10min_interval,0.0,mm,2026-05-21T08:05:06.146343
MBA28,MURGIA ANTICI,40.715557,17.106667,2026-05-21 08:00:00,rh_hourly,74.0,%,2026-05-21T08:05:03.965601
MBA28,MURGIA ANTICI,40.715557,17.106667,2026-05-21 08:00:00,tair_hourly,17.0,°C,2026-05-21T08:05:02.583567
MBA28,MURGIA ANTICI,40.715557,17.106667,2026-05-21 08:00:00,ws_2m_hourly,4.5,m/s,2026-05-21T08:05:11.835631
MBA29,LAMENDOLA I,40.812222,17.164167,2026-05-21 08:00:00,precip_10min_interval,0.0,mm,2026-05-21T08:05:06.146413
MBA29,LAMENDOLA I,40.812222,17.164167,2026-05-21 08:00:00,rh_hourly,75.0,%,2026-05-21T08:05:03.965617
MBA29,LAMENDOLA I,40.812222,17.164167,2026-05-21 08:00:00,tair_hourly,16.5,°C,2026-05-21T08:05:02.583581
MBA29,LAMENDOLA I,40.812222,17.164167,2026-05-21 08:00:00,ws_2m_hourly,4.8,m/s,2026-05-21T08:05:11.835701
MBR30,FASCIANELLO,40.860279,17.364166,2026-05-21 08:00:00,precip_10min_interval,0.0,mm,2026-05-21T08:05:06.146482
MBR30,FASCIANELLO,40.860279,17.364166,2026-05-21 08:00:00,rh_hourly,66.0,%,2026-05-21T08:05:03.965629
MBR30,FASCIANELLO,40.860279,17.364166,2026-05-21 08:00:00,tair_hourly,19.7,°C,2026-05-21T08:05:02.583594
MBR30,FASCIANELLO,40.860279,17.364166,2026-05-21 08:00:00,ws_2m_hourly,4.9,m/s,2026-05-21T08:05:11.835775
MBR31,FERRUZZO,40.62389,17.497499,2026-05-21 08:00:00,precip_10min_interval,0.0,mm,2026-05-21T08:05:06.146552
MBR31,FERRUZZO,40.62389,17.497499,2026-05-21 08:00:00,rh_hourly,66.0,%,2026-05-21T08:05:03.965641
MBR31,FERRUZZO,40.62389,17.497499,2026-05-21 08:00:00,tair_hourly,18.3,°C,2026-05-21T08:05:02.583608
MBR31,FERRUZZO,40.62389,17.497499,2026-05-21 08:00:00,ws_2m_hourly,3.0,m/s,2026-05-21T08:05:11.835838
MFG01,S. LUCIA,41.470554,15.363889,2026-05-21 08:00:00,precip_10min_interval,0.0,mm,2026-05-21T08:05:06.146619
MFG01,S. LUCIA,41.470554,15.363889,2026-05-21 08:00:00,rh_hourly,54.0,%,2026-05-21T08:05:03.965653
MFG01,S. LUCIA,41.470554,15.363889,2026-05-21 08:00:00,tair_hourly,18.7,°C,2026-05-21T08:05:02.583620
MFG01,S. LUCIA,41.470554,15.363889,2026-05-21 08:00:00,ws_2m_hourly,2.7,m/s,2026-05-21T08:05:11.835908
MFG02,SERRA DEI BISI,41.347778,15.282778,2026-05-21 08:00:00,precip_10min_interval,0.0,mm,2026-05-21T08:05:06.146689
MFG02,SERRA DEI BISI,41.347778,15.282778,2026-05-21 08:00:00,rh_hourly,58.0,%,2026-05-21T08:05:03.965668
MFG02,SERRA DEI BISI,41.347778,15.282778,2026-05-21 08:00:00,tair_hourly,17.3,°C,2026-05-21T08:05:02.583633
MFG02,SERRA DEI BISI,41.347778,15.282778,2026-05-21 08:00:00,ws_2m_hourly,2.2,m/s,2026-05-21T08:05:11.835989
MFG03,LA PESCIA,41.40889,15.756667,2026-05-21 08:00:00,precip_10min_interval,0.0,mm,2026-05-21T08:05:06.146758
MFG03,LA PESCIA,41.40889,15.756667,2026-05-21 08:00:00,rh_hourly,67.0,%,2026-05-21T08:05:03.965679
MFG03,LA PESCIA,41.40889,15.756667,2026-05-21 08:00:00,tair_hourly,20.0,°C,2026-05-21T08:05:02.583649
MFG03,LA PESCIA,41.40889,15.756667,2026-05-21 08:00:00,ws_2m_hourly,3.3,m/s,2026-05-21T08:05:11.836058
MFG04,TRE SANTI,41.393612,15.848056,2026-05-21 08:00:00,precip_10min_interval,0.0,mm,2026-05-21T08:05:06.146827
MFG04,TRE SANTI,41.393612,15.848056,2026-05-21 08:00:00,rh_hourly,64.0,%,2026-05-21T08:05:03.965694
MFG04,TRE SANTI,41.393612,15.848056,2026-05-21 08:00:00,tair_hourly,20.2,°C,2026-05-21T08:05:02.583661
MFG04,TRE SANTI,41.393612,15.848056,2026-05-21 08:00:00,ws_2m_hourly,3.4,m/s,2026-05-21T08:05:11.836132
MFG05,RIVOLI,41.470833,15.929444,2026-05-21 08:00:00,precip_10min_interval,0.0,mm,2026-05-21T08:05:06.146907
MFG05,RIVOLI,41.470833,15.929444,2026-05-21 08:00:00,rh_hourly,68.0,%,2026-05-21T08:05:03.965708
MFG05,RIVOLI,41.470833,15.929444,2026-05-21 08:00:00,ws_2m_hourly,2.7,m/s,2026-05-21T08:05:11.836205
MFG06,TAVOLETTA,41.194168,15.932222,2026-05-21 08:00:00,precip_10min_interval,0.0,mm,2026-05-21T08:05:06.146984
MFG06,TAVOLETTA,41.194168,15.932222,2026-05-21 08:00:00,rh_hourly,66.0,%,2026-05-21T08:05:03.965720
MFG06,TAVOLETTA,41.194168,15.932222,2026-05-21 08:00:00,tair_hourly,19.3,°C,2026-05-21T08:05:02.583673
MFG06,TAVOLETTA,41.194168,15.932222,2026-05-21 08:00:00,ws_2m_hourly,5.4,m/s,2026-05-21T08:05:11.836275
MFG07,COPPA D'ORO,41.421665,15.606944,2026-05-21 08:00:00,precip_10min_interval,0.0,mm,2026-05-21T08:05:06.147056
MFG07,COPPA D'ORO,41.421665,15.606944,2026-05-21 08:00:00,rh_hourly,62.0,%,2026-05-21T08:05:03.965734
MFG07,COPPA D'ORO,41.421665,15.606944,2026-05-21 08:00:00,tair_hourly,18.8,°C,2026-05-21T08:05:02.583685
MFG07,COPPA D'ORO,41.421665,15.606944,2026-05-21 08:00:00,ws_2m_hourly,4.2,m/s,2026-05-21T08:05:11.836342
MFG09,ARIOLA,41.8325,15.859722,2026-05-21 08:00:00,precip_10min_interval,0.0,mm,2026-05-21T08:05:06.147127
MFG09,ARIOLA,41.8325,15.859722,2026-05-21 08:00:00,rh_hourly,78.0,%,2026-05-21T08:05:03.965748
MFG09,ARIOLA,41.8325,15.859722,2026-05-21 08:00:00,tair_hourly,18.2,°C,2026-05-21T08:05:02.583699
MFG09,ARIOLA,41.8325,15.859722,2026-05-21 08:00:00,ws_2m_hourly,0.6,m/s,2026-05-21T08:05:11.836412
MFG10,MATINE CARNE SALATA,41.651943,15.706389,2026-05-21 08:00:00,precip_10min_interval,0.0,mm,2026-05-21T08:05:06.147197
MFG10,MATINE CARNE SALATA,41.651943,15.706389,2026-05-21 08:00:00,rh_hourly,51.0,%,2026-05-21T08:05:03.965760
MFG10,MATINE CARNE SALATA,41.651943,15.706389,2026-05-21 08:00:00,tair_hourly,21.4,°C,2026-05-21T08:05:02.583717
MFG10,MATINE CARNE SALATA,41.651943,15.706389,2026-05-21 08:00:00,ws_2m_hourly,2.3,m/s,2026-05-21T08:05:11.836487
MFG11,SELVA DELLE GROTTE,41.714722,15.148056,2026-05-21 08:00:00,precip_10min_interval,0.0,mm,2026-05-21T08:05:06.147268
MFG11,SELVA DELLE GROTTE,41.714722,15.148056,2026-05-21 08:00:00,rh_hourly,57.0,%,2026-05-21T08:05:03.965772
MFG11,SELVA DELLE GROTTE,41.714722,15.148056,2026-05-21 08:00:00,tair_hourly,19.8,°C,2026-05-21T08:05:02.583729
MFG11,SELVA DELLE GROTTE,41.714722,15.148056,2026-05-21 08:00:00,ws_2m_hourly,4.4,m/s,2026-05-21T08:05:11.836557
MFG13,BISCIGLIETO,41.142502,15.662778,2026-05-21 08:00:00,precip_10min_interval,0.0,mm,2026-05-21T08:05:06.147338
MFG13,BISCIGLIETO,41.142502,15.662778,2026-05-21 08:00:00,rh_hourly,67.0,%,2026-05-21T08:05:03.965786
MFG13,BISCIGLIETO,41.142502,15.662778,2026-05-21 08:00:00,tair_hourly,17.3,°C,2026-05-21T08:05:02.583744
MFG13,BISCIGLIETO,41.142502,15.662778,2026-05-21 08:00:00,ws_2m_hourly,5.9,m/s,2026-05-21T08:05:11.836631
MFG14,S. LUCIA,41.922779,15.874722,2026-05-21 08:00:00,precip_10min_interval,0.0,mm,2026-05-21T08:05:06.147405
MFG14,S. LUCIA,41.922779,15.874722,2026-05-21 08:00:00,rh_hourly,83.0,%,2026-05-21T08:05:03.965804
MFG14,S. LUCIA,41.922779,15.874722,2026-05-21 08:00:00,tair_hourly,18.8,°C,2026-05-21T08:05:02.583756
MFG14,S. LUCIA,41.922779,15.874722,2026-05-21 08:00:00,ws_2m_hourly,1.4,m/s,2026-05-21T08:05:11.836695
MFG15,CASA LORDA,41.62389,15.403056,2026-05-21 08:00:00,precip_10min_interval,0.0,mm,2026-05-21T08:05:06.147473
MFG15,CASA LORDA,41.62389,15.403056,2026-05-21 08:00:00,rh_hourly,60.0,%,2026-05-21T08:05:03.965815
MFG15,CASA LORDA,41.62389,15.403056,2026-05-21 08:00:00,tair_hourly,20.2,°C,2026-05-21T08:05:02.583768
MFG15,CASA LORDA,41.62389,15.403056,2026-05-21 08:00:00,ws_2m_hourly,3.0,m/s,2026-05-21T08:05:11.836766
MFG16,QUERCIA COPPE,41.693054,15.756944,2026-05-21 08:00:00,precip_10min_interval,0.0,mm,2026-05-21T08:05:06.147543
MFG16,QUERCIA COPPE,41.693054,15.756944,2026-05-21 08:00:00,rh_hourly,81.0,%,2026-05-21T08:05:03.965827
MFG16,QUERCIA COPPE,41.693054,15.756944,2026-05-21 08:00:00,tair_hourly,15.2,°C,2026-05-21T08:05:02.583782
MFG16,QUERCIA COPPE,41.693054,15.756944,2026-05-21 08:00:00,ws_2m_hourly,4.3,m/s,2026-05-21T08:05:11.836832
MFG17,CARRO CHIUSO,41.284168,16.077223,2026-05-21 08:00:00,precip_10min_interval,0.0,mm,2026-05-21T08:05:06.147618
MFG17,CARRO CHIUSO,41.284168,16.077223,2026-05-21 08:00:00,rh_hourly,64.0,%,2026-05-21T08:05:03.965843
MFG17,CARRO CHIUSO,41.284168,16.077223,2026-05-21 08:00:00,tair_hourly,18.4,°C,2026-05-21T08:05:02.583796
MFG17,CARRO CHIUSO,41.284168,16.077223,2026-05-21 08:00:00,ws_2m_hourly,2.2,m/s,2026-05-21T08:05:11.836908
MFG18,VIESTE,41.901669,16.080557,2026-05-21 08:00:00,precip_10min_interval,0.0,mm,2026-05-21T08:05:06.147688
MFG18,VIESTE,41.901669,16.080557,2026-05-21 08:00:00,rh_hourly,75.0,%,2026-05-21T08:05:03.965855
MFG18,VIESTE,41.901669,16.080557,2026-05-21 08:00:00,tair_hourly,20.2,°C,2026-05-21T08:05:02.583808
MFG18,VIESTE,41.901669,16.080557,2026-05-21 08:00:00,ws_2m_hourly,2.1,m/s,2026-05-21T08:05:11.836984
MFG19,FOGGIA MONTEROZZI,41.521111,15.591944,2026-05-21 08:00:00,precip_10min_interval,0.0,mm,2026-05-21T08:05:06.147763
MFG19,FOGGIA MONTEROZZI,41.521111,15.591944,2026-05-21 08:00:00,tair_hourly,19.5,°C,2026-05-21T08:05:02.583823
MFG19,FOGGIA MONTEROZZI,41.521111,15.591944,2026-05-21 08:00:00,ws_2m_hourly,5.6,m/s,2026-05-21T08:05:11.837054
MLE34,BARBARO,39.980831,18.1525,2026-05-21 08:00:00,precip_10min_interval,0.0,mm,2026-05-21T08:05:06.147828
MLE34,BARBARO,39.980831,18.1525,2026-05-21 08:00:00,rh_hourly,60.0,%,2026-05-21T08:05:03.965867
MLE34,BARBARO,39.980831,18.1525,2026-05-21 08:00:00,tair_hourly,20.4,°C,2026-05-21T08:05:02.583837
MLE34,BARBARO,39.980831,18.1525,2026-05-21 08:00:00,ws_2m_hourly,4.4,m/s,2026-05-21T08:05:11.837124
MLE35,MALOPRA,40.225555,18.299168,2026-05-21 08:00:00,precip_10min_interval,0.0,mm,2026-05-21T08:05:06.147898
MLE35,MALOPRA,40.225555,18.299168,2026-05-21 08:00:00,rh_hourly,69.0,%,2026-05-21T08:05:03.965881
MLE35,MALOPRA,40.225555,18.299168,2026-05-21 08:00:00,tair_hourly,20.4,°C,2026-05-21T08:05:02.583851
MLE35,MALOPRA,40.225555,18.299168,2026-05-21 08:00:00,ws_2m_hourly,3.6,m/s,2026-05-21T08:05:11.837194
MTA32,MARTINA FRANCA,40.634724,17.277779,2026-05-21 08:00:00,precip_10min_interval,0.0,mm,2026-05-21T08:05:06.147978
MTA32,MARTINA FRANCA,40.634724,17.277779,2026-05-21 08:00:00,rh_hourly,67.0,%,2026-05-21T08:05:03.965894
MTA32,MARTINA FRANCA,40.634724,17.277779,2026-05-21 08:00:00,tair_hourly,17.9,°C,2026-05-21T08:05:02.583863
MTA32,MARTINA FRANCA,40.634724,17.277779,2026-05-21 08:00:00,ws_2m_hourly,1.7,m/s,2026-05-21T08:05:11.837266
0PU01,GUROLAMANNA,40.916111,16.447779,2026-05-21 08:10:00,precip_10min_interval,0.0,mm,2026-05-21T11:14:12.087653
0PU01,GUROLAMANNA,40.916111,16.447779,2026-05-21 08:10:00,ws_10m_hourly,7.9,m/s,2026-05-21T11:14:17.617970
0PU01,GUROLAMANNA,40.916111,16.447779,2026-05-21 08:10:00,ws_2m_hourly,5.5,m/s,2026-05-21T11:14:17.617957
0PU03,LIMELLI D'IMPERATORE,40.883057,16.3125,2026-05-21 08:10:00,precip_10min_interval,0.0,mm,2026-05-21T11:14:12.087722
0PU03,LIMELLI D'IMPERATORE,40.883057,16.3125,2026-05-21 08:10:00,ws_10m_hourly,6.2,m/s,2026-05-21T11:14:17.618115
0PU03,LIMELLI D'IMPERATORE,40.883057,16.3125,2026-05-21 08:10:00,ws_2m_hourly,4.0,m/s,2026-05-21T11:14:17.618109
0PU04,OTTAVA SEDICI,40.7925,17.481943,2026-05-21 08:10:00,precip_10min_interval,0.0,mm,2026-05-21T11:14:12.087811
0PU04,OTTAVA SEDICI,40.7925,17.481943,2026-05-21 08:10:00,ws_10m_hourly,4.3,m/s,2026-05-21T11:14:17.618288
0PU04,OTTAVA SEDICI,40.7925,17.481943,2026-05-21 08:10:00,ws_2m_hourly,1.7,m/s,2026-05-21T11:14:17.618282
0PU06,MAINE,40.543056,18.032223,2026-05-21 08:10:00,precip_10min_interval,0.0,mm,2026-05-21T11:14:12.087878
0PU06,MAINE,40.543056,18.032223,2026-05-21 08:10:00,ws_10m_hourly,4.6,m/s,2026-05-21T11:14:17.618387
0PU06,MAINE,40.543056,18.032223,2026-05-21 08:10:00,ws_2m_hourly,1.2,m/s,2026-05-21T11:14:17.618384
0PU07,TRIONFO,41.347221,15.744167,2026-05-21 08:10:00,precip_10min_interval,0.0,mm,2026-05-21T11:14:12.087950
0PU07,TRIONFO,41.347221,15.744167,2026-05-21 08:10:00,ws_10m_hourly,5.9,m/s,2026-05-21T11:14:17.618464
0PU07,TRIONFO,41.347221,15.744167,2026-05-21 08:10:00,ws_2m_hourly,0.7,m/s,2026-05-21T11:14:17.618461
0PU08,TORRETTA,41.542221,15.173889,2026-05-21 08:10:00,precip_10min_interval,0.0,mm,2026-05-21T11:14:12.088029
0PU08,TORRETTA,41.542221,15.173889,2026-05-21 08:10:00,ws_10m_hourly,5.4,m/s,2026-05-21T11:14:17.618548
0PU08,TORRETTA,41.542221,15.173889,2026-05-21 08:10:00,ws_2m_hourly,0.0,m/s,2026-05-21T11:14:17.618545
0PU10,FRASSANITO,40.237221,18.441389,2026-05-21 08:10:00,precip_10min_interval,0.0,mm,2026-05-21T11:14:12.088084
0PU10,FRASSANITO,40.237221,18.441389,2026-05-21 08:10:00,ws_10m_hourly,7.3,m/s,2026-05-21T11:14:17.618631
0PU10,FRASSANITO,40.237221,18.441389,2026-05-21 08:10:00,ws_2m_hourly,4.4,m/s,2026-05-21T11:14:17.618628
0PU11,BADESSA,40.470554,18.097221,2026-05-21 08:10:00,precip_10min_interval,0.0,mm,2026-05-21T11:14:12.088128
0PU11,BADESSA,40.470554,18.097221,2026-05-21 08:10:00,ws_10m_hourly,6.4,m/s,2026-05-21T11:14:17.618715
0PU11,BADESSA,40.470554,18.097221,2026-05-21 08:10:00,ws_2m_hourly,4.1,m/s,2026-05-21T11:14:17.618711
0PU12,CONTE,39.981945,18.067499,2026-05-21 08:10:00,precip_10min_interval,0.0,mm,2026-05-21T11:14:12.088169
0PU12,CONTE,39.981945,18.067499,2026-05-21 08:10:00,ws_10m_hourly,5.4,m/s,2026-05-21T11:14:17.618802
0PU12,CONTE,39.981945,18.067499,2026-05-21 08:10:00,ws_2m_hourly,1.3,m/s,2026-05-21T11:14:17.618799
0PU13,TORRICELLA,40.343334,17.487778,2026-05-21 08:10:00,precip_10min_interval,0.0,mm,2026-05-21T11:14:12.088210
0PU13,TORRICELLA,40.343334,17.487778,2026-05-21 08:10:00,ws_10m_hourly,7.9,m/s,2026-05-21T11:14:17.618883
0PU13,TORRICELLA,40.343334,17.487778,2026-05-21 08:10:00,ws_2m_hourly,4.6,m/s,2026-05-21T11:14:17.618881
0PU14,TAFURI,40.680832,16.867779,2026-05-21 08:10:00,precip_10min_interval,0.0,mm,2026-05-21T11:14:12.088272
0PU14,TAFURI,40.680832,16.867779,2026-05-21 08:10:00,ws_10m_hourly,8.2,m/s,2026-05-21T11:14:17.618975
0PU14,TAFURI,40.680832,16.867779,2026-05-21 08:10:00,ws_2m_hourly,4.2,m/s,2026-05-21T11:14:17.618967
0PU16,ANDRIA,41.202221,16.201944,2026-05-21 08:10:00,precip_10min_interval,0.0,mm,2026-05-21T11:14:12.088316
0PU16,ANDRIA,41.202221,16.201944,2026-05-21 08:10:00,ws_10m_hourly,3.1,m/s,2026-05-21T11:14:17.619056
0PU16,ANDRIA,41.202221,16.201944,2026-05-21 08:10:00,ws_2m_hourly,0.9,m/s,2026-05-21T11:14:17.619051
0PU17,OSTUNI-SAROLO,40.688332,17.413889,2026-05-21 08:10:00,precip_10min_interval,0.0,mm,2026-05-21T11:14:12.088359
0PU17,OSTUNI-SAROLO,40.688332,17.413889,2026-05-21 08:10:00,ws_10m_hourly,5.3,m/s,2026-05-21T11:14:17.619146
0PU17,OSTUNI-SAROLO,40.688332,17.413889,2026-05-21 08:10:00,ws_2m_hourly,2.9,m/s,2026-05-21T11:14:17.619143
0PU18,MONOPOLI,40.919445,17.294443,2026-05-21 08:10:00,precip_10min_interval,0.0,mm,2026-05-21T11:14:12.088403
0PU18,MONOPOLI,40.919445,17.294443,2026-05-21 08:10:00,ws_10m_hourly,5.5,m/s,2026-05-21T11:14:17.619255
0PU18,MONOPOLI,40.919445,17.294443,2026-05-21 08:10:00,ws_2m_hourly,3.4,m/s,2026-05-21T11:14:17.619252
0PU19,TERLIZZI,41.120834,16.549168,2026-05-21 08:10:00,precip_10min_interval,0.0,mm,2026-05-21T11:14:12.088450
0PU19,TERLIZZI,41.120834,16.549168,2026-05-21 08:10:00,ws_10m_hourly,1.4,m/s,2026-05-21T11:14:17.619344
0PU19,TERLIZZI,41.120834,16.549168,2026-05-21 08:10:00,ws_2m_hourly,0.3,m/s,2026-05-21T11:14:17.619341
0PU20,VILLA CASTELLI,40.553055,17.504444,2026-05-21 08:10:00,precip_10min_interval,0.0,mm,2026-05-21T11:14:12.088495
0PU20,VILLA CASTELLI,40.553055,17.504444,2026-05-21 08:10:00,ws_10m_hourly,6.0,m/s,2026-05-21T11:14:17.619435
0PU20,VILLA CASTELLI,40.553055,17.504444,2026-05-21 08:10:00,ws_2m_hourly,3.3,m/s,2026-05-21T11:14:17.619432
0PU21,CAROVIGNO,40.691944,17.630278,2026-05-21 08:10:00,precip_10min_interval,0.0,mm,2026-05-21T11:14:12.088538
0PU21,CAROVIGNO,40.691944,17.630278,2026-05-21 08:10:00,ws_10m_hourly,4.9,m/s,2026-05-21T11:14:17.619526
0PU21,CAROVIGNO,40.691944,17.630278,2026-05-21 08:10:00,ws_2m_hourly,1.6,m/s,2026-05-21T11:14:17.619523
0PU22,APRICENA,41.773335,15.438611,2026-05-21 08:10:00,precip_10min_interval,0.0,mm,2026-05-21T11:14:12.088589
0PU22,APRICENA,41.773335,15.438611,2026-05-21 08:10:00,ws_10m_hourly,6.9,m/s,2026-05-21T11:14:17.619616
0PU22,APRICENA,41.773335,15.438611,2026-05-21 08:10:00,ws_2m_hourly,1.4,m/s,2026-05-21T11:14:17.619613
0PU23,MANFREDONIA,41.541389,15.885833,2026-05-21 08:10:00,precip_10min_interval,0.0,mm,2026-05-21T11:14:12.088632
0PU23,MANFREDONIA,41.541389,15.885833,2026-05-21 08:10:00,ws_10m_hourly,4.6,m/s,2026-05-21T11:14:17.619706
0PU23,MANFREDONIA,41.541389,15.885833,2026-05-21 08:10:00,ws_2m_hourly,2.4,m/s,2026-05-21T11:14:17.619703
0PU25,NOCIGLIA,40.034443,18.313057,2026-05-21 08:10:00,precip_10min_interval,0.0,mm,2026-05-21T11:14:12.088677
0PU25,NOCIGLIA,40.034443,18.313057,2026-05-21 08:10:00,ws_10m_hourly,5.8,m/s,2026-05-21T11:14:17.619802
0PU25,NOCIGLIA,40.034443,18.313057,2026-05-21 08:10:00,ws_2m_hourly,3.3,m/s,2026-05-21T11:14:17.619797
0PU27,GROTTAGLIE,40.53389,17.362778,2026-05-21 08:10:00,ws_10m_hourly,4.2,m/s,2026-05-21T11:14:17.619890
0PU27,GROTTAGLIE,40.53389,17.362778,2026-05-21 08:10:00,ws_2m_hourly,2.7,m/s,2026-05-21T11:14:17.619886
0PU28,TRANI,41.247501,16.415556,2026-05-21 08:10:00,precip_10min_interval,0.0,mm,2026-05-21T11:14:12.088721
0PU28,TRANI,41.247501,16.415556,2026-05-21 08:10:00,ws_10m_hourly,4.5,m/s,2026-05-21T11:14:17.620032
0PU28,TRANI,41.247501,16.415556,2026-05-21 08:10:00,ws_2m_hourly,2.9,m/s,2026-05-21T11:14:17.620029
0PU30,NOICATTARO,41.021942,16.967777,2026-05-21 08:10:00,precip_10min_interval,0.0,mm,2026-05-21T11:14:12.088770
0PU30,NOICATTARO,41.021942,16.967777,2026-05-21 08:10:00,ws_10m_hourly,5.3,m/s,2026-05-21T11:14:17.620128
0PU30,NOICATTARO,41.021942,16.967777,2026-05-21 08:10:00,ws_2m_hourly,3.4,m/s,2026-05-21T11:14:17.620125
0PU31,ALBEROBELLO,40.790558,17.233334,2026-05-21 08:10:00,precip_10min_interval,0.0,mm,2026-05-21T11:14:12.088817
0PU31,ALBEROBELLO,40.790558,17.233334,2026-05-21 08:10:00,ws_10m_hourly,5.6,m/s,2026-05-21T11:14:17.620240
0PU31,ALBEROBELLO,40.790558,17.233334,2026-05-21 08:10:00,ws_2m_hourly,2.9,m/s,2026-05-21T11:14:17.620237
0PU33,MOCCARI,40.558334,17.851667,2026-05-21 08:10:00,precip_10min_interval,0.0,mm,2026-05-21T11:14:12.088866
0PU33,MOCCARI,40.558334,17.851667,2026-05-21 08:10:00,ws_10m_hourly,7.1,m/s,2026-05-21T11:14:17.620343
0PU33,MOCCARI,40.558334,17.851667,2026-05-21 08:10:00,ws_2m_hourly,5.0,m/s,2026-05-21T11:14:17.620340
0PU34,LATIANO,40.548332,17.688057,2026-05-21 08:10:00,precip_10min_interval,0.0,mm,2026-05-21T11:14:12.088916
0PU34,LATIANO,40.548332,17.688057,2026-05-21 08:10:00,ws_10m_hourly,3.3,m/s,2026-05-21T11:14:17.620439
0PU34,LATIANO,40.548332,17.688057,2026-05-21 08:10:00,ws_2m_hourly,2.8,m/s,2026-05-21T11:14:17.620436
0PU35,SAN VITO DEI NORMANNI,40.629166,17.73361,2026-05-21 08:10:00,precip_10min_interval,0.0,mm,2026-05-21T11:14:12.088964
0PU35,SAN VITO DEI NORMANNI,40.629166,17.73361,2026-05-21 08:10:00,ws_10m_hourly,7.1,m/s,2026-05-21T11:14:17.620540
0PU35,SAN VITO DEI NORMANNI,40.629166,17.73361,2026-05-21 08:10:00,ws_2m_hourly,4.8,m/s,2026-05-21T11:14:17.620537
0PU36,VILLANOVA,41.654167,15.586667,2026-05-21 08:10:00,precip_10min_interval,0.0,mm,2026-05-21T11:14:12.089011
0PU36,VILLANOVA,41.654167,15.586667,2026-05-21 08:10:00,wdir_hourly,,,2026-05-21T08:05:13.706689
0PU36,VILLANOVA,41.654167,15.586667,2026-05-21 08:10:00,ws_10m_hourly,10.9,m/s,2026-05-21T11:14:17.620635
0PU36,VILLANOVA,41.654167,15.586667,2026-05-21 08:10:00,ws_2m_hourly,6.2,m/s,2026-05-21T11:14:17.620632
0PU37,TROIA,41.336388,15.382778,2026-05-21 08:10:00,precip_10min_interval,0.0,mm,2026-05-21T11:14:12.089057
0PU37,TROIA,41.336388,15.382778,2026-05-21 08:10:00,precip_today_accum,0.0,mm,2026-05-21T08:05:08.084574
0PU37,TROIA,41.336388,15.382778,2026-05-21 08:10:00,wdir_hourly,,,2026-05-21T08:05:13.706691
0PU37,TROIA,41.336388,15.382778,2026-05-21 08:10:00,ws_10m_hourly,5.7,m/s,2026-05-21T11:14:17.620732
0PU37,TROIA,41.336388,15.382778,2026-05-21 08:10:00,ws_2m_hourly,5.0,m/s,2026-05-21T11:14:17.620729
0PU38,BORGO LA ROCCA,41.558334,15.516111,2026-05-21 08:10:00,precip_10min_interval,0.0,mm,2026-05-21T11:14:12.089109
0PU38,BORGO LA ROCCA,41.558334,15.516111,2026-05-21 08:10:00,precip_today_accum,0.0,mm,2026-05-21T08:05:08.084578
0PU38,BORGO LA ROCCA,41.558334,15.516111,2026-05-21 08:10:00,wdir_hourly,,,2026-05-21T08:05:13.706694
0PU38,BORGO LA ROCCA,41.558334,15.516111,2026-05-21 08:10:00,ws_10m_hourly,6.6,m/s,2026-05-21T11:14:17.620830
0PU38,BORGO LA ROCCA,41.558334,15.516111,2026-05-21 08:10:00,ws_2m_hourly,4.8,m/s,2026-05-21T11:14:17.620827
0PU40,ARCHE,40.273888,18.013611,2026-05-21 08:10:00,precip_10min_interval,0.0,mm,2026-05-21T11:14:12.089157
0PU40,ARCHE,40.273888,18.013611,2026-05-21 08:10:00,precip_today_accum,0.0,mm,2026-05-21T08:05:08.084581
0PU40,ARCHE,40.273888,18.013611,2026-05-21 08:10:00,wdir_hourly,,,2026-05-21T08:05:13.706697
0PU40,ARCHE,40.273888,18.013611,2026-05-21 08:10:00,ws_10m_hourly,5.7,m/s,2026-05-21T11:14:17.620928
0PU40,ARCHE,40.273888,18.013611,2026-05-21 08:10:00,ws_2m_hourly,2.9,m/s,2026-05-21T11:14:17.620925
0PU41,LECCE,40.326668,18.139999,2026-05-21 08:10:00,precip_10min_interval,0.0,mm,2026-05-21T11:14:12.089200
0PU41,LECCE,40.326668,18.139999,2026-05-21 08:10:00,precip_today_accum,0.0,mm,2026-05-21T08:05:08.084584
0PU41,LECCE,40.326668,18.139999,2026-05-21 08:10:00,wdir_hourly,,,2026-05-21T08:05:13.706700
0PU41,LECCE,40.326668,18.139999,2026-05-21 08:10:00,ws_10m_hourly,3.4,m/s,2026-05-21T11:14:17.621017
0PU41,LECCE,40.326668,18.139999,2026-05-21 08:10:00,ws_2m_hourly,2.4,m/s,2026-05-21T11:14:17.621014
0PU42,SALICE SALENTINO,40.390556,17.875278,2026-05-21 08:10:00,precip_10min_interval,0.0,mm,2026-05-21T11:14:12.089259
0PU42,SALICE SALENTINO,40.390556,17.875278,2026-05-21 08:10:00,precip_today_accum,0.0,mm,2026-05-21T08:05:08.084587
0PU42,SALICE SALENTINO,40.390556,17.875278,2026-05-21 08:10:00,wdir_hourly,,,2026-05-21T08:05:13.706703
0PU42,SALICE SALENTINO,40.390556,17.875278,2026-05-21 08:10:00,ws_10m_hourly,7.2,m/s,2026-05-21T11:14:17.621110
0PU42,SALICE SALENTINO,40.390556,17.875278,2026-05-21 08:10:00,ws_2m_hourly,5.2,m/s,2026-05-21T11:14:17.621107
0PU43,LUCUGNANO,39.930279,18.3225,2026-05-21 08:10:00,precip_10min_interval,0.0,mm,2026-05-21T11:14:12.089310
0PU43,LUCUGNANO,39.930279,18.3225,2026-05-21 08:10:00,precip_today_accum,0.0,mm,2026-05-21T08:05:08.084590
0PU43,LUCUGNANO,39.930279,18.3225,2026-05-21 08:10:00,wdir_hourly,,,2026-05-21T08:05:13.706706
0PU43,LUCUGNANO,39.930279,18.3225,2026-05-21 08:10:00,ws_10m_hourly,5.3,m/s,2026-05-21T11:14:17.621208
0PU43,LUCUGNANO,39.930279,18.3225,2026-05-21 08:10:00,ws_2m_hourly,2.9,m/s,2026-05-21T11:14:17.621205
0PU44,MANDURIA,40.381943,17.621111,2026-05-21 08:10:00,precip_10min_interval,0.0,mm,2026-05-21T11:14:12.089356
0PU44,MANDURIA,40.381943,17.621111,2026-05-21 08:10:00,precip_today_accum,0.0,mm,2026-05-21T08:05:08.084593
0PU44,MANDURIA,40.381943,17.621111,2026-05-21 08:10:00,wdir_hourly,,,2026-05-21T08:05:13.706708
0PU44,MANDURIA,40.381943,17.621111,2026-05-21 08:10:00,ws_10m_hourly,7.5,m/s,2026-05-21T11:14:17.621322
0PU44,MANDURIA,40.381943,17.621111,2026-05-21 08:10:00,ws_2m_hourly,5.5,m/s,2026-05-21T11:14:17.621318
0PU45,MOTTOLA,40.675556,16.996111,2026-05-21 08:10:00,precip_10min_interval,0.0,mm,2026-05-21T11:14:12.089404
0PU45,MOTTOLA,40.675556,16.996111,2026-05-21 08:10:00,ws_10m_hourly,7.5,m/s,2026-05-21T11:14:17.621417
0PU45,MOTTOLA,40.675556,16.996111,2026-05-21 08:10:00,ws_2m_hourly,4.3,m/s,2026-05-21T11:14:17.621414
0PU46,MASSAFRA,40.582779,17.091944,2026-05-21 08:10:00,precip_10min_interval,0.0,mm,2026-05-21T11:14:12.089452
0PU46,MASSAFRA,40.582779,17.091944,2026-05-21 08:10:00,ws_10m_hourly,5.2,m/s,2026-05-21T11:14:17.621517
0PU46,MASSAFRA,40.582779,17.091944,2026-05-21 08:10:00,ws_2m_hourly,3.5,m/s,2026-05-21T11:14:17.621513
0PU47,CASTELLANETA,40.494446,16.878889,2026-05-21 08:10:00,precip_10min_interval,0.0,mm,2026-05-21T11:14:12.089499
0PU47,CASTELLANETA,40.494446,16.878889,2026-05-21 08:10:00,ws_10m_hourly,4.8,m/s,2026-05-21T11:14:17.621612
0PU47,CASTELLANETA,40.494446,16.878889,2026-05-21 08:10:00,ws_2m_hourly,2.1,m/s,2026-05-21T11:14:17.621609
0PU48,BARI C.N.R. IRSA,41.116943,16.820557,2026-05-21 08:10:00,precip_10min_interval,0.0,mm,2026-05-21T11:14:12.089551
0PU48,BARI C.N.R. IRSA,41.116943,16.820557,2026-05-21 08:10:00,precip_today_accum,0.0,mm,2026-05-21T08:05:08.084606
0PU48,BARI C.N.R. IRSA,41.116943,16.820557,2026-05-21 08:10:00,wdir_hourly,,,2026-05-21T08:05:13.706722
0PU48,BARI C.N.R. IRSA,41.116943,16.820557,2026-05-21 08:10:00,ws_10m_hourly,5.3,m/s,2026-05-21T11:14:17.621709
0PU48,BARI C.N.R. IRSA,41.116943,16.820557,2026-05-21 08:10:00,ws_2m_hourly,3.3,m/s,2026-05-21T11:14:17.621706
0PU49,LOCOROTONDO ITAS,40.757221,17.340834,2026-05-21 08:10:00,precip_10min_interval,0.0,mm,2026-05-21T11:14:12.089601
0PU49,LOCOROTONDO ITAS,40.757221,17.340834,2026-05-21 08:10:00,precip_today_accum,0.0,mm,2026-05-21T08:05:08.084609
0PU49,LOCOROTONDO ITAS,40.757221,17.340834,2026-05-21 08:10:00,wdir_hourly,,,2026-05-21T08:05:13.706725
0PU49,LOCOROTONDO ITAS,40.757221,17.340834,2026-05-21 08:10:00,ws_10m_hourly,6.1,m/s,2026-05-21T11:14:17.621805
0PU49,LOCOROTONDO ITAS,40.757221,17.340834,2026-05-21 08:10:00,ws_2m_hourly,4.1,m/s,2026-05-21T11:14:17.621802
0PU53,TORITTO,40.957222,16.567223,2026-05-21 08:10:00,precip_10min_interval,0.0,mm,2026-05-21T11:14:12.089647
0PU53,TORITTO,40.957222,16.567223,2026-05-21 08:10:00,precip_today_accum,0.0,mm,2026-05-21T08:05:08.084614
0PU53,TORITTO,40.957222,16.567223,2026-05-21 08:10:00,wdir_hourly,,,2026-05-21T08:05:13.706727
0PU53,TORITTO,40.957222,16.567223,2026-05-21 08:10:00,ws_10m_hourly,8.7,m/s,2026-05-21T11:14:17.621906
0PU53,TORITTO,40.957222,16.567223,2026-05-21 08:10:00,ws_2m_hourly,6.7,m/s,2026-05-21T11:14:17.621901
0PU54,TORRE SANTA SUSANNA,40.459442,17.724722,2026-05-21 08:10:00,precip_10min_interval,0.0,mm,2026-05-21T11:14:12.089694
0PU54,TORRE SANTA SUSANNA,40.459442,17.724722,2026-05-21 08:10:00,precip_today_accum,0.0,mm,2026-05-21T08:05:08.084617
0PU54,TORRE SANTA SUSANNA,40.459442,17.724722,2026-05-21 08:10:00,wdir_hourly,,,2026-05-21T08:05:13.706730
0PU54,TORRE SANTA SUSANNA,40.459442,17.724722,2026-05-21 08:10:00,ws_10m_hourly,6.0,m/s,2026-05-21T11:14:17.622000
0PU54,TORRE SANTA SUSANNA,40.459442,17.724722,2026-05-21 08:10:00,ws_2m_hourly,1.2,m/s,2026-05-21T11:14:17.621997
0PU55,LESINA-RIPALTA,41.8475,15.266111,2026-05-21 08:10:00,precip_10min_interval,0.0,mm,2026-05-21T11:14:12.089744
0PU55,LESINA-RIPALTA,41.8475,15.266111,2026-05-21 08:10:00,precip_today_accum,0.0,mm,2026-05-21T08:05:08.084620
0PU55,LESINA-RIPALTA,41.8475,15.266111,2026-05-21 08:10:00,wdir_hourly,,,2026-05-21T08:05:13.706733
0PU55,LESINA-RIPALTA,41.8475,15.266111,2026-05-21 08:10:00,ws_10m_hourly,6.9,m/s,2026-05-21T11:14:17.622100
0PU55,LESINA-RIPALTA,41.8475,15.266111,2026-05-21 08:10:00,ws_2m_hourly,4.8,m/s,2026-05-21T11:14:17.622097
0PU56,CARLANTINO,41.588333,14.983611,2026-05-21 08:10:00,precip_10min_interval,0.0,mm,2026-05-21T11:14:12.089791
0PU56,CARLANTINO,41.588333,14.983611,2026-05-21 08:10:00,precip_today_accum,0.0,mm,2026-05-21T08:05:08.084624
0PU56,CARLANTINO,41.588333,14.983611,2026-05-21 08:10:00,ws_10m_hourly,3.5,m/s,2026-05-21T11:14:17.622196
0PU56,CARLANTINO,41.588333,14.983611,2026-05-21 08:10:00,ws_2m_hourly,2.7,m/s,2026-05-21T11:14:17.622193
0PU57,SANT'AGATA DI PUGLIA,41.150276,15.46,2026-05-21 08:10:00,precip_10min_interval,0.0,mm,2026-05-21T11:14:12.089840
0PU57,SANT'AGATA DI PUGLIA,41.150276,15.46,2026-05-21 08:10:00,ws_10m_hourly,8.3,m/s,2026-05-21T11:14:17.622322
0PU57,SANT'AGATA DI PUGLIA,41.150276,15.46,2026-05-21 08:10:00,ws_2m_hourly,5.3,m/s,2026-05-21T11:14:17.622319
0PU58,GINOSA,40.556389,16.843611,2026-05-21 08:10:00,precip_10min_interval,0.0,mm,2026-05-21T11:14:12.089894
0PU58,GINOSA,40.556389,16.843611,2026-05-21 08:10:00,ws_10m_hourly,4.7,m/s,2026-05-21T11:14:17.622429
0PU58,GINOSA,40.556389,16.843611,2026-05-21 08:10:00,ws_2m_hourly,3.5,m/s,2026-05-21T11:14:17.622426
0PU59,PALAGIANELLO,40.578335,16.975279,2026-05-21 08:10:00,precip_10min_interval,0.0,mm,2026-05-21T11:14:12.089951
0PU59,PALAGIANELLO,40.578335,16.975279,2026-05-21 08:10:00,ws_10m_hourly,7.4,m/s,2026-05-21T11:14:17.622549
0PU59,PALAGIANELLO,40.578335,16.975279,2026-05-21 08:10:00,ws_2m_hourly,5.1,m/s,2026-05-21T11:14:17.622546
0PU60,MINERVINO DI LECCE,40.093613,18.418612,2026-05-21 08:10:00,precip_10min_interval,0.0,mm,2026-05-21T11:14:12.090003
0PU60,MINERVINO DI LECCE,40.093613,18.418612,2026-05-21 08:10:00,ws_10m_hourly,6.5,m/s,2026-05-21T11:14:17.623043
0PU60,MINERVINO DI LECCE,40.093613,18.418612,2026-05-21 08:10:00,ws_2m_hourly,4.3,m/s,2026-05-21T11:14:17.623040
0PU61,NARDO',40.171391,17.976389,2026-05-21 08:10:00,precip_10min_interval,0.0,mm,2026-05-21T11:14:12.090055
0PU61,NARDO',40.171391,17.976389,2026-05-21 08:10:00,ws_10m_hourly,7.3,m/s,2026-05-21T11:14:17.623145
0PU61,NARDO',40.171391,17.976389,2026-05-21 08:10:00,ws_2m_hourly,3.0,m/s,2026-05-21T11:14:17.623142
MBA20,IPSAA,41.22139,16.049723,2026-05-21 08:10:00,precip_10min_interval,0.0,mm,2026-05-21T11:14:12.090116
MBA20,IPSAA,41.22139,16.049723,2026-05-21 08:10:00,ws_2m_hourly,1.8,m/s,2026-05-21T11:14:17.623271
MBA21,MONTEGROSSO,41.132778,16.185833,2026-05-21 08:10:00,precip_10min_interval,0.0,mm,2026-05-21T11:14:12.090172
MBA21,MONTEGROSSO,41.132778,16.185833,2026-05-21 08:10:00,ws_2m_hourly,2.4,m/s,2026-05-21T11:14:17.623328
MBA22,S.P. SANTERAMO,40.80611,16.591389,2026-05-21 08:10:00,precip_10min_interval,0.0,mm,2026-05-21T11:14:12.090241
MBA22,S.P. SANTERAMO,40.80611,16.591389,2026-05-21 08:10:00,ws_2m_hourly,4.8,m/s,2026-05-21T11:14:17.623383
MBA24,CASSANO DELLE MURGE,40.918888,16.78861,2026-05-21 08:10:00,precip_10min_interval,0.0,mm,2026-05-21T11:14:12.090300
MBA24,CASSANO DELLE MURGE,40.918888,16.78861,2026-05-21 08:10:00,ws_2m_hourly,4.8,m/s,2026-05-21T11:14:17.623444
MBA25,SANTERAMO IN COLLE,40.78611,16.775833,2026-05-21 08:10:00,precip_10min_interval,0.0,mm,2026-05-21T11:14:12.090361
MBA25,SANTERAMO IN COLLE,40.78611,16.775833,2026-05-21 08:10:00,ws_2m_hourly,3.6,m/s,2026-05-21T11:14:17.623505
MBA26,CAMPO SPER. UNIBA,41.023609,16.906389,2026-05-21 08:10:00,precip_10min_interval,0.0,mm,2026-05-21T11:14:12.090423
MBA26,CAMPO SPER. UNIBA,41.023609,16.906389,2026-05-21 08:10:00,ws_2m_hourly,2.3,m/s,2026-05-21T11:14:17.623564
MBA27,SERRONE(AZ.AGR.MANCINI),40.921391,16.947222,2026-05-21 08:10:00,precip_10min_interval,0.0,mm,2026-05-21T11:14:12.090481
MBA27,SERRONE(AZ.AGR.MANCINI),40.921391,16.947222,2026-05-21 08:10:00,ws_2m_hourly,2.8,m/s,2026-05-21T11:14:17.623624
MBA28,MURGIA ANTICI,40.715557,17.106667,2026-05-21 08:10:00,precip_10min_interval,0.0,mm,2026-05-21T11:14:12.090542
MBA28,MURGIA ANTICI,40.715557,17.106667,2026-05-21 08:10:00,ws_2m_hourly,5.1,m/s,2026-05-21T11:14:17.623683
MBA29,LAMENDOLA I,40.812222,17.164167,2026-05-21 08:10:00,precip_10min_interval,0.0,mm,2026-05-21T11:14:12.090603
MBA29,LAMENDOLA I,40.812222,17.164167,2026-05-21 08:10:00,ws_2m_hourly,5.0,m/s,2026-05-21T11:14:17.623745
MBR30,FASCIANELLO,40.860279,17.364166,2026-05-21 08:10:00,precip_10min_interval,0.0,mm,2026-05-21T11:14:12.090663
MBR30,FASCIANELLO,40.860279,17.364166,2026-05-21 08:10:00,ws_2m_hourly,5.4,m/s,2026-05-21T11:14:17.623806
MBR31,FERRUZZO,40.62389,17.497499,2026-05-21 08:10:00,precip_10min_interval,0.0,mm,2026-05-21T11:14:12.090777
MBR31,FERRUZZO,40.62389,17.497499,2026-05-21 08:10:00,ws_2m_hourly,3.2,m/s,2026-05-21T11:14:17.623869
MFG01,S. LUCIA,41.470554,15.363889,2026-05-21 08:10:00,precip_10min_interval,0.0,mm,2026-05-21T11:14:12.090843
MFG01,S. LUCIA,41.470554,15.363889,2026-05-21 08:10:00,ws_2m_hourly,2.3,m/s,2026-05-21T11:14:17.623930
MFG02,SERRA DEI BISI,41.347778,15.282778,2026-05-21 08:10:00,precip_10min_interval,0.0,mm,2026-05-21T11:14:12.090901
MFG02,SERRA DEI BISI,41.347778,15.282778,2026-05-21 08:10:00,ws_2m_hourly,1.9,m/s,2026-05-21T11:14:17.623986
MFG03,LA PESCIA,41.40889,15.756667,2026-05-21 08:10:00,precip_10min_interval,0.0,mm,2026-05-21T11:14:12.090952
MFG03,LA PESCIA,41.40889,15.756667,2026-05-21 08:10:00,ws_2m_hourly,3.5,m/s,2026-05-21T11:14:17.624040
MFG04,TRE SANTI,41.393612,15.848056,2026-05-21 08:10:00,precip_10min_interval,0.0,mm,2026-05-21T11:14:12.091010
MFG04,TRE SANTI,41.393612,15.848056,2026-05-21 08:10:00,ws_2m_hourly,3.8,m/s,2026-05-21T11:14:17.624092
MFG05,RIVOLI,41.470833,15.929444,2026-05-21 08:10:00,precip_10min_interval,0.0,mm,2026-05-21T11:14:12.091062
MFG05,RIVOLI,41.470833,15.929444,2026-05-21 08:10:00,ws_2m_hourly,2.6,m/s,2026-05-21T11:14:17.624148
MFG06,TAVOLETTA,41.194168,15.932222,2026-05-21 08:10:00,precip_10min_interval,0.0,mm,2026-05-21T11:14:12.091119
MFG06,TAVOLETTA,41.194168,15.932222,2026-05-21 08:10:00,ws_2m_hourly,5.5,m/s,2026-05-21T11:14:17.624202
MFG07,COPPA D'ORO,41.421665,15.606944,2026-05-21 08:10:00,precip_10min_interval,0.0,mm,2026-05-21T11:14:12.091172
MFG07,COPPA D'ORO,41.421665,15.606944,2026-05-21 08:10:00,ws_2m_hourly,4.2,m/s,2026-05-21T11:14:17.624268
MFG09,ARIOLA,41.8325,15.859722,2026-05-21 08:10:00,precip_10min_interval,0.0,mm,2026-05-21T11:14:12.091184
MFG09,ARIOLA,41.8325,15.859722,2026-05-21 08:10:00,ws_2m_hourly,0.5,m/s,2026-05-21T11:14:17.624328
MFG10,MATINE CARNE SALATA,41.651943,15.706389,2026-05-21 08:10:00,precip_10min_interval,0.0,mm,2026-05-21T11:14:12.091254
MFG10,MATINE CARNE SALATA,41.651943,15.706389,2026-05-21 08:10:00,ws_2m_hourly,2.3,m/s,2026-05-21T11:14:17.624381
MFG11,SELVA DELLE GROTTE,41.714722,15.148056,2026-05-21 08:10:00,precip_10min_interval,0.0,mm,2026-05-21T11:14:12.091307
MFG11,SELVA DELLE GROTTE,41.714722,15.148056,2026-05-21 08:10:00,ws_2m_hourly,3.6,m/s,2026-05-21T11:14:17.624506
MFG13,BISCIGLIETO,41.142502,15.662778,2026-05-21 08:10:00,precip_10min_interval,0.0,mm,2026-05-21T11:14:12.091360
MFG13,BISCIGLIETO,41.142502,15.662778,2026-05-21 08:10:00,precip_today_accum,0.0,mm,2026-05-21T08:05:08.084716
MFG13,BISCIGLIETO,41.142502,15.662778,2026-05-21 08:10:00,ws_2m_hourly,5.7,m/s,2026-05-21T11:14:17.624622
MFG14,S. LUCIA,41.922779,15.874722,2026-05-21 08:10:00,precip_10min_interval,0.0,mm,2026-05-21T11:14:12.091408
MFG14,S. LUCIA,41.922779,15.874722,2026-05-21 08:10:00,ws_2m_hourly,1.6,m/s,2026-05-21T11:14:17.624710
MFG15,CASA LORDA,41.62389,15.403056,2026-05-21 08:10:00,precip_10min_interval,0.0,mm,2026-05-21T11:14:12.091468
MFG15,CASA LORDA,41.62389,15.403056,2026-05-21 08:10:00,ws_2m_hourly,4.6,m/s,2026-05-21T11:14:17.624831
MFG16,QUERCIA COPPE,41.693054,15.756944,2026-05-21 08:10:00,precip_10min_interval,0.0,mm,2026-05-21T11:14:12.091525
MFG16,QUERCIA COPPE,41.693054,15.756944,2026-05-21 08:10:00,ws_2m_hourly,4.1,m/s,2026-05-21T11:14:17.624937
MFG17,CARRO CHIUSO,41.284168,16.077223,2026-05-21 08:10:00,precip_10min_interval,0.0,mm,2026-05-21T11:14:12.091581
MFG17,CARRO CHIUSO,41.284168,16.077223,2026-05-21 08:10:00,ws_2m_hourly,2.2,m/s,2026-05-21T11:14:17.625044
MFG18,VIESTE,41.901669,16.080557,2026-05-21 08:10:00,precip_10min_interval,0.0,mm,2026-05-21T11:14:12.091645
MFG18,VIESTE,41.901669,16.080557,2026-05-21 08:10:00,ws_2m_hourly,1.9,m/s,2026-05-21T11:14:17.625149
MFG19,FOGGIA MONTEROZZI,41.521111,15.591944,2026-05-21 08:10:00,precip_10min_interval,0.0,mm,2026-05-21T11:14:12.091702
MFG19,FOGGIA MONTEROZZI,41.521111,15.591944,2026-05-21 08:10:00,ws_2m_hourly,5.7,m/s,2026-05-21T11:14:17.625290
MLE34,BARBARO,39.980831,18.1525,2026-05-21 08:10:00,precip_10min_interval,0.0,mm,2026-05-21T11:14:12.091757
MLE34,BARBARO,39.980831,18.1525,2026-05-21 08:10:00,ws_2m_hourly,4.5,m/s,2026-05-21T11:14:17.625417
MLE35,MALOPRA,40.225555,18.299168,2026-05-21 08:10:00,precip_10min_interval,0.0,mm,2026-05-21T11:14:12.091826
MLE35,MALOPRA,40.225555,18.299168,2026-05-21 08:10:00,ws_2m_hourly,3.5,m/s,2026-05-21T11:14:17.625560
MTA32,MARTINA FRANCA,40.634724,17.277779,2026-05-21 08:10:00,precip_10min_interval,0.0,mm,2026-05-21T11:14:12.091894
MTA32,MARTINA FRANCA,40.634724,17.277779,2026-05-21 08:10:00,ws_2m_hourly,2.0,m/s,2026-05-21T11:14:17.625698
0PU01,GUROLAMANNA,40.916111,16.447779,2026-05-21 08:20:00,precip_10min_interval,0.0,mm,2026-05-21T11:14:12.087667
0PU01,GUROLAMANNA,40.916111,16.447779,2026-05-21 08:20:00,ws_10m_hourly,8.4,m/s,2026-05-21T11:14:17.617978
0PU01,GUROLAMANNA,40.916111,16.447779,2026-05-21 08:20:00,ws_2m_hourly,5.8,m/s,2026-05-21T11:14:17.617974
0PU03,LIMELLI D'IMPERATORE,40.883057,16.3125,2026-05-21 08:20:00,precip_10min_interval,0.0,mm,2026-05-21T11:14:12.087730
0PU03,LIMELLI D'IMPERATORE,40.883057,16.3125,2026-05-21 08:20:00,ws_10m_hourly,6.1,m/s,2026-05-21T11:14:17.618129
0PU03,LIMELLI D'IMPERATORE,40.883057,16.3125,2026-05-21 08:20:00,ws_2m_hourly,3.8,m/s,2026-05-21T11:14:17.618123
0PU04,OTTAVA SEDICI,40.7925,17.481943,2026-05-21 08:20:00,precip_10min_interval,0.0,mm,2026-05-21T11:14:12.087817
0PU04,OTTAVA SEDICI,40.7925,17.481943,2026-05-21 08:20:00,ws_10m_hourly,5.4,m/s,2026-05-21T11:14:17.618301
0PU04,OTTAVA SEDICI,40.7925,17.481943,2026-05-21 08:20:00,ws_2m_hourly,1.9,m/s,2026-05-21T11:14:17.618294
0PU06,MAINE,40.543056,18.032223,2026-05-21 08:20:00,precip_10min_interval,0.0,mm,2026-05-21T11:14:12.087883
0PU06,MAINE,40.543056,18.032223,2026-05-21 08:20:00,ws_10m_hourly,4.6,m/s,2026-05-21T11:14:17.618393
0PU06,MAINE,40.543056,18.032223,2026-05-21 08:20:00,ws_2m_hourly,1.4,m/s,2026-05-21T11:14:17.618390
0PU07,TRIONFO,41.347221,15.744167,2026-05-21 08:20:00,precip_10min_interval,0.0,mm,2026-05-21T11:14:12.087955
0PU07,TRIONFO,41.347221,15.744167,2026-05-21 08:20:00,ws_10m_hourly,7.0,m/s,2026-05-21T11:14:17.618469
0PU07,TRIONFO,41.347221,15.744167,2026-05-21 08:20:00,ws_2m_hourly,1.1,m/s,2026-05-21T11:14:17.618467
0PU08,TORRETTA,41.542221,15.173889,2026-05-21 08:20:00,precip_10min_interval,0.0,mm,2026-05-21T11:14:12.088036
0PU08,TORRETTA,41.542221,15.173889,2026-05-21 08:20:00,ws_10m_hourly,5.5,m/s,2026-05-21T11:14:17.618554
0PU08,TORRETTA,41.542221,15.173889,2026-05-21 08:20:00,ws_2m_hourly,0.0,m/s,2026-05-21T11:14:17.618551
0PU10,FRASSANITO,40.237221,18.441389,2026-05-21 08:20:00,precip_10min_interval,0.0,mm,2026-05-21T11:14:12.088087
0PU10,FRASSANITO,40.237221,18.441389,2026-05-21 08:20:00,ws_10m_hourly,6.9,m/s,2026-05-21T11:14:17.618637
0PU10,FRASSANITO,40.237221,18.441389,2026-05-21 08:20:00,ws_2m_hourly,4.1,m/s,2026-05-21T11:14:17.618634
0PU11,BADESSA,40.470554,18.097221,2026-05-21 08:20:00,precip_10min_interval,0.0,mm,2026-05-21T11:14:12.088131
0PU11,BADESSA,40.470554,18.097221,2026-05-21 08:20:00,ws_10m_hourly,6.7,m/s,2026-05-21T11:14:17.618721
0PU11,BADESSA,40.470554,18.097221,2026-05-21 08:20:00,ws_2m_hourly,4.4,m/s,2026-05-21T11:14:17.618718
0PU12,CONTE,39.981945,18.067499,2026-05-21 08:20:00,precip_10min_interval,0.0,mm,2026-05-21T11:14:12.088172
0PU12,CONTE,39.981945,18.067499,2026-05-21 08:20:00,ws_10m_hourly,5.8,m/s,2026-05-21T11:14:17.618808
0PU12,CONTE,39.981945,18.067499,2026-05-21 08:20:00,ws_2m_hourly,1.3,m/s,2026-05-21T11:14:17.618805
0PU13,TORRICELLA,40.343334,17.487778,2026-05-21 08:20:00,precip_10min_interval,0.0,mm,2026-05-21T11:14:12.088228
0PU13,TORRICELLA,40.343334,17.487778,2026-05-21 08:20:00,ws_10m_hourly,7.9,m/s,2026-05-21T11:14:17.618890
0PU13,TORRICELLA,40.343334,17.487778,2026-05-21 08:20:00,ws_2m_hourly,4.7,m/s,2026-05-21T11:14:17.618887
0PU14,TAFURI,40.680832,16.867779,2026-05-21 08:20:00,precip_10min_interval,0.0,mm,2026-05-21T11:14:12.088277
0PU14,TAFURI,40.680832,16.867779,2026-05-21 08:20:00,ws_10m_hourly,8.3,m/s,2026-05-21T11:14:17.618981
0PU14,TAFURI,40.680832,16.867779,2026-05-21 08:20:00,ws_2m_hourly,4.6,m/s,2026-05-21T11:14:17.618978
0PU16,ANDRIA,41.202221,16.201944,2026-05-21 08:20:00,precip_10min_interval,0.0,mm,2026-05-21T11:14:12.088319
0PU16,ANDRIA,41.202221,16.201944,2026-05-21 08:20:00,ws_10m_hourly,3.2,m/s,2026-05-21T11:14:17.619063
0PU16,ANDRIA,41.202221,16.201944,2026-05-21 08:20:00,ws_2m_hourly,0.9,m/s,2026-05-21T11:14:17.619059
0PU17,OSTUNI-SAROLO,40.688332,17.413889,2026-05-21 08:20:00,precip_10min_interval,0.0,mm,2026-05-21T11:14:12.088362
0PU17,OSTUNI-SAROLO,40.688332,17.413889,2026-05-21 08:20:00,ws_10m_hourly,4.8,m/s,2026-05-21T11:14:17.619154
0PU17,OSTUNI-SAROLO,40.688332,17.413889,2026-05-21 08:20:00,ws_2m_hourly,2.6,m/s,2026-05-21T11:14:17.619151
0PU18,MONOPOLI,40.919445,17.294443,2026-05-21 08:20:00,precip_10min_interval,0.0,mm,2026-05-21T11:14:12.088406
0PU18,MONOPOLI,40.919445,17.294443,2026-05-21 08:20:00,ws_10m_hourly,5.8,m/s,2026-05-21T11:14:17.619261
0PU18,MONOPOLI,40.919445,17.294443,2026-05-21 08:20:00,ws_2m_hourly,3.6,m/s,2026-05-21T11:14:17.619258
0PU19,TERLIZZI,41.120834,16.549168,2026-05-21 08:20:00,precip_10min_interval,0.0,mm,2026-05-21T11:14:12.088452
0PU19,TERLIZZI,41.120834,16.549168,2026-05-21 08:20:00,ws_10m_hourly,1.5,m/s,2026-05-21T11:14:17.619350
0PU19,TERLIZZI,41.120834,16.549168,2026-05-21 08:20:00,ws_2m_hourly,0.4,m/s,2026-05-21T11:14:17.619347
0PU20,VILLA CASTELLI,40.553055,17.504444,2026-05-21 08:20:00,precip_10min_interval,0.0,mm,2026-05-21T11:14:12.088498
0PU20,VILLA CASTELLI,40.553055,17.504444,2026-05-21 08:20:00,ws_10m_hourly,5.4,m/s,2026-05-21T11:14:17.619441
0PU20,VILLA CASTELLI,40.553055,17.504444,2026-05-21 08:20:00,ws_2m_hourly,3.0,m/s,2026-05-21T11:14:17.619438
0PU21,CAROVIGNO,40.691944,17.630278,2026-05-21 08:20:00,precip_10min_interval,0.0,mm,2026-05-21T11:14:12.088541
0PU21,CAROVIGNO,40.691944,17.630278,2026-05-21 08:20:00,ws_10m_hourly,4.8,m/s,2026-05-21T11:14:17.619533
0PU21,CAROVIGNO,40.691944,17.630278,2026-05-21 08:20:00,ws_2m_hourly,1.6,m/s,2026-05-21T11:14:17.619530
0PU22,APRICENA,41.773335,15.438611,2026-05-21 08:20:00,precip_10min_interval,0.0,mm,2026-05-21T11:14:12.088592
0PU22,APRICENA,41.773335,15.438611,2026-05-21 08:20:00,ws_10m_hourly,6.7,m/s,2026-05-21T11:14:17.619621
0PU22,APRICENA,41.773335,15.438611,2026-05-21 08:20:00,ws_2m_hourly,1.5,m/s,2026-05-21T11:14:17.619619
0PU23,MANFREDONIA,41.541389,15.885833,2026-05-21 08:20:00,precip_10min_interval,0.0,mm,2026-05-21T11:14:12.088635
0PU23,MANFREDONIA,41.541389,15.885833,2026-05-21 08:20:00,ws_10m_hourly,4.8,m/s,2026-05-21T11:14:17.619712
0PU23,MANFREDONIA,41.541389,15.885833,2026-05-21 08:20:00,ws_2m_hourly,2.3,m/s,2026-05-21T11:14:17.619709
0PU25,NOCIGLIA,40.034443,18.313057,2026-05-21 08:20:00,precip_10min_interval,0.0,mm,2026-05-21T11:14:12.088680
0PU25,NOCIGLIA,40.034443,18.313057,2026-05-21 08:20:00,ws_10m_hourly,6.0,m/s,2026-05-21T11:14:17.619810
0PU25,NOCIGLIA,40.034443,18.313057,2026-05-21 08:20:00,ws_2m_hourly,3.4,m/s,2026-05-21T11:14:17.619805
0PU27,GROTTAGLIE,40.53389,17.362778,2026-05-21 08:20:00,ws_10m_hourly,4.3,m/s,2026-05-21T11:14:17.619896
0PU27,GROTTAGLIE,40.53389,17.362778,2026-05-21 08:20:00,ws_2m_hourly,2.9,m/s,2026-05-21T11:14:17.619893
0PU28,TRANI,41.247501,16.415556,2026-05-21 08:20:00,precip_10min_interval,0.0,mm,2026-05-21T11:14:12.088724
0PU28,TRANI,41.247501,16.415556,2026-05-21 08:20:00,ws_10m_hourly,4.0,m/s,2026-05-21T11:14:17.620039
0PU28,TRANI,41.247501,16.415556,2026-05-21 08:20:00,ws_2m_hourly,2.7,m/s,2026-05-21T11:14:17.620036
0PU30,NOICATTARO,41.021942,16.967777,2026-05-21 08:20:00,precip_10min_interval,0.0,mm,2026-05-21T11:14:12.088774
0PU30,NOICATTARO,41.021942,16.967777,2026-05-21 08:20:00,ws_10m_hourly,5.5,m/s,2026-05-21T11:14:17.620136
0PU30,NOICATTARO,41.021942,16.967777,2026-05-21 08:20:00,ws_2m_hourly,3.4,m/s,2026-05-21T11:14:17.620133
0PU31,ALBEROBELLO,40.790558,17.233334,2026-05-21 08:20:00,precip_10min_interval,0.0,mm,2026-05-21T11:14:12.088820
0PU31,ALBEROBELLO,40.790558,17.233334,2026-05-21 08:20:00,ws_10m_hourly,5.5,m/s,2026-05-21T11:14:17.620248
0PU31,ALBEROBELLO,40.790558,17.233334,2026-05-21 08:20:00,ws_2m_hourly,3.0,m/s,2026-05-21T11:14:17.620243
0PU33,MOCCARI,40.558334,17.851667,2026-05-21 08:20:00,precip_10min_interval,0.0,mm,2026-05-21T11:14:12.088869
0PU33,MOCCARI,40.558334,17.851667,2026-05-21 08:20:00,ws_10m_hourly,6.9,m/s,2026-05-21T11:14:17.620349
0PU33,MOCCARI,40.558334,17.851667,2026-05-21 08:20:00,ws_2m_hourly,5.0,m/s,2026-05-21T11:14:17.620346
0PU34,LATIANO,40.548332,17.688057,2026-05-21 08:20:00,precip_10min_interval,0.0,mm,2026-05-21T11:14:12.088919
0PU34,LATIANO,40.548332,17.688057,2026-05-21 08:20:00,ws_10m_hourly,2.8,m/s,2026-05-21T11:14:17.620445
0PU34,LATIANO,40.548332,17.688057,2026-05-21 08:20:00,ws_2m_hourly,2.9,m/s,2026-05-21T11:14:17.620442
0PU35,SAN VITO DEI NORMANNI,40.629166,17.73361,2026-05-21 08:20:00,precip_10min_interval,0.0,mm,2026-05-21T11:14:12.088967
0PU35,SAN VITO DEI NORMANNI,40.629166,17.73361,2026-05-21 08:20:00,ws_10m_hourly,7.1,m/s,2026-05-21T11:14:17.620546
0PU35,SAN VITO DEI NORMANNI,40.629166,17.73361,2026-05-21 08:20:00,ws_2m_hourly,4.9,m/s,2026-05-21T11:14:17.620543
0PU36,VILLANOVA,41.654167,15.586667,2026-05-21 08:20:00,precip_10min_interval,0.0,mm,2026-05-21T11:14:12.089014
0PU36,VILLANOVA,41.654167,15.586667,2026-05-21 08:20:00,ws_10m_hourly,9.7,m/s,2026-05-21T11:14:17.620643
0PU36,VILLANOVA,41.654167,15.586667,2026-05-21 08:20:00,ws_2m_hourly,5.7,m/s,2026-05-21T11:14:17.620640
0PU37,TROIA,41.336388,15.382778,2026-05-21 08:20:00,precip_10min_interval,0.0,mm,2026-05-21T11:14:12.089060
0PU37,TROIA,41.336388,15.382778,2026-05-21 08:20:00,ws_10m_hourly,7.5,m/s,2026-05-21T11:14:17.620738
0PU37,TROIA,41.336388,15.382778,2026-05-21 08:20:00,ws_2m_hourly,6.3,m/s,2026-05-21T11:14:17.620735
0PU38,BORGO LA ROCCA,41.558334,15.516111,2026-05-21 08:20:00,precip_10min_interval,0.0,mm,2026-05-21T11:14:12.089112
0PU38,BORGO LA ROCCA,41.558334,15.516111,2026-05-21 08:20:00,ws_10m_hourly,6.2,m/s,2026-05-21T11:14:17.620836
0PU38,BORGO LA ROCCA,41.558334,15.516111,2026-05-21 08:20:00,ws_2m_hourly,4.5,m/s,2026-05-21T11:14:17.620833
0PU40,ARCHE,40.273888,18.013611,2026-05-21 08:20:00,precip_10min_interval,0.0,mm,2026-05-21T11:14:12.089160
0PU40,ARCHE,40.273888,18.013611,2026-05-21 08:20:00,ws_10m_hourly,5.9,m/s,2026-05-21T11:14:17.620934
0PU40,ARCHE,40.273888,18.013611,2026-05-21 08:20:00,ws_2m_hourly,2.7,m/s,2026-05-21T11:14:17.620931
0PU41,LECCE,40.326668,18.139999,2026-05-21 08:20:00,precip_10min_interval,0.0,mm,2026-05-21T11:14:12.089203
0PU41,LECCE,40.326668,18.139999,2026-05-21 08:20:00,ws_10m_hourly,5.5,m/s,2026-05-21T11:14:17.621023
0PU41,LECCE,40.326668,18.139999,2026-05-21 08:20:00,ws_2m_hourly,4.0,m/s,2026-05-21T11:14:17.621020
0PU42,SALICE SALENTINO,40.390556,17.875278,2026-05-21 08:20:00,precip_10min_interval,0.0,mm,2026-05-21T11:14:12.089262
0PU42,SALICE SALENTINO,40.390556,17.875278,2026-05-21 08:20:00,ws_10m_hourly,7.8,m/s,2026-05-21T11:14:17.621118
0PU42,SALICE SALENTINO,40.390556,17.875278,2026-05-21 08:20:00,ws_2m_hourly,5.6,m/s,2026-05-21T11:14:17.621115
0PU43,LUCUGNANO,39.930279,18.3225,2026-05-21 08:20:00,precip_10min_interval,0.0,mm,2026-05-21T11:14:12.089313
0PU43,LUCUGNANO,39.930279,18.3225,2026-05-21 08:20:00,ws_10m_hourly,5.3,m/s,2026-05-21T11:14:17.621225
0PU43,LUCUGNANO,39.930279,18.3225,2026-05-21 08:20:00,ws_2m_hourly,3.0,m/s,2026-05-21T11:14:17.621211
0PU44,MANDURIA,40.381943,17.621111,2026-05-21 08:20:00,precip_10min_interval,0.0,mm,2026-05-21T11:14:12.089359
0PU44,MANDURIA,40.381943,17.621111,2026-05-21 08:20:00,ws_10m_hourly,7.1,m/s,2026-05-21T11:14:17.621330
0PU44,MANDURIA,40.381943,17.621111,2026-05-21 08:20:00,ws_2m_hourly,5.5,m/s,2026-05-21T11:14:17.621327
0PU45,MOTTOLA,40.675556,16.996111,2026-05-21 08:20:00,precip_10min_interval,0.0,mm,2026-05-21T11:14:12.089407
0PU45,MOTTOLA,40.675556,16.996111,2026-05-21 08:20:00,ws_10m_hourly,7.8,m/s,2026-05-21T11:14:17.621423
0PU45,MOTTOLA,40.675556,16.996111,2026-05-21 08:20:00,ws_2m_hourly,4.3,m/s,2026-05-21T11:14:17.621420
0PU46,MASSAFRA,40.582779,17.091944,2026-05-21 08:20:00,precip_10min_interval,0.0,mm,2026-05-21T11:14:12.089455
0PU46,MASSAFRA,40.582779,17.091944,2026-05-21 08:20:00,ws_10m_hourly,5.4,m/s,2026-05-21T11:14:17.621523
0PU46,MASSAFRA,40.582779,17.091944,2026-05-21 08:20:00,ws_2m_hourly,3.7,m/s,2026-05-21T11:14:17.621520
0PU47,CASTELLANETA,40.494446,16.878889,2026-05-21 08:20:00,precip_10min_interval,0.0,mm,2026-05-21T11:14:12.089502
0PU47,CASTELLANETA,40.494446,16.878889,2026-05-21 08:20:00,ws_10m_hourly,5.4,m/s,2026-05-21T11:14:17.621618
0PU47,CASTELLANETA,40.494446,16.878889,2026-05-21 08:20:00,ws_2m_hourly,2.2,m/s,2026-05-21T11:14:17.621615
0PU48,BARI C.N.R. IRSA,41.116943,16.820557,2026-05-21 08:20:00,precip_10min_interval,0.0,mm,2026-05-21T11:14:12.089555
0PU48,BARI C.N.R. IRSA,41.116943,16.820557,2026-05-21 08:20:00,ws_10m_hourly,5.4,m/s,2026-05-21T11:14:17.621715
0PU48,BARI C.N.R. IRSA,41.116943,16.820557,2026-05-21 08:20:00,ws_2m_hourly,3.4,m/s,2026-05-21T11:14:17.621712
0PU49,LOCOROTONDO ITAS,40.757221,17.340834,2026-05-21 08:20:00,precip_10min_interval,0.0,mm,2026-05-21T11:14:12.089604
0PU49,LOCOROTONDO ITAS,40.757221,17.340834,2026-05-21 08:20:00,ws_10m_hourly,5.9,m/s,2026-05-21T11:14:17.621811
0PU49,LOCOROTONDO ITAS,40.757221,17.340834,2026-05-21 08:20:00,ws_2m_hourly,3.8,m/s,2026-05-21T11:14:17.621808
0PU53,TORITTO,40.957222,16.567223,2026-05-21 08:20:00,precip_10min_interval,0.0,mm,2026-05-21T11:14:12.089650
0PU53,TORITTO,40.957222,16.567223,2026-05-21 08:20:00,ws_10m_hourly,8.7,m/s,2026-05-21T11:14:17.621911
0PU53,TORITTO,40.957222,16.567223,2026-05-21 08:20:00,ws_2m_hourly,7.1,m/s,2026-05-21T11:14:17.621908
0PU54,TORRE SANTA SUSANNA,40.459442,17.724722,2026-05-21 08:20:00,precip_10min_interval,0.0,mm,2026-05-21T11:14:12.089697
0PU54,TORRE SANTA SUSANNA,40.459442,17.724722,2026-05-21 08:20:00,ws_10m_hourly,6.1,m/s,2026-05-21T11:14:17.622006
0PU54,TORRE SANTA SUSANNA,40.459442,17.724722,2026-05-21 08:20:00,ws_2m_hourly,1.1,m/s,2026-05-21T11:14:17.622003
0PU55,LESINA-RIPALTA,41.8475,15.266111,2026-05-21 08:20:00,precip_10min_interval,0.0,mm,2026-05-21T11:14:12.089747
0PU55,LESINA-RIPALTA,41.8475,15.266111,2026-05-21 08:20:00,ws_10m_hourly,7.7,m/s,2026-05-21T11:14:17.622106
0PU55,LESINA-RIPALTA,41.8475,15.266111,2026-05-21 08:20:00,ws_2m_hourly,5.4,m/s,2026-05-21T11:14:17.622103
0PU56,CARLANTINO,41.588333,14.983611,2026-05-21 08:20:00,precip_10min_interval,0.0,mm,2026-05-21T11:14:12.089794
0PU56,CARLANTINO,41.588333,14.983611,2026-05-21 08:20:00,wdir_hourly,,,2026-05-21T08:05:13.706736
0PU56,CARLANTINO,41.588333,14.983611,2026-05-21 08:20:00,ws_10m_hourly,3.5,m/s,2026-05-21T11:14:17.622204
0PU56,CARLANTINO,41.588333,14.983611,2026-05-21 08:20:00,ws_2m_hourly,2.7,m/s,2026-05-21T11:14:17.622199
0PU57,SANT'AGATA DI PUGLIA,41.150276,15.46,2026-05-21 08:20:00,precip_10min_interval,0.0,mm,2026-05-21T11:14:12.089843
0PU57,SANT'AGATA DI PUGLIA,41.150276,15.46,2026-05-21 08:20:00,precip_today_accum,0.0,mm,2026-05-21T08:05:08.084627
0PU57,SANT'AGATA DI PUGLIA,41.150276,15.46,2026-05-21 08:20:00,wdir_hourly,,,2026-05-21T08:05:13.706739
0PU57,SANT'AGATA DI PUGLIA,41.150276,15.46,2026-05-21 08:20:00,ws_10m_hourly,6.4,m/s,2026-05-21T11:14:17.622328
0PU57,SANT'AGATA DI PUGLIA,41.150276,15.46,2026-05-21 08:20:00,ws_2m_hourly,4.1,m/s,2026-05-21T11:14:17.622325
0PU58,GINOSA,40.556389,16.843611,2026-05-21 08:20:00,precip_10min_interval,0.0,mm,2026-05-21T11:14:12.089897
0PU58,GINOSA,40.556389,16.843611,2026-05-21 08:20:00,precip_today_accum,0.0,mm,2026-05-21T08:05:08.084630
0PU58,GINOSA,40.556389,16.843611,2026-05-21 08:20:00,wdir_hourly,,,2026-05-21T08:05:13.706741
0PU58,GINOSA,40.556389,16.843611,2026-05-21 08:20:00,ws_10m_hourly,5.1,m/s,2026-05-21T11:14:17.622438
0PU58,GINOSA,40.556389,16.843611,2026-05-21 08:20:00,ws_2m_hourly,4.0,m/s,2026-05-21T11:14:17.622434
0PU59,PALAGIANELLO,40.578335,16.975279,2026-05-21 08:20:00,precip_10min_interval,0.0,mm,2026-05-21T11:14:12.089954
0PU59,PALAGIANELLO,40.578335,16.975279,2026-05-21 08:20:00,precip_today_accum,0.0,mm,2026-05-21T08:05:08.084633
0PU59,PALAGIANELLO,40.578335,16.975279,2026-05-21 08:20:00,wdir_hourly,,,2026-05-21T08:05:13.706744
0PU59,PALAGIANELLO,40.578335,16.975279,2026-05-21 08:20:00,ws_10m_hourly,7.9,m/s,2026-05-21T11:14:17.622555
0PU59,PALAGIANELLO,40.578335,16.975279,2026-05-21 08:20:00,ws_2m_hourly,5.1,m/s,2026-05-21T11:14:17.622552
0PU60,MINERVINO DI LECCE,40.093613,18.418612,2026-05-21 08:20:00,precip_10min_interval,0.0,mm,2026-05-21T11:14:12.090006
0PU60,MINERVINO DI LECCE,40.093613,18.418612,2026-05-21 08:20:00,precip_today_accum,0.0,mm,2026-05-21T08:05:08.084636
0PU60,MINERVINO DI LECCE,40.093613,18.418612,2026-05-21 08:20:00,wdir_hourly,,,2026-05-21T08:05:13.706747
0PU60,MINERVINO DI LECCE,40.093613,18.418612,2026-05-21 08:20:00,ws_10m_hourly,6.8,m/s,2026-05-21T11:14:17.623048
0PU60,MINERVINO DI LECCE,40.093613,18.418612,2026-05-21 08:20:00,ws_2m_hourly,4.6,m/s,2026-05-21T11:14:17.623045
0PU61,NARDO',40.171391,17.976389,2026-05-21 08:20:00,precip_10min_interval,0.0,mm,2026-05-21T11:14:12.090058
0PU61,NARDO',40.171391,17.976389,2026-05-21 08:20:00,precip_today_accum,0.0,mm,2026-05-21T08:05:08.084639
0PU61,NARDO',40.171391,17.976389,2026-05-21 08:20:00,wdir_hourly,,,2026-05-21T08:05:13.706750
0PU61,NARDO',40.171391,17.976389,2026-05-21 08:20:00,ws_10m_hourly,6.2,m/s,2026-05-21T11:14:17.623151
0PU61,NARDO',40.171391,17.976389,2026-05-21 08:20:00,ws_2m_hourly,2.3,m/s,2026-05-21T11:14:17.623148
MBA20,IPSAA,41.22139,16.049723,2026-05-21 08:20:00,precip_10min_interval,0.0,mm,2026-05-21T11:14:12.090120
MBA20,IPSAA,41.22139,16.049723,2026-05-21 08:20:00,precip_today_accum,0.0,mm,2026-05-21T08:05:08.084642
MBA20,IPSAA,41.22139,16.049723,2026-05-21 08:20:00,ws_2m_hourly,1.6,m/s,2026-05-21T11:14:17.623274
MBA21,MONTEGROSSO,41.132778,16.185833,2026-05-21 08:20:00,precip_10min_interval,0.0,mm,2026-05-21T11:14:12.090175
MBA21,MONTEGROSSO,41.132778,16.185833,2026-05-21 08:20:00,precip_today_accum,0.0,mm,2026-05-21T08:05:08.084645
MBA21,MONTEGROSSO,41.132778,16.185833,2026-05-21 08:20:00,ws_2m_hourly,1.7,m/s,2026-05-21T11:14:17.623331
MBA22,S.P. SANTERAMO,40.80611,16.591389,2026-05-21 08:20:00,precip_10min_interval,0.0,mm,2026-05-21T11:14:12.090244
MBA22,S.P. SANTERAMO,40.80611,16.591389,2026-05-21 08:20:00,precip_today_accum,0.0,mm,2026-05-21T08:05:08.084648
MBA22,S.P. SANTERAMO,40.80611,16.591389,2026-05-21 08:20:00,ws_2m_hourly,5.4,m/s,2026-05-21T11:14:17.623386
MBA24,CASSANO DELLE MURGE,40.918888,16.78861,2026-05-21 08:20:00,precip_10min_interval,0.0,mm,2026-05-21T11:14:12.090303
MBA24,CASSANO DELLE MURGE,40.918888,16.78861,2026-05-21 08:20:00,precip_today_accum,0.0,mm,2026-05-21T08:05:08.084652
MBA24,CASSANO DELLE MURGE,40.918888,16.78861,2026-05-21 08:20:00,ws_2m_hourly,4.7,m/s,2026-05-21T11:14:17.623447
MBA25,SANTERAMO IN COLLE,40.78611,16.775833,2026-05-21 08:20:00,precip_10min_interval,0.0,mm,2026-05-21T11:14:12.090364
MBA25,SANTERAMO IN COLLE,40.78611,16.775833,2026-05-21 08:20:00,precip_today_accum,0.0,mm,2026-05-21T08:05:08.084657
MBA25,SANTERAMO IN COLLE,40.78611,16.775833,2026-05-21 08:20:00,ws_2m_hourly,3.1,m/s,2026-05-21T11:14:17.623508
MBA26,CAMPO SPER. UNIBA,41.023609,16.906389,2026-05-21 08:20:00,precip_10min_interval,0.0,mm,2026-05-21T11:14:12.090426
MBA26,CAMPO SPER. UNIBA,41.023609,16.906389,2026-05-21 08:20:00,precip_today_accum,0.0,mm,2026-05-21T08:05:08.084663
MBA26,CAMPO SPER. UNIBA,41.023609,16.906389,2026-05-21 08:20:00,ws_2m_hourly,2.1,m/s,2026-05-21T11:14:17.623567
MBA27,SERRONE(AZ.AGR.MANCINI),40.921391,16.947222,2026-05-21 08:20:00,precip_10min_interval,0.0,mm,2026-05-21T11:14:12.090484
MBA27,SERRONE(AZ.AGR.MANCINI),40.921391,16.947222,2026-05-21 08:20:00,precip_today_accum,0.0,mm,2026-05-21T08:05:08.084666
MBA27,SERRONE(AZ.AGR.MANCINI),40.921391,16.947222,2026-05-21 08:20:00,ws_2m_hourly,3.6,m/s,2026-05-21T11:14:17.623627
MBA28,MURGIA ANTICI,40.715557,17.106667,2026-05-21 08:20:00,precip_10min_interval,0.0,mm,2026-05-21T11:14:12.090547
MBA28,MURGIA ANTICI,40.715557,17.106667,2026-05-21 08:20:00,precip_today_accum,0.0,mm,2026-05-21T08:05:08.084670
MBA28,MURGIA ANTICI,40.715557,17.106667,2026-05-21 08:20:00,ws_2m_hourly,4.8,m/s,2026-05-21T11:14:17.623687
MBA29,LAMENDOLA I,40.812222,17.164167,2026-05-21 08:20:00,precip_10min_interval,0.0,mm,2026-05-21T11:14:12.090606
MBA29,LAMENDOLA I,40.812222,17.164167,2026-05-21 08:20:00,precip_today_accum,0.0,mm,2026-05-21T08:05:08.084673
MBA29,LAMENDOLA I,40.812222,17.164167,2026-05-21 08:20:00,ws_2m_hourly,5.3,m/s,2026-05-21T11:14:17.623748
MBR30,FASCIANELLO,40.860279,17.364166,2026-05-21 08:20:00,precip_10min_interval,0.0,mm,2026-05-21T11:14:12.090666
MBR30,FASCIANELLO,40.860279,17.364166,2026-05-21 08:20:00,precip_today_accum,0.0,mm,2026-05-21T08:05:08.084676
MBR30,FASCIANELLO,40.860279,17.364166,2026-05-21 08:20:00,ws_2m_hourly,5.0,m/s,2026-05-21T11:14:17.623809
MBR31,FERRUZZO,40.62389,17.497499,2026-05-21 08:20:00,precip_10min_interval,0.0,mm,2026-05-21T11:14:12.090780
MBR31,FERRUZZO,40.62389,17.497499,2026-05-21 08:20:00,precip_today_accum,0.0,mm,2026-05-21T08:05:08.084679
MBR31,FERRUZZO,40.62389,17.497499,2026-05-21 08:20:00,ws_2m_hourly,3.0,m/s,2026-05-21T11:14:17.623872
MFG01,S. LUCIA,41.470554,15.363889,2026-05-21 08:20:00,precip_10min_interval,0.0,mm,2026-05-21T11:14:12.090846
MFG01,S. LUCIA,41.470554,15.363889,2026-05-21 08:20:00,precip_today_accum,0.0,mm,2026-05-21T08:05:08.084682
MFG01,S. LUCIA,41.470554,15.363889,2026-05-21 08:20:00,ws_2m_hourly,2.2,m/s,2026-05-21T11:14:17.623933
MFG02,SERRA DEI BISI,41.347778,15.282778,2026-05-21 08:20:00,precip_10min_interval,0.0,mm,2026-05-21T11:14:12.090904
MFG02,SERRA DEI BISI,41.347778,15.282778,2026-05-21 08:20:00,precip_today_accum,0.0,mm,2026-05-21T08:05:08.084685
MFG02,SERRA DEI BISI,41.347778,15.282778,2026-05-21 08:20:00,ws_2m_hourly,3.6,m/s,2026-05-21T11:14:17.623989
MFG03,LA PESCIA,41.40889,15.756667,2026-05-21 08:20:00,precip_10min_interval,0.0,mm,2026-05-21T11:14:12.090959
MFG03,LA PESCIA,41.40889,15.756667,2026-05-21 08:20:00,precip_today_accum,0.0,mm,2026-05-21T08:05:08.084688
MFG03,LA PESCIA,41.40889,15.756667,2026-05-21 08:20:00,ws_2m_hourly,3.9,m/s,2026-05-21T11:14:17.624043
MFG04,TRE SANTI,41.393612,15.848056,2026-05-21 08:20:00,precip_10min_interval,0.0,mm,2026-05-21T11:14:12.091013
MFG04,TRE SANTI,41.393612,15.848056,2026-05-21 08:20:00,precip_today_accum,0.0,mm,2026-05-21T08:05:08.084691
MFG04,TRE SANTI,41.393612,15.848056,2026-05-21 08:20:00,ws_2m_hourly,4.4,m/s,2026-05-21T11:14:17.624095
MFG05,RIVOLI,41.470833,15.929444,2026-05-21 08:20:00,precip_10min_interval,0.0,mm,2026-05-21T11:14:12.091065
MFG05,RIVOLI,41.470833,15.929444,2026-05-21 08:20:00,precip_today_accum,0.0,mm,2026-05-21T08:05:08.084694
MFG05,RIVOLI,41.470833,15.929444,2026-05-21 08:20:00,ws_2m_hourly,3.0,m/s,2026-05-21T11:14:17.624151
MFG06,TAVOLETTA,41.194168,15.932222,2026-05-21 08:20:00,precip_10min_interval,0.0,mm,2026-05-21T11:14:12.091123
MFG06,TAVOLETTA,41.194168,15.932222,2026-05-21 08:20:00,precip_today_accum,0.0,mm,2026-05-21T08:05:08.084697
MFG06,TAVOLETTA,41.194168,15.932222,2026-05-21 08:20:00,ws_2m_hourly,5.1,m/s,2026-05-21T11:14:17.624205
MFG07,COPPA D'ORO,41.421665,15.606944,2026-05-21 08:20:00,precip_10min_interval,0.0,mm,2026-05-21T11:14:12.091175
MFG07,COPPA D'ORO,41.421665,15.606944,2026-05-21 08:20:00,precip_today_accum,0.0,mm,2026-05-21T08:05:08.084701
MFG07,COPPA D'ORO,41.421665,15.606944,2026-05-21 08:20:00,ws_2m_hourly,4.2,m/s,2026-05-21T11:14:17.624270
MFG09,ARIOLA,41.8325,15.859722,2026-05-21 08:20:00,precip_10min_interval,0.0,mm,2026-05-21T11:14:12.091187
MFG09,ARIOLA,41.8325,15.859722,2026-05-21 08:20:00,precip_today_accum,0.0,mm,2026-05-21T08:05:08.084706
MFG09,ARIOLA,41.8325,15.859722,2026-05-21 08:20:00,ws_2m_hourly,0.7,m/s,2026-05-21T11:14:17.624331
MFG10,MATINE CARNE SALATA,41.651943,15.706389,2026-05-21 08:20:00,precip_10min_interval,0.0,mm,2026-05-21T11:14:12.091257
MFG10,MATINE CARNE SALATA,41.651943,15.706389,2026-05-21 08:20:00,precip_today_accum,0.0,mm,2026-05-21T08:05:08.084710
MFG10,MATINE CARNE SALATA,41.651943,15.706389,2026-05-21 08:20:00,ws_2m_hourly,2.9,m/s,2026-05-21T11:14:17.624384
MFG11,SELVA DELLE GROTTE,41.714722,15.148056,2026-05-21 08:20:00,precip_10min_interval,0.0,mm,2026-05-21T11:14:12.091310
MFG11,SELVA DELLE GROTTE,41.714722,15.148056,2026-05-21 08:20:00,precip_today_accum,0.0,mm,2026-05-21T08:05:08.084713
MFG11,SELVA DELLE GROTTE,41.714722,15.148056,2026-05-21 08:20:00,ws_2m_hourly,5.4,m/s,2026-05-21T11:14:17.624512
MFG13,BISCIGLIETO,41.142502,15.662778,2026-05-21 08:20:00,precip_10min_interval,0.0,mm,2026-05-21T11:14:12.091363
MFG13,BISCIGLIETO,41.142502,15.662778,2026-05-21 08:20:00,ws_2m_hourly,6.4,m/s,2026-05-21T11:14:17.624628
MFG14,S. LUCIA,41.922779,15.874722,2026-05-21 08:20:00,precip_10min_interval,0.0,mm,2026-05-21T11:14:12.091410
MFG14,S. LUCIA,41.922779,15.874722,2026-05-21 08:20:00,precip_today_accum,0.0,mm,2026-05-21T08:05:08.084719
MFG14,S. LUCIA,41.922779,15.874722,2026-05-21 08:20:00,ws_2m_hourly,1.3,m/s,2026-05-21T11:14:17.624715
MFG15,CASA LORDA,41.62389,15.403056,2026-05-21 08:20:00,precip_10min_interval,0.0,mm,2026-05-21T11:14:12.091471
MFG15,CASA LORDA,41.62389,15.403056,2026-05-21 08:20:00,precip_today_accum,0.0,mm,2026-05-21T08:05:08.084722
MFG15,CASA LORDA,41.62389,15.403056,2026-05-21 08:20:00,ws_2m_hourly,4.6,m/s,2026-05-21T11:14:17.624836
MFG16,QUERCIA COPPE,41.693054,15.756944,2026-05-21 08:20:00,precip_10min_interval,0.0,mm,2026-05-21T11:14:12.091528
MFG16,QUERCIA COPPE,41.693054,15.756944,2026-05-21 08:20:00,precip_today_accum,0.0,mm,2026-05-21T08:05:08.084725
MFG16,QUERCIA COPPE,41.693054,15.756944,2026-05-21 08:20:00,ws_2m_hourly,4.4,m/s,2026-05-21T11:14:17.624942
MFG17,CARRO CHIUSO,41.284168,16.077223,2026-05-21 08:20:00,precip_10min_interval,0.0,mm,2026-05-21T11:14:12.091584
MFG17,CARRO CHIUSO,41.284168,16.077223,2026-05-21 08:20:00,precip_today_accum,0.0,mm,2026-05-21T08:05:08.084728
MFG17,CARRO CHIUSO,41.284168,16.077223,2026-05-21 08:20:00,ws_2m_hourly,1.8,m/s,2026-05-21T11:14:17.625050
MFG18,VIESTE,41.901669,16.080557,2026-05-21 08:20:00,precip_10min_interval,0.0,mm,2026-05-21T11:14:12.091648
MFG18,VIESTE,41.901669,16.080557,2026-05-21 08:20:00,precip_today_accum,0.0,mm,2026-05-21T08:05:08.084731
MFG18,VIESTE,41.901669,16.080557,2026-05-21 08:20:00,ws_2m_hourly,1.9,m/s,2026-05-21T11:14:17.625155
MFG19,FOGGIA MONTEROZZI,41.521111,15.591944,2026-05-21 08:20:00,precip_10min_interval,0.0,mm,2026-05-21T11:14:12.091705
MFG19,FOGGIA MONTEROZZI,41.521111,15.591944,2026-05-21 08:20:00,precip_today_accum,0.0,mm,2026-05-21T08:05:08.084734
MFG19,FOGGIA MONTEROZZI,41.521111,15.591944,2026-05-21 08:20:00,ws_2m_hourly,6.2,m/s,2026-05-21T11:14:17.625296
MLE34,BARBARO,39.980831,18.1525,2026-05-21 08:20:00,precip_10min_interval,0.0,mm,2026-05-21T11:14:12.091760
MLE34,BARBARO,39.980831,18.1525,2026-05-21 08:20:00,precip_today_accum,0.0,mm,2026-05-21T08:05:08.084738
MLE34,BARBARO,39.980831,18.1525,2026-05-21 08:20:00,ws_2m_hourly,4.8,m/s,2026-05-21T11:14:17.625428
MLE35,MALOPRA,40.225555,18.299168,2026-05-21 08:20:00,precip_10min_interval,0.0,mm,2026-05-21T11:14:12.091828
MLE35,MALOPRA,40.225555,18.299168,2026-05-21 08:20:00,precip_today_accum,0.0,mm,2026-05-21T08:05:08.084741
MLE35,MALOPRA,40.225555,18.299168,2026-05-21 08:20:00,ws_2m_hourly,4.0,m/s,2026-05-21T11:14:17.625570
MTA32,MARTINA FRANCA,40.634724,17.277779,2026-05-21 08:20:00,precip_10min_interval,0.0,mm,2026-05-21T11:14:12.091897
MTA32,MARTINA FRANCA,40.634724,17.277779,2026-05-21 08:20:00,precip_today_accum,0.0,mm,2026-05-21T08:05:08.084745
MTA32,MARTINA FRANCA,40.634724,17.277779,2026-05-21 08:20:00,ws_2m_hourly,1.5,m/s,2026-05-21T11:14:17.625704
0PU01,GUROLAMANNA,40.916111,16.447779,2026-05-21 08:30:00,precip_10min_interval,0.0,mm,2026-05-21T11:14:12.087672
0PU01,GUROLAMANNA,40.916111,16.447779,2026-05-21 08:30:00,ws_10m_hourly,8.8,m/s,2026-05-21T11:14:17.617994
0PU01,GUROLAMANNA,40.916111,16.447779,2026-05-21 08:30:00,ws_2m_hourly,6.3,m/s,2026-05-21T11:14:17.617986
0PU03,LIMELLI D'IMPERATORE,40.883057,16.3125,2026-05-21 08:30:00,precip_10min_interval,0.0,mm,2026-05-21T11:14:12.087736
0PU03,LIMELLI D'IMPERATORE,40.883057,16.3125,2026-05-21 08:30:00,ws_10m_hourly,6.6,m/s,2026-05-21T11:14:17.618147
0PU03,LIMELLI D'IMPERATORE,40.883057,16.3125,2026-05-21 08:30:00,ws_2m_hourly,4.3,m/s,2026-05-21T11:14:17.618141
0PU04,OTTAVA SEDICI,40.7925,17.481943,2026-05-21 08:30:00,precip_10min_interval,0.0,mm,2026-05-21T11:14:12.087822
0PU04,OTTAVA SEDICI,40.7925,17.481943,2026-05-21 08:30:00,ws_10m_hourly,5.4,m/s,2026-05-21T11:14:17.618320
0PU04,OTTAVA SEDICI,40.7925,17.481943,2026-05-21 08:30:00,ws_2m_hourly,1.7,m/s,2026-05-21T11:14:17.618307
0PU06,MAINE,40.543056,18.032223,2026-05-21 08:30:00,precip_10min_interval,0.0,mm,2026-05-21T11:14:12.087889
0PU06,MAINE,40.543056,18.032223,2026-05-21 08:30:00,ws_10m_hourly,5.1,m/s,2026-05-21T11:14:17.618400
0PU06,MAINE,40.543056,18.032223,2026-05-21 08:30:00,ws_2m_hourly,1.3,m/s,2026-05-21T11:14:17.618396
0PU07,TRIONFO,41.347221,15.744167,2026-05-21 08:30:00,precip_10min_interval,0.0,mm,2026-05-21T11:14:12.087961
0PU07,TRIONFO,41.347221,15.744167,2026-05-21 08:30:00,ws_10m_hourly,7.0,m/s,2026-05-21T11:14:17.618475
0PU07,TRIONFO,41.347221,15.744167,2026-05-21 08:30:00,ws_2m_hourly,1.1,m/s,2026-05-21T11:14:17.618472
0PU08,TORRETTA,41.542221,15.173889,2026-05-21 08:30:00,precip_10min_interval,0.0,mm,2026-05-21T11:14:12.088042
0PU08,TORRETTA,41.542221,15.173889,2026-05-21 08:30:00,ws_10m_hourly,6.2,m/s,2026-05-21T11:14:17.618560
0PU08,TORRETTA,41.542221,15.173889,2026-05-21 08:30:00,ws_2m_hourly,0.0,m/s,2026-05-21T11:14:17.618557
0PU10,FRASSANITO,40.237221,18.441389,2026-05-21 08:30:00,precip_10min_interval,0.0,mm,2026-05-21T11:14:12.088090
0PU10,FRASSANITO,40.237221,18.441389,2026-05-21 08:30:00,ws_10m_hourly,7.1,m/s,2026-05-21T11:14:17.618643
0PU10,FRASSANITO,40.237221,18.441389,2026-05-21 08:30:00,ws_2m_hourly,4.0,m/s,2026-05-21T11:14:17.618640
0PU11,BADESSA,40.470554,18.097221,2026-05-21 08:30:00,precip_10min_interval,0.0,mm,2026-05-21T11:14:12.088134
0PU11,BADESSA,40.470554,18.097221,2026-05-21 08:30:00,ws_10m_hourly,7.3,m/s,2026-05-21T11:14:17.618727
0PU11,BADESSA,40.470554,18.097221,2026-05-21 08:30:00,ws_2m_hourly,4.9,m/s,2026-05-21T11:14:17.618724
0PU12,CONTE,39.981945,18.067499,2026-05-21 08:30:00,precip_10min_interval,0.0,mm,2026-05-21T11:14:12.088175
0PU12,CONTE,39.981945,18.067499,2026-05-21 08:30:00,ws_10m_hourly,6.1,m/s,2026-05-21T11:14:17.618814
0PU12,CONTE,39.981945,18.067499,2026-05-21 08:30:00,ws_2m_hourly,1.3,m/s,2026-05-21T11:14:17.618811
0PU13,TORRICELLA,40.343334,17.487778,2026-05-21 08:30:00,precip_10min_interval,0.0,mm,2026-05-21T11:14:12.088232
0PU13,TORRICELLA,40.343334,17.487778,2026-05-21 08:30:00,ws_10m_hourly,7.8,m/s,2026-05-21T11:14:17.618896
0PU13,TORRICELLA,40.343334,17.487778,2026-05-21 08:30:00,ws_2m_hourly,4.7,m/s,2026-05-21T11:14:17.618893
0PU14,TAFURI,40.680832,16.867779,2026-05-21 08:30:00,precip_10min_interval,0.0,mm,2026-05-21T11:14:12.088280
0PU14,TAFURI,40.680832,16.867779,2026-05-21 08:30:00,ws_10m_hourly,8.1,m/s,2026-05-21T11:14:17.618987
0PU14,TAFURI,40.680832,16.867779,2026-05-21 08:30:00,ws_2m_hourly,4.1,m/s,2026-05-21T11:14:17.618984
0PU16,ANDRIA,41.202221,16.201944,2026-05-21 08:30:00,precip_10min_interval,0.0,mm,2026-05-21T11:14:12.088322
0PU16,ANDRIA,41.202221,16.201944,2026-05-21 08:30:00,ws_10m_hourly,3.0,m/s,2026-05-21T11:14:17.619069
0PU16,ANDRIA,41.202221,16.201944,2026-05-21 08:30:00,ws_2m_hourly,0.8,m/s,2026-05-21T11:14:17.619066
0PU17,OSTUNI-SAROLO,40.688332,17.413889,2026-05-21 08:30:00,precip_10min_interval,0.0,mm,2026-05-21T11:14:12.088365
0PU17,OSTUNI-SAROLO,40.688332,17.413889,2026-05-21 08:30:00,ws_10m_hourly,6.0,m/s,2026-05-21T11:14:17.619160
0PU17,OSTUNI-SAROLO,40.688332,17.413889,2026-05-21 08:30:00,ws_2m_hourly,3.3,m/s,2026-05-21T11:14:17.619157
0PU18,MONOPOLI,40.919445,17.294443,2026-05-21 08:30:00,precip_10min_interval,0.0,mm,2026-05-21T11:14:12.088409
0PU18,MONOPOLI,40.919445,17.294443,2026-05-21 08:30:00,ws_10m_hourly,6.0,m/s,2026-05-21T11:14:17.619267
0PU18,MONOPOLI,40.919445,17.294443,2026-05-21 08:30:00,ws_2m_hourly,3.8,m/s,2026-05-21T11:14:17.619264
0PU19,TERLIZZI,41.120834,16.549168,2026-05-21 08:30:00,precip_10min_interval,0.0,mm,2026-05-21T11:14:12.088455
0PU19,TERLIZZI,41.120834,16.549168,2026-05-21 08:30:00,ws_10m_hourly,1.3,m/s,2026-05-21T11:14:17.619358
0PU19,TERLIZZI,41.120834,16.549168,2026-05-21 08:30:00,ws_2m_hourly,0.3,m/s,2026-05-21T11:14:17.619355
0PU20,VILLA CASTELLI,40.553055,17.504444,2026-05-21 08:30:00,precip_10min_interval,0.0,mm,2026-05-21T11:14:12.088501
0PU20,VILLA CASTELLI,40.553055,17.504444,2026-05-21 08:30:00,ws_10m_hourly,6.5,m/s,2026-05-21T11:14:17.619447
0PU20,VILLA CASTELLI,40.553055,17.504444,2026-05-21 08:30:00,ws_2m_hourly,3.6,m/s,2026-05-21T11:14:17.619444
0PU21,CAROVIGNO,40.691944,17.630278,2026-05-21 08:30:00,precip_10min_interval,0.0,mm,2026-05-21T11:14:12.088544
0PU21,CAROVIGNO,40.691944,17.630278,2026-05-21 08:30:00,ws_10m_hourly,5.0,m/s,2026-05-21T11:14:17.619539
0PU21,CAROVIGNO,40.691944,17.630278,2026-05-21 08:30:00,ws_2m_hourly,1.7,m/s,2026-05-21T11:14:17.619536
0PU22,APRICENA,41.773335,15.438611,2026-05-21 08:30:00,precip_10min_interval,0.0,mm,2026-05-21T11:14:12.088595
0PU22,APRICENA,41.773335,15.438611,2026-05-21 08:30:00,ws_10m_hourly,6.5,m/s,2026-05-21T11:14:17.619629
0PU22,APRICENA,41.773335,15.438611,2026-05-21 08:30:00,ws_2m_hourly,1.5,m/s,2026-05-21T11:14:17.619624
0PU23,MANFREDONIA,41.541389,15.885833,2026-05-21 08:30:00,precip_10min_interval,0.0,mm,2026-05-21T11:14:12.088638
0PU23,MANFREDONIA,41.541389,15.885833,2026-05-21 08:30:00,ws_10m_hourly,4.3,m/s,2026-05-21T11:14:17.619720
0PU23,MANFREDONIA,41.541389,15.885833,2026-05-21 08:30:00,ws_2m_hourly,2.1,m/s,2026-05-21T11:14:17.619717
0PU25,NOCIGLIA,40.034443,18.313057,2026-05-21 08:30:00,precip_10min_interval,0.0,mm,2026-05-21T11:14:12.088683
0PU25,NOCIGLIA,40.034443,18.313057,2026-05-21 08:30:00,ws_10m_hourly,7.6,m/s,2026-05-21T11:14:17.619816
0PU25,NOCIGLIA,40.034443,18.313057,2026-05-21 08:30:00,ws_2m_hourly,4.5,m/s,2026-05-21T11:14:17.619813
0PU27,GROTTAGLIE,40.53389,17.362778,2026-05-21 08:30:00,ws_10m_hourly,4.0,m/s,2026-05-21T11:14:17.619902
0PU27,GROTTAGLIE,40.53389,17.362778,2026-05-21 08:30:00,ws_2m_hourly,2.4,m/s,2026-05-21T11:14:17.619899
0PU28,TRANI,41.247501,16.415556,2026-05-21 08:30:00,precip_10min_interval,0.0,mm,2026-05-21T11:14:12.088729
0PU28,TRANI,41.247501,16.415556,2026-05-21 08:30:00,ws_10m_hourly,3.9,m/s,2026-05-21T11:14:17.620047
0PU28,TRANI,41.247501,16.415556,2026-05-21 08:30:00,ws_2m_hourly,2.6,m/s,2026-05-21T11:14:17.620043
0PU30,NOICATTARO,41.021942,16.967777,2026-05-21 08:30:00,precip_10min_interval,0.0,mm,2026-05-21T11:14:12.088777
0PU30,NOICATTARO,41.021942,16.967777,2026-05-21 08:30:00,ws_10m_hourly,6.3,m/s,2026-05-21T11:14:17.620142
0PU30,NOICATTARO,41.021942,16.967777,2026-05-21 08:30:00,ws_2m_hourly,4.0,m/s,2026-05-21T11:14:17.620139
0PU31,ALBEROBELLO,40.790558,17.233334,2026-05-21 08:30:00,precip_10min_interval,0.0,mm,2026-05-21T11:14:12.088825
0PU31,ALBEROBELLO,40.790558,17.233334,2026-05-21 08:30:00,ws_10m_hourly,5.1,m/s,2026-05-21T11:14:17.620254
0PU31,ALBEROBELLO,40.790558,17.233334,2026-05-21 08:30:00,ws_2m_hourly,2.6,m/s,2026-05-21T11:14:17.620251
0PU33,MOCCARI,40.558334,17.851667,2026-05-21 08:30:00,precip_10min_interval,0.0,mm,2026-05-21T11:14:12.088874
0PU33,MOCCARI,40.558334,17.851667,2026-05-21 08:30:00,ws_10m_hourly,7.7,m/s,2026-05-21T11:14:17.620355
0PU33,MOCCARI,40.558334,17.851667,2026-05-21 08:30:00,ws_2m_hourly,5.1,m/s,2026-05-21T11:14:17.620352
0PU34,LATIANO,40.548332,17.688057,2026-05-21 08:30:00,precip_10min_interval,0.0,mm,2026-05-21T11:14:12.088922
0PU34,LATIANO,40.548332,17.688057,2026-05-21 08:30:00,ws_10m_hourly,2.7,m/s,2026-05-21T11:14:17.620452
0PU34,LATIANO,40.548332,17.688057,2026-05-21 08:30:00,ws_2m_hourly,2.7,m/s,2026-05-21T11:14:17.620448
0PU35,SAN VITO DEI NORMANNI,40.629166,17.73361,2026-05-21 08:30:00,precip_10min_interval,0.0,mm,2026-05-21T11:14:12.088970
0PU35,SAN VITO DEI NORMANNI,40.629166,17.73361,2026-05-21 08:30:00,ws_10m_hourly,7.0,m/s,2026-05-21T11:14:17.620552
0PU35,SAN VITO DEI NORMANNI,40.629166,17.73361,2026-05-21 08:30:00,ws_2m_hourly,4.6,m/s,2026-05-21T11:14:17.620549
0PU36,VILLANOVA,41.654167,15.586667,2026-05-21 08:30:00,precip_10min_interval,0.0,mm,2026-05-21T11:14:12.089017
0PU36,VILLANOVA,41.654167,15.586667,2026-05-21 08:30:00,ws_10m_hourly,9.1,m/s,2026-05-21T11:14:17.620651
0PU36,VILLANOVA,41.654167,15.586667,2026-05-21 08:30:00,ws_2m_hourly,4.9,m/s,2026-05-21T11:14:17.620648
0PU37,TROIA,41.336388,15.382778,2026-05-21 08:30:00,precip_10min_interval,0.0,mm,2026-05-21T11:14:12.089063
0PU37,TROIA,41.336388,15.382778,2026-05-21 08:30:00,ws_10m_hourly,8.1,m/s,2026-05-21T11:14:17.620744
0PU37,TROIA,41.336388,15.382778,2026-05-21 08:30:00,ws_2m_hourly,7.1,m/s,2026-05-21T11:14:17.620741
0PU38,BORGO LA ROCCA,41.558334,15.516111,2026-05-21 08:30:00,precip_10min_interval,0.0,mm,2026-05-21T11:14:12.089116
0PU38,BORGO LA ROCCA,41.558334,15.516111,2026-05-21 08:30:00,ws_10m_hourly,6.6,m/s,2026-05-21T11:14:17.620844
0PU38,BORGO LA ROCCA,41.558334,15.516111,2026-05-21 08:30:00,ws_2m_hourly,4.4,m/s,2026-05-21T11:14:17.620841
0PU40,ARCHE,40.273888,18.013611,2026-05-21 08:30:00,precip_10min_interval,0.0,mm,2026-05-21T11:14:12.089163
0PU40,ARCHE,40.273888,18.013611,2026-05-21 08:30:00,ws_10m_hourly,6.2,m/s,2026-05-21T11:14:17.620941
0PU40,ARCHE,40.273888,18.013611,2026-05-21 08:30:00,ws_2m_hourly,2.9,m/s,2026-05-21T11:14:17.620937
0PU41,LECCE,40.326668,18.139999,2026-05-21 08:30:00,precip_10min_interval,0.0,mm,2026-05-21T11:14:12.089206
0PU41,LECCE,40.326668,18.139999,2026-05-21 08:30:00,ws_10m_hourly,4.4,m/s,2026-05-21T11:14:17.621033
0PU41,LECCE,40.326668,18.139999,2026-05-21 08:30:00,ws_2m_hourly,3.1,m/s,2026-05-21T11:14:17.621030
0PU42,SALICE SALENTINO,40.390556,17.875278,2026-05-21 08:30:00,precip_10min_interval,0.0,mm,2026-05-21T11:14:12.089265
0PU42,SALICE SALENTINO,40.390556,17.875278,2026-05-21 08:30:00,ws_10m_hourly,7.4,m/s,2026-05-21T11:14:17.621124
0PU42,SALICE SALENTINO,40.390556,17.875278,2026-05-21 08:30:00,ws_2m_hourly,5.6,m/s,2026-05-21T11:14:17.621121
0PU43,LUCUGNANO,39.930279,18.3225,2026-05-21 08:30:00,precip_10min_interval,0.0,mm,2026-05-21T11:14:12.089316
0PU43,LUCUGNANO,39.930279,18.3225,2026-05-21 08:30:00,ws_10m_hourly,5.2,m/s,2026-05-21T11:14:17.621231
0PU43,LUCUGNANO,39.930279,18.3225,2026-05-21 08:30:00,ws_2m_hourly,3.0,m/s,2026-05-21T11:14:17.621228
0PU44,MANDURIA,40.381943,17.621111,2026-05-21 08:30:00,precip_10min_interval,0.0,mm,2026-05-21T11:14:12.089362
0PU44,MANDURIA,40.381943,17.621111,2026-05-21 08:30:00,ws_10m_hourly,6.9,m/s,2026-05-21T11:14:17.621336
0PU44,MANDURIA,40.381943,17.621111,2026-05-21 08:30:00,ws_2m_hourly,5.3,m/s,2026-05-21T11:14:17.621333
0PU45,MOTTOLA,40.675556,16.996111,2026-05-21 08:30:00,precip_10min_interval,0.0,mm,2026-05-21T11:14:12.089410
0PU45,MOTTOLA,40.675556,16.996111,2026-05-21 08:30:00,ws_10m_hourly,6.5,m/s,2026-05-21T11:14:17.621431
0PU45,MOTTOLA,40.675556,16.996111,2026-05-21 08:30:00,ws_2m_hourly,3.7,m/s,2026-05-21T11:14:17.621426
0PU46,MASSAFRA,40.582779,17.091944,2026-05-21 08:30:00,precip_10min_interval,0.0,mm,2026-05-21T11:14:12.089458
0PU46,MASSAFRA,40.582779,17.091944,2026-05-21 08:30:00,ws_10m_hourly,5.4,m/s,2026-05-21T11:14:17.621529
0PU46,MASSAFRA,40.582779,17.091944,2026-05-21 08:30:00,ws_2m_hourly,3.8,m/s,2026-05-21T11:14:17.621526
0PU47,CASTELLANETA,40.494446,16.878889,2026-05-21 08:30:00,precip_10min_interval,0.0,mm,2026-05-21T11:14:12.089505
0PU47,CASTELLANETA,40.494446,16.878889,2026-05-21 08:30:00,ws_10m_hourly,4.6,m/s,2026-05-21T11:14:17.621624
0PU47,CASTELLANETA,40.494446,16.878889,2026-05-21 08:30:00,ws_2m_hourly,1.8,m/s,2026-05-21T11:14:17.621621
0PU48,BARI C.N.R. IRSA,41.116943,16.820557,2026-05-21 08:30:00,precip_10min_interval,0.0,mm,2026-05-21T11:14:12.089558
0PU48,BARI C.N.R. IRSA,41.116943,16.820557,2026-05-21 08:30:00,ws_10m_hourly,4.7,m/s,2026-05-21T11:14:17.621721
0PU48,BARI C.N.R. IRSA,41.116943,16.820557,2026-05-21 08:30:00,ws_2m_hourly,2.9,m/s,2026-05-21T11:14:17.621718
0PU49,LOCOROTONDO ITAS,40.757221,17.340834,2026-05-21 08:30:00,precip_10min_interval,0.0,mm,2026-05-21T11:14:12.089607
0PU49,LOCOROTONDO ITAS,40.757221,17.340834,2026-05-21 08:30:00,ws_10m_hourly,6.4,m/s,2026-05-21T11:14:17.621821
0PU49,LOCOROTONDO ITAS,40.757221,17.340834,2026-05-21 08:30:00,ws_2m_hourly,4.4,m/s,2026-05-21T11:14:17.621816
0PU53,TORITTO,40.957222,16.567223,2026-05-21 08:30:00,precip_10min_interval,0.0,mm,2026-05-21T11:14:12.089652
0PU53,TORITTO,40.957222,16.567223,2026-05-21 08:30:00,ws_10m_hourly,8.5,m/s,2026-05-21T11:14:17.621917
0PU53,TORITTO,40.957222,16.567223,2026-05-21 08:30:00,ws_2m_hourly,7.2,m/s,2026-05-21T11:14:17.621914
0PU54,TORRE SANTA SUSANNA,40.459442,17.724722,2026-05-21 08:30:00,precip_10min_interval,0.0,mm,2026-05-21T11:14:12.089701
0PU54,TORRE SANTA SUSANNA,40.459442,17.724722,2026-05-21 08:30:00,ws_10m_hourly,6.6,m/s,2026-05-21T11:14:17.622013
0PU54,TORRE SANTA SUSANNA,40.459442,17.724722,2026-05-21 08:30:00,ws_2m_hourly,1.5,m/s,2026-05-21T11:14:17.622010
0PU55,LESINA-RIPALTA,41.8475,15.266111,2026-05-21 08:30:00,precip_10min_interval,0.0,mm,2026-05-21T11:14:12.089750
0PU55,LESINA-RIPALTA,41.8475,15.266111,2026-05-21 08:30:00,ws_10m_hourly,7.5,m/s,2026-05-21T11:14:17.622112
0PU55,LESINA-RIPALTA,41.8475,15.266111,2026-05-21 08:30:00,ws_2m_hourly,5.4,m/s,2026-05-21T11:14:17.622109
0PU56,CARLANTINO,41.588333,14.983611,2026-05-21 08:30:00,precip_10min_interval,0.0,mm,2026-05-21T11:14:12.089799
0PU56,CARLANTINO,41.588333,14.983611,2026-05-21 08:30:00,ws_10m_hourly,3.8,m/s,2026-05-21T11:14:17.622210
0PU56,CARLANTINO,41.588333,14.983611,2026-05-21 08:30:00,ws_2m_hourly,2.9,m/s,2026-05-21T11:14:17.622207
0PU57,SANT'AGATA DI PUGLIA,41.150276,15.46,2026-05-21 08:30:00,precip_10min_interval,0.0,mm,2026-05-21T11:14:12.089846
0PU57,SANT'AGATA DI PUGLIA,41.150276,15.46,2026-05-21 08:30:00,ws_10m_hourly,6.7,m/s,2026-05-21T11:14:17.622335
0PU57,SANT'AGATA DI PUGLIA,41.150276,15.46,2026-05-21 08:30:00,ws_2m_hourly,4.2,m/s,2026-05-21T11:14:17.622332
0PU58,GINOSA,40.556389,16.843611,2026-05-21 08:30:00,precip_10min_interval,0.0,mm,2026-05-21T11:14:12.089900
0PU58,GINOSA,40.556389,16.843611,2026-05-21 08:30:00,ws_10m_hourly,5.3,m/s,2026-05-21T11:14:17.622444
0PU58,GINOSA,40.556389,16.843611,2026-05-21 08:30:00,ws_2m_hourly,3.9,m/s,2026-05-21T11:14:17.622441
0PU59,PALAGIANELLO,40.578335,16.975279,2026-05-21 08:30:00,precip_10min_interval,0.0,mm,2026-05-21T11:14:12.089957
0PU59,PALAGIANELLO,40.578335,16.975279,2026-05-21 08:30:00,ws_10m_hourly,7.1,m/s,2026-05-21T11:14:17.622561
0PU59,PALAGIANELLO,40.578335,16.975279,2026-05-21 08:30:00,ws_2m_hourly,4.9,m/s,2026-05-21T11:14:17.622558
0PU60,MINERVINO DI LECCE,40.093613,18.418612,2026-05-21 08:30:00,precip_10min_interval,0.0,mm,2026-05-21T11:14:12.090009
0PU60,MINERVINO DI LECCE,40.093613,18.418612,2026-05-21 08:30:00,ws_10m_hourly,6.6,m/s,2026-05-21T11:14:17.623054
0PU60,MINERVINO DI LECCE,40.093613,18.418612,2026-05-21 08:30:00,ws_2m_hourly,4.4,m/s,2026-05-21T11:14:17.623051
0PU61,NARDO',40.171391,17.976389,2026-05-21 08:30:00,precip_10min_interval,0.0,mm,2026-05-21T11:14:12.090062
0PU61,NARDO',40.171391,17.976389,2026-05-21 08:30:00,ws_10m_hourly,7.8,m/s,2026-05-21T11:14:17.623158
0PU61,NARDO',40.171391,17.976389,2026-05-21 08:30:00,ws_2m_hourly,3.3,m/s,2026-05-21T11:14:17.623154
MBA20,IPSAA,41.22139,16.049723,2026-05-21 08:30:00,precip_10min_interval,0.0,mm,2026-05-21T11:14:12.090123
MBA20,IPSAA,41.22139,16.049723,2026-05-21 08:30:00,ws_2m_hourly,1.6,m/s,2026-05-21T11:14:17.623277
MBA21,MONTEGROSSO,41.132778,16.185833,2026-05-21 08:30:00,precip_10min_interval,0.0,mm,2026-05-21T11:14:12.090178
MBA21,MONTEGROSSO,41.132778,16.185833,2026-05-21 08:30:00,ws_2m_hourly,2.0,m/s,2026-05-21T11:14:17.623334
MBA22,S.P. SANTERAMO,40.80611,16.591389,2026-05-21 08:30:00,precip_10min_interval,0.0,mm,2026-05-21T11:14:12.090251
MBA22,S.P. SANTERAMO,40.80611,16.591389,2026-05-21 08:30:00,ws_2m_hourly,5.6,m/s,2026-05-21T11:14:17.623394
MBA24,CASSANO DELLE MURGE,40.918888,16.78861,2026-05-21 08:30:00,precip_10min_interval,0.0,mm,2026-05-21T11:14:12.090306
MBA24,CASSANO DELLE MURGE,40.918888,16.78861,2026-05-21 08:30:00,ws_2m_hourly,4.7,m/s,2026-05-21T11:14:17.623450
MBA25,SANTERAMO IN COLLE,40.78611,16.775833,2026-05-21 08:30:00,precip_10min_interval,0.0,mm,2026-05-21T11:14:12.090367
MBA25,SANTERAMO IN COLLE,40.78611,16.775833,2026-05-21 08:30:00,ws_2m_hourly,3.6,m/s,2026-05-21T11:14:17.623511
MBA26,CAMPO SPER. UNIBA,41.023609,16.906389,2026-05-21 08:30:00,precip_10min_interval,0.0,mm,2026-05-21T11:14:12.090429
MBA26,CAMPO SPER. UNIBA,41.023609,16.906389,2026-05-21 08:30:00,ws_2m_hourly,2.1,m/s,2026-05-21T11:14:17.623570
MBA27,SERRONE(AZ.AGR.MANCINI),40.921391,16.947222,2026-05-21 08:30:00,precip_10min_interval,0.0,mm,2026-05-21T11:14:12.090487
MBA27,SERRONE(AZ.AGR.MANCINI),40.921391,16.947222,2026-05-21 08:30:00,ws_2m_hourly,4.2,m/s,2026-05-21T11:14:17.623630
MBA28,MURGIA ANTICI,40.715557,17.106667,2026-05-21 08:30:00,precip_10min_interval,0.0,mm,2026-05-21T11:14:12.090550
MBA28,MURGIA ANTICI,40.715557,17.106667,2026-05-21 08:30:00,ws_2m_hourly,4.9,m/s,2026-05-21T11:14:17.623690
MBA29,LAMENDOLA I,40.812222,17.164167,2026-05-21 08:30:00,precip_10min_interval,0.0,mm,2026-05-21T11:14:12.090609
MBA29,LAMENDOLA I,40.812222,17.164167,2026-05-21 08:30:00,ws_2m_hourly,5.3,m/s,2026-05-21T11:14:17.623751
MBR30,FASCIANELLO,40.860279,17.364166,2026-05-21 08:30:00,precip_10min_interval,0.0,mm,2026-05-21T11:14:12.090668
MBR30,FASCIANELLO,40.860279,17.364166,2026-05-21 08:30:00,ws_2m_hourly,5.2,m/s,2026-05-21T11:14:17.623812
MBR31,FERRUZZO,40.62389,17.497499,2026-05-21 08:30:00,precip_10min_interval,0.0,mm,2026-05-21T11:14:12.090783
MBR31,FERRUZZO,40.62389,17.497499,2026-05-21 08:30:00,ws_2m_hourly,3.8,m/s,2026-05-21T11:14:17.623875
MFG01,S. LUCIA,41.470554,15.363889,2026-05-21 08:30:00,precip_10min_interval,0.0,mm,2026-05-21T11:14:12.090849
MFG01,S. LUCIA,41.470554,15.363889,2026-05-21 08:30:00,ws_2m_hourly,2.2,m/s,2026-05-21T11:14:17.623936
MFG02,SERRA DEI BISI,41.347778,15.282778,2026-05-21 08:30:00,precip_10min_interval,0.0,mm,2026-05-21T11:14:12.090906
MFG02,SERRA DEI BISI,41.347778,15.282778,2026-05-21 08:30:00,ws_2m_hourly,3.9,m/s,2026-05-21T11:14:17.623992
MFG03,LA PESCIA,41.40889,15.756667,2026-05-21 08:30:00,precip_10min_interval,0.0,mm,2026-05-21T11:14:12.090962
MFG03,LA PESCIA,41.40889,15.756667,2026-05-21 08:30:00,ws_2m_hourly,3.9,m/s,2026-05-21T11:14:17.624046
MFG04,TRE SANTI,41.393612,15.848056,2026-05-21 08:30:00,precip_10min_interval,0.0,mm,2026-05-21T11:14:12.091016
MFG04,TRE SANTI,41.393612,15.848056,2026-05-21 08:30:00,ws_2m_hourly,3.8,m/s,2026-05-21T11:14:17.624098
MFG05,RIVOLI,41.470833,15.929444,2026-05-21 08:30:00,precip_10min_interval,0.0,mm,2026-05-21T11:14:12.091070
MFG05,RIVOLI,41.470833,15.929444,2026-05-21 08:30:00,ws_2m_hourly,3.2,m/s,2026-05-21T11:14:17.624156
MFG06,TAVOLETTA,41.194168,15.932222,2026-05-21 08:30:00,precip_10min_interval,0.0,mm,2026-05-21T11:14:12.091126
MFG06,TAVOLETTA,41.194168,15.932222,2026-05-21 08:30:00,ws_2m_hourly,5.0,m/s,2026-05-21T11:14:17.624208
MFG07,COPPA D'ORO,41.421665,15.606944,2026-05-21 08:30:00,precip_10min_interval,0.0,mm,2026-05-21T11:14:12.091178
MFG07,COPPA D'ORO,41.421665,15.606944,2026-05-21 08:30:00,ws_2m_hourly,5.1,m/s,2026-05-21T11:14:17.624273
MFG09,ARIOLA,41.8325,15.859722,2026-05-21 08:30:00,precip_10min_interval,0.0,mm,2026-05-21T11:14:12.091190
MFG09,ARIOLA,41.8325,15.859722,2026-05-21 08:30:00,ws_2m_hourly,0.6,m/s,2026-05-21T11:14:17.624334
MFG10,MATINE CARNE SALATA,41.651943,15.706389,2026-05-21 08:30:00,precip_10min_interval,0.0,mm,2026-05-21T11:14:12.091260
MFG10,MATINE CARNE SALATA,41.651943,15.706389,2026-05-21 08:30:00,ws_2m_hourly,2.6,m/s,2026-05-21T11:14:17.624387
MFG11,SELVA DELLE GROTTE,41.714722,15.148056,2026-05-21 08:30:00,precip_10min_interval,0.0,mm,2026-05-21T11:14:12.091313
MFG11,SELVA DELLE GROTTE,41.714722,15.148056,2026-05-21 08:30:00,ws_2m_hourly,6.5,m/s,2026-05-21T11:14:17.624517
MFG13,BISCIGLIETO,41.142502,15.662778,2026-05-21 08:30:00,precip_10min_interval,0.0,mm,2026-05-21T11:14:12.091366
MFG13,BISCIGLIETO,41.142502,15.662778,2026-05-21 08:30:00,ws_2m_hourly,5.6,m/s,2026-05-21T11:14:17.624633
MFG14,S. LUCIA,41.922779,15.874722,2026-05-21 08:30:00,precip_10min_interval,0.0,mm,2026-05-21T11:14:12.091413
MFG14,S. LUCIA,41.922779,15.874722,2026-05-21 08:30:00,ws_2m_hourly,1.2,m/s,2026-05-21T11:14:17.624720
MFG15,CASA LORDA,41.62389,15.403056,2026-05-21 08:30:00,precip_10min_interval,0.0,mm,2026-05-21T11:14:12.091474
MFG15,CASA LORDA,41.62389,15.403056,2026-05-21 08:30:00,ws_2m_hourly,4.7,m/s,2026-05-21T11:14:17.624842
MFG16,QUERCIA COPPE,41.693054,15.756944,2026-05-21 08:30:00,precip_10min_interval,0.0,mm,2026-05-21T11:14:12.091531
MFG16,QUERCIA COPPE,41.693054,15.756944,2026-05-21 08:30:00,ws_2m_hourly,4.7,m/s,2026-05-21T11:14:17.624948
MFG17,CARRO CHIUSO,41.284168,16.077223,2026-05-21 08:30:00,precip_10min_interval,0.0,mm,2026-05-21T11:14:12.091587
MFG17,CARRO CHIUSO,41.284168,16.077223,2026-05-21 08:30:00,ws_2m_hourly,2.5,m/s,2026-05-21T11:14:17.625058
MFG18,VIESTE,41.901669,16.080557,2026-05-21 08:30:00,precip_10min_interval,0.0,mm,2026-05-21T11:14:12.091651
MFG18,VIESTE,41.901669,16.080557,2026-05-21 08:30:00,ws_2m_hourly,2.1,m/s,2026-05-21T11:14:17.625161
MFG19,FOGGIA MONTEROZZI,41.521111,15.591944,2026-05-21 08:30:00,precip_10min_interval,0.0,mm,2026-05-21T11:14:12.091708
MFG19,FOGGIA MONTEROZZI,41.521111,15.591944,2026-05-21 08:30:00,ws_2m_hourly,5.9,m/s,2026-05-21T11:14:17.625307
MLE34,BARBARO,39.980831,18.1525,2026-05-21 08:30:00,precip_10min_interval,0.0,mm,2026-05-21T11:14:12.091764
MLE34,BARBARO,39.980831,18.1525,2026-05-21 08:30:00,ws_2m_hourly,4.6,m/s,2026-05-21T11:14:17.625434
MLE35,MALOPRA,40.225555,18.299168,2026-05-21 08:30:00,precip_10min_interval,0.0,mm,2026-05-21T11:14:12.091831
MLE35,MALOPRA,40.225555,18.299168,2026-05-21 08:30:00,ws_2m_hourly,3.7,m/s,2026-05-21T11:14:17.625576
MTA32,MARTINA FRANCA,40.634724,17.277779,2026-05-21 08:30:00,precip_10min_interval,0.0,mm,2026-05-21T11:14:12.091900
MTA32,MARTINA FRANCA,40.634724,17.277779,2026-05-21 08:30:00,ws_2m_hourly,2.0,m/s,2026-05-21T11:14:17.625710
0PU01,GUROLAMANNA,40.916111,16.447779,2026-05-21 08:40:00,precip_10min_interval,0.0,mm,2026-05-21T11:14:12.087676
0PU01,GUROLAMANNA,40.916111,16.447779,2026-05-21 08:40:00,ws_10m_hourly,7.8,m/s,2026-05-21T11:14:17.618009
0PU01,GUROLAMANNA,40.916111,16.447779,2026-05-21 08:40:00,ws_2m_hourly,5.6,m/s,2026-05-21T11:14:17.618002
0PU03,LIMELLI D'IMPERATORE,40.883057,16.3125,2026-05-21 08:40:00,precip_10min_interval,0.0,mm,2026-05-21T11:14:12.087742
0PU03,LIMELLI D'IMPERATORE,40.883057,16.3125,2026-05-21 08:40:00,ws_10m_hourly,6.4,m/s,2026-05-21T11:14:17.618158
0PU03,LIMELLI D'IMPERATORE,40.883057,16.3125,2026-05-21 08:40:00,ws_2m_hourly,4.1,m/s,2026-05-21T11:14:17.618152
0PU04,OTTAVA SEDICI,40.7925,17.481943,2026-05-21 08:40:00,precip_10min_interval,0.0,mm,2026-05-21T11:14:12.087827
0PU04,OTTAVA SEDICI,40.7925,17.481943,2026-05-21 08:40:00,ws_10m_hourly,5.2,m/s,2026-05-21T11:14:17.618329
0PU04,OTTAVA SEDICI,40.7925,17.481943,2026-05-21 08:40:00,ws_2m_hourly,1.8,m/s,2026-05-21T11:14:17.618326
0PU06,MAINE,40.543056,18.032223,2026-05-21 08:40:00,precip_10min_interval,0.0,mm,2026-05-21T11:14:12.087894
0PU06,MAINE,40.543056,18.032223,2026-05-21 08:40:00,ws_10m_hourly,4.9,m/s,2026-05-21T11:14:17.618406
0PU06,MAINE,40.543056,18.032223,2026-05-21 08:40:00,ws_2m_hourly,1.4,m/s,2026-05-21T11:14:17.618403
0PU07,TRIONFO,41.347221,15.744167,2026-05-21 08:40:00,precip_10min_interval,0.0,mm,2026-05-21T11:14:12.087966
0PU07,TRIONFO,41.347221,15.744167,2026-05-21 08:40:00,ws_10m_hourly,8.4,m/s,2026-05-21T11:14:17.618481
0PU07,TRIONFO,41.347221,15.744167,2026-05-21 08:40:00,ws_2m_hourly,2.2,m/s,2026-05-21T11:14:17.618478
0PU08,TORRETTA,41.542221,15.173889,2026-05-21 08:40:00,precip_10min_interval,0.0,mm,2026-05-21T11:14:12.088048
0PU08,TORRETTA,41.542221,15.173889,2026-05-21 08:40:00,ws_10m_hourly,6.4,m/s,2026-05-21T11:14:17.618566
0PU08,TORRETTA,41.542221,15.173889,2026-05-21 08:40:00,ws_2m_hourly,0.0,m/s,2026-05-21T11:14:17.618563
0PU10,FRASSANITO,40.237221,18.441389,2026-05-21 08:40:00,precip_10min_interval,0.0,mm,2026-05-21T11:14:12.088093
0PU10,FRASSANITO,40.237221,18.441389,2026-05-21 08:40:00,ws_10m_hourly,7.1,m/s,2026-05-21T11:14:17.618651
0PU10,FRASSANITO,40.237221,18.441389,2026-05-21 08:40:00,ws_2m_hourly,4.1,m/s,2026-05-21T11:14:17.618648
0PU11,BADESSA,40.470554,18.097221,2026-05-21 08:40:00,precip_10min_interval,0.0,mm,2026-05-21T11:14:12.088137
0PU11,BADESSA,40.470554,18.097221,2026-05-21 08:40:00,ws_10m_hourly,8.0,m/s,2026-05-21T11:14:17.618734
0PU11,BADESSA,40.470554,18.097221,2026-05-21 08:40:00,ws_2m_hourly,5.3,m/s,2026-05-21T11:14:17.618731
0PU12,CONTE,39.981945,18.067499,2026-05-21 08:40:00,precip_10min_interval,0.0,mm,2026-05-21T11:14:12.088178
0PU12,CONTE,39.981945,18.067499,2026-05-21 08:40:00,ws_10m_hourly,5.4,m/s,2026-05-21T11:14:17.618820
0PU12,CONTE,39.981945,18.067499,2026-05-21 08:40:00,ws_2m_hourly,1.3,m/s,2026-05-21T11:14:17.618817
0PU13,TORRICELLA,40.343334,17.487778,2026-05-21 08:40:00,precip_10min_interval,0.0,mm,2026-05-21T11:14:12.088235
0PU13,TORRICELLA,40.343334,17.487778,2026-05-21 08:40:00,ws_10m_hourly,8.5,m/s,2026-05-21T11:14:17.618902
0PU13,TORRICELLA,40.343334,17.487778,2026-05-21 08:40:00,ws_2m_hourly,4.7,m/s,2026-05-21T11:14:17.618898
0PU14,TAFURI,40.680832,16.867779,2026-05-21 08:40:00,precip_10min_interval,0.0,mm,2026-05-21T11:14:12.088284
0PU14,TAFURI,40.680832,16.867779,2026-05-21 08:40:00,ws_10m_hourly,8.0,m/s,2026-05-21T11:14:17.618993
0PU14,TAFURI,40.680832,16.867779,2026-05-21 08:40:00,ws_2m_hourly,4.2,m/s,2026-05-21T11:14:17.618990
0PU16,ANDRIA,41.202221,16.201944,2026-05-21 08:40:00,precip_10min_interval,0.0,mm,2026-05-21T11:14:12.088325
0PU16,ANDRIA,41.202221,16.201944,2026-05-21 08:40:00,ws_10m_hourly,3.7,m/s,2026-05-21T11:14:17.619075
0PU16,ANDRIA,41.202221,16.201944,2026-05-21 08:40:00,ws_2m_hourly,1.2,m/s,2026-05-21T11:14:17.619072
0PU17,OSTUNI-SAROLO,40.688332,17.413889,2026-05-21 08:40:00,precip_10min_interval,0.0,mm,2026-05-21T11:14:12.088368
0PU17,OSTUNI-SAROLO,40.688332,17.413889,2026-05-21 08:40:00,ws_10m_hourly,6.1,m/s,2026-05-21T11:14:17.619166
0PU17,OSTUNI-SAROLO,40.688332,17.413889,2026-05-21 08:40:00,ws_2m_hourly,3.4,m/s,2026-05-21T11:14:17.619163
0PU18,MONOPOLI,40.919445,17.294443,2026-05-21 08:40:00,precip_10min_interval,0.0,mm,2026-05-21T11:14:12.088415
0PU18,MONOPOLI,40.919445,17.294443,2026-05-21 08:40:00,ws_10m_hourly,6.5,m/s,2026-05-21T11:14:17.619273
0PU18,MONOPOLI,40.919445,17.294443,2026-05-21 08:40:00,ws_2m_hourly,4.0,m/s,2026-05-21T11:14:17.619270
0PU19,TERLIZZI,41.120834,16.549168,2026-05-21 08:40:00,precip_10min_interval,0.0,mm,2026-05-21T11:14:12.088461
0PU19,TERLIZZI,41.120834,16.549168,2026-05-21 08:40:00,ws_10m_hourly,2.1,m/s,2026-05-21T11:14:17.619364
0PU19,TERLIZZI,41.120834,16.549168,2026-05-21 08:40:00,ws_2m_hourly,0.5,m/s,2026-05-21T11:14:17.619361
0PU20,VILLA CASTELLI,40.553055,17.504444,2026-05-21 08:40:00,precip_10min_interval,0.0,mm,2026-05-21T11:14:12.088504
0PU20,VILLA CASTELLI,40.553055,17.504444,2026-05-21 08:40:00,ws_10m_hourly,6.8,m/s,2026-05-21T11:14:17.619453
0PU20,VILLA CASTELLI,40.553055,17.504444,2026-05-21 08:40:00,ws_2m_hourly,3.9,m/s,2026-05-21T11:14:17.619450
0PU21,CAROVIGNO,40.691944,17.630278,2026-05-21 08:40:00,precip_10min_interval,0.0,mm,2026-05-21T11:14:12.088549
0PU21,CAROVIGNO,40.691944,17.630278,2026-05-21 08:40:00,ws_10m_hourly,4.9,m/s,2026-05-21T11:14:17.619546
0PU21,CAROVIGNO,40.691944,17.630278,2026-05-21 08:40:00,ws_2m_hourly,1.7,m/s,2026-05-21T11:14:17.619542
0PU22,APRICENA,41.773335,15.438611,2026-05-21 08:40:00,precip_10min_interval,0.0,mm,2026-05-21T11:14:12.088598
0PU22,APRICENA,41.773335,15.438611,2026-05-21 08:40:00,ws_10m_hourly,6.1,m/s,2026-05-21T11:14:17.619639
0PU22,APRICENA,41.773335,15.438611,2026-05-21 08:40:00,ws_2m_hourly,1.8,m/s,2026-05-21T11:14:17.619635
0PU23,MANFREDONIA,41.541389,15.885833,2026-05-21 08:40:00,precip_10min_interval,0.0,mm,2026-05-21T11:14:12.088641
0PU23,MANFREDONIA,41.541389,15.885833,2026-05-21 08:40:00,ws_10m_hourly,3.6,m/s,2026-05-21T11:14:17.619726
0PU23,MANFREDONIA,41.541389,15.885833,2026-05-21 08:40:00,ws_2m_hourly,1.9,m/s,2026-05-21T11:14:17.619723
0PU25,NOCIGLIA,40.034443,18.313057,2026-05-21 08:40:00,precip_10min_interval,0.0,mm,2026-05-21T11:14:12.088687
0PU25,NOCIGLIA,40.034443,18.313057,2026-05-21 08:40:00,ws_10m_hourly,7.2,m/s,2026-05-21T11:14:17.619821
0PU25,NOCIGLIA,40.034443,18.313057,2026-05-21 08:40:00,ws_2m_hourly,4.1,m/s,2026-05-21T11:14:17.619818
0PU27,GROTTAGLIE,40.53389,17.362778,2026-05-21 08:40:00,ws_10m_hourly,4.6,m/s,2026-05-21T11:14:17.619910
0PU27,GROTTAGLIE,40.53389,17.362778,2026-05-21 08:40:00,ws_2m_hourly,2.9,m/s,2026-05-21T11:14:17.619907
0PU28,TRANI,41.247501,16.415556,2026-05-21 08:40:00,precip_10min_interval,0.0,mm,2026-05-21T11:14:12.088732
0PU28,TRANI,41.247501,16.415556,2026-05-21 08:40:00,ws_10m_hourly,4.3,m/s,2026-05-21T11:14:17.620053
0PU28,TRANI,41.247501,16.415556,2026-05-21 08:40:00,ws_2m_hourly,2.7,m/s,2026-05-21T11:14:17.620050
0PU30,NOICATTARO,41.021942,16.967777,2026-05-21 08:40:00,precip_10min_interval,0.0,mm,2026-05-21T11:14:12.088780
0PU30,NOICATTARO,41.021942,16.967777,2026-05-21 08:40:00,ws_10m_hourly,5.9,m/s,2026-05-21T11:14:17.620150
0PU30,NOICATTARO,41.021942,16.967777,2026-05-21 08:40:00,ws_2m_hourly,3.6,m/s,2026-05-21T11:14:17.620145
0PU31,ALBEROBELLO,40.790558,17.233334,2026-05-21 08:40:00,precip_10min_interval,0.0,mm,2026-05-21T11:14:12.088828
0PU31,ALBEROBELLO,40.790558,17.233334,2026-05-21 08:40:00,ws_10m_hourly,5.5,m/s,2026-05-21T11:14:17.620260
0PU31,ALBEROBELLO,40.790558,17.233334,2026-05-21 08:40:00,ws_2m_hourly,3.1,m/s,2026-05-21T11:14:17.620257
0PU33,MOCCARI,40.558334,17.851667,2026-05-21 08:40:00,precip_10min_interval,0.0,mm,2026-05-21T11:14:12.088877
0PU33,MOCCARI,40.558334,17.851667,2026-05-21 08:40:00,ws_10m_hourly,7.2,m/s,2026-05-21T11:14:17.620361
0PU33,MOCCARI,40.558334,17.851667,2026-05-21 08:40:00,ws_2m_hourly,5.0,m/s,2026-05-21T11:14:17.620358
0PU34,LATIANO,40.548332,17.688057,2026-05-21 08:40:00,precip_10min_interval,0.0,mm,2026-05-21T11:14:12.088925
0PU34,LATIANO,40.548332,17.688057,2026-05-21 08:40:00,ws_10m_hourly,3.4,m/s,2026-05-21T11:14:17.620458
0PU34,LATIANO,40.548332,17.688057,2026-05-21 08:40:00,ws_2m_hourly,3.1,m/s,2026-05-21T11:14:17.620455
0PU35,SAN VITO DEI NORMANNI,40.629166,17.73361,2026-05-21 08:40:00,precip_10min_interval,0.0,mm,2026-05-21T11:14:12.088974
0PU35,SAN VITO DEI NORMANNI,40.629166,17.73361,2026-05-21 08:40:00,ws_10m_hourly,7.7,m/s,2026-05-21T11:14:17.620559
0PU35,SAN VITO DEI NORMANNI,40.629166,17.73361,2026-05-21 08:40:00,ws_2m_hourly,5.1,m/s,2026-05-21T11:14:17.620556
0PU36,VILLANOVA,41.654167,15.586667,2026-05-21 08:40:00,precip_10min_interval,0.0,mm,2026-05-21T11:14:12.089020
0PU36,VILLANOVA,41.654167,15.586667,2026-05-21 08:40:00,ws_10m_hourly,8.6,m/s,2026-05-21T11:14:17.620657
0PU36,VILLANOVA,41.654167,15.586667,2026-05-21 08:40:00,ws_2m_hourly,4.7,m/s,2026-05-21T11:14:17.620654
0PU37,TROIA,41.336388,15.382778,2026-05-21 08:40:00,precip_10min_interval,0.0,mm,2026-05-21T11:14:12.089068
0PU37,TROIA,41.336388,15.382778,2026-05-21 08:40:00,ws_10m_hourly,8.0,m/s,2026-05-21T11:14:17.620752
0PU37,TROIA,41.336388,15.382778,2026-05-21 08:40:00,ws_2m_hourly,6.9,m/s,2026-05-21T11:14:17.620747
0PU38,BORGO LA ROCCA,41.558334,15.516111,2026-05-21 08:40:00,precip_10min_interval,0.0,mm,2026-05-21T11:14:12.089119
0PU38,BORGO LA ROCCA,41.558334,15.516111,2026-05-21 08:40:00,ws_10m_hourly,6.5,m/s,2026-05-21T11:14:17.620850
0PU38,BORGO LA ROCCA,41.558334,15.516111,2026-05-21 08:40:00,ws_2m_hourly,4.4,m/s,2026-05-21T11:14:17.620847
0PU40,ARCHE,40.273888,18.013611,2026-05-21 08:40:00,precip_10min_interval,0.0,mm,2026-05-21T11:14:12.089166
0PU40,ARCHE,40.273888,18.013611,2026-05-21 08:40:00,ws_10m_hourly,6.7,m/s,2026-05-21T11:14:17.620947
0PU40,ARCHE,40.273888,18.013611,2026-05-21 08:40:00,ws_2m_hourly,3.1,m/s,2026-05-21T11:14:17.620944
0PU41,LECCE,40.326668,18.139999,2026-05-21 08:40:00,precip_10min_interval,0.0,mm,2026-05-21T11:14:12.089209
0PU41,LECCE,40.326668,18.139999,2026-05-21 08:40:00,ws_10m_hourly,5.3,m/s,2026-05-21T11:14:17.621039
0PU41,LECCE,40.326668,18.139999,2026-05-21 08:40:00,ws_2m_hourly,3.7,m/s,2026-05-21T11:14:17.621036
0PU42,SALICE SALENTINO,40.390556,17.875278,2026-05-21 08:40:00,precip_10min_interval,0.0,mm,2026-05-21T11:14:12.089268
0PU42,SALICE SALENTINO,40.390556,17.875278,2026-05-21 08:40:00,ws_10m_hourly,7.3,m/s,2026-05-21T11:14:17.621129
0PU42,SALICE SALENTINO,40.390556,17.875278,2026-05-21 08:40:00,ws_2m_hourly,5.2,m/s,2026-05-21T11:14:17.621127
0PU43,LUCUGNANO,39.930279,18.3225,2026-05-21 08:40:00,precip_10min_interval,0.0,mm,2026-05-21T11:14:12.089319
0PU43,LUCUGNANO,39.930279,18.3225,2026-05-21 08:40:00,ws_10m_hourly,5.5,m/s,2026-05-21T11:14:17.621237
0PU43,LUCUGNANO,39.930279,18.3225,2026-05-21 08:40:00,ws_2m_hourly,3.1,m/s,2026-05-21T11:14:17.621234
0PU44,MANDURIA,40.381943,17.621111,2026-05-21 08:40:00,precip_10min_interval,0.0,mm,2026-05-21T11:14:12.089365
0PU44,MANDURIA,40.381943,17.621111,2026-05-21 08:40:00,ws_10m_hourly,6.7,m/s,2026-05-21T11:14:17.621342
0PU44,MANDURIA,40.381943,17.621111,2026-05-21 08:40:00,ws_2m_hourly,5.1,m/s,2026-05-21T11:14:17.621339
0PU45,MOTTOLA,40.675556,16.996111,2026-05-21 08:40:00,precip_10min_interval,0.0,mm,2026-05-21T11:14:12.089413
0PU45,MOTTOLA,40.675556,16.996111,2026-05-21 08:40:00,ws_10m_hourly,6.9,m/s,2026-05-21T11:14:17.621437
0PU45,MOTTOLA,40.675556,16.996111,2026-05-21 08:40:00,ws_2m_hourly,3.9,m/s,2026-05-21T11:14:17.621434
0PU46,MASSAFRA,40.582779,17.091944,2026-05-21 08:40:00,precip_10min_interval,0.0,mm,2026-05-21T11:14:12.089461
0PU46,MASSAFRA,40.582779,17.091944,2026-05-21 08:40:00,ws_10m_hourly,5.5,m/s,2026-05-21T11:14:17.621535
0PU46,MASSAFRA,40.582779,17.091944,2026-05-21 08:40:00,ws_2m_hourly,3.7,m/s,2026-05-21T11:14:17.621532
0PU47,CASTELLANETA,40.494446,16.878889,2026-05-21 08:40:00,precip_10min_interval,0.0,mm,2026-05-21T11:14:12.089510
0PU47,CASTELLANETA,40.494446,16.878889,2026-05-21 08:40:00,ws_10m_hourly,5.1,m/s,2026-05-21T11:14:17.621630
0PU47,CASTELLANETA,40.494446,16.878889,2026-05-21 08:40:00,ws_2m_hourly,2.1,m/s,2026-05-21T11:14:17.621627
0PU48,BARI C.N.R. IRSA,41.116943,16.820557,2026-05-21 08:40:00,precip_10min_interval,0.0,mm,2026-05-21T11:14:12.089562
0PU48,BARI C.N.R. IRSA,41.116943,16.820557,2026-05-21 08:40:00,ws_10m_hourly,6.5,m/s,2026-05-21T11:14:17.621728
0PU48,BARI C.N.R. IRSA,41.116943,16.820557,2026-05-21 08:40:00,ws_2m_hourly,4.0,m/s,2026-05-21T11:14:17.621724
0PU49,LOCOROTONDO ITAS,40.757221,17.340834,2026-05-21 08:40:00,precip_10min_interval,0.0,mm,2026-05-21T11:14:12.089610
0PU49,LOCOROTONDO ITAS,40.757221,17.340834,2026-05-21 08:40:00,ws_10m_hourly,6.4,m/s,2026-05-21T11:14:17.621827
0PU49,LOCOROTONDO ITAS,40.757221,17.340834,2026-05-21 08:40:00,ws_2m_hourly,4.3,m/s,2026-05-21T11:14:17.621824
0PU53,TORITTO,40.957222,16.567223,2026-05-21 08:40:00,precip_10min_interval,0.0,mm,2026-05-21T11:14:12.089655
0PU53,TORITTO,40.957222,16.567223,2026-05-21 08:40:00,ws_10m_hourly,8.5,m/s,2026-05-21T11:14:17.621923
0PU53,TORITTO,40.957222,16.567223,2026-05-21 08:40:00,ws_2m_hourly,7.2,m/s,2026-05-21T11:14:17.621920
0PU54,TORRE SANTA SUSANNA,40.459442,17.724722,2026-05-21 08:40:00,precip_10min_interval,0.0,mm,2026-05-21T11:14:12.089704
0PU54,TORRE SANTA SUSANNA,40.459442,17.724722,2026-05-21 08:40:00,ws_10m_hourly,6.6,m/s,2026-05-21T11:14:17.622019
0PU54,TORRE SANTA SUSANNA,40.459442,17.724722,2026-05-21 08:40:00,ws_2m_hourly,1.3,m/s,2026-05-21T11:14:17.622016
0PU55,LESINA-RIPALTA,41.8475,15.266111,2026-05-21 08:40:00,precip_10min_interval,0.0,mm,2026-05-21T11:14:12.089753
0PU55,LESINA-RIPALTA,41.8475,15.266111,2026-05-21 08:40:00,ws_10m_hourly,7.6,m/s,2026-05-21T11:14:17.622119
0PU55,LESINA-RIPALTA,41.8475,15.266111,2026-05-21 08:40:00,ws_2m_hourly,5.4,m/s,2026-05-21T11:14:17.622115
0PU56,CARLANTINO,41.588333,14.983611,2026-05-21 08:40:00,precip_10min_interval,0.0,mm,2026-05-21T11:14:12.089802
0PU56,CARLANTINO,41.588333,14.983611,2026-05-21 08:40:00,ws_10m_hourly,4.5,m/s,2026-05-21T11:14:17.622230
0PU56,CARLANTINO,41.588333,14.983611,2026-05-21 08:40:00,ws_2m_hourly,3.7,m/s,2026-05-21T11:14:17.622227
0PU57,SANT'AGATA DI PUGLIA,41.150276,15.46,2026-05-21 08:40:00,precip_10min_interval,0.0,mm,2026-05-21T11:14:12.089849
0PU57,SANT'AGATA DI PUGLIA,41.150276,15.46,2026-05-21 08:40:00,ws_10m_hourly,7.1,m/s,2026-05-21T11:14:17.622341
0PU57,SANT'AGATA DI PUGLIA,41.150276,15.46,2026-05-21 08:40:00,ws_2m_hourly,4.4,m/s,2026-05-21T11:14:17.622338
0PU58,GINOSA,40.556389,16.843611,2026-05-21 08:40:00,precip_10min_interval,0.0,mm,2026-05-21T11:14:12.089903
0PU58,GINOSA,40.556389,16.843611,2026-05-21 08:40:00,ws_10m_hourly,5.7,m/s,2026-05-21T11:14:17.622450
0PU58,GINOSA,40.556389,16.843611,2026-05-21 08:40:00,ws_2m_hourly,4.1,m/s,2026-05-21T11:14:17.622447
0PU59,PALAGIANELLO,40.578335,16.975279,2026-05-21 08:40:00,precip_10min_interval,0.0,mm,2026-05-21T11:14:12.089960
0PU59,PALAGIANELLO,40.578335,16.975279,2026-05-21 08:40:00,ws_10m_hourly,7.9,m/s,2026-05-21T11:14:17.622621
0PU59,PALAGIANELLO,40.578335,16.975279,2026-05-21 08:40:00,ws_2m_hourly,5.3,m/s,2026-05-21T11:14:17.622564
0PU60,MINERVINO DI LECCE,40.093613,18.418612,2026-05-21 08:40:00,precip_10min_interval,0.0,mm,2026-05-21T11:14:12.090012
0PU60,MINERVINO DI LECCE,40.093613,18.418612,2026-05-21 08:40:00,ws_10m_hourly,7.1,m/s,2026-05-21T11:14:17.623060
0PU60,MINERVINO DI LECCE,40.093613,18.418612,2026-05-21 08:40:00,ws_2m_hourly,4.8,m/s,2026-05-21T11:14:17.623057
0PU61,NARDO',40.171391,17.976389,2026-05-21 08:40:00,precip_10min_interval,0.0,mm,2026-05-21T11:14:12.090065
0PU61,NARDO',40.171391,17.976389,2026-05-21 08:40:00,ws_10m_hourly,7.2,m/s,2026-05-21T11:14:17.623167
0PU61,NARDO',40.171391,17.976389,2026-05-21 08:40:00,ws_2m_hourly,3.0,m/s,2026-05-21T11:14:17.623164
MBA20,IPSAA,41.22139,16.049723,2026-05-21 08:40:00,precip_10min_interval,0.0,mm,2026-05-21T11:14:12.090126
MBA20,IPSAA,41.22139,16.049723,2026-05-21 08:40:00,ws_2m_hourly,2.0,m/s,2026-05-21T11:14:17.623280
MBA21,MONTEGROSSO,41.132778,16.185833,2026-05-21 08:40:00,precip_10min_interval,0.0,mm,2026-05-21T11:14:12.090181
MBA21,MONTEGROSSO,41.132778,16.185833,2026-05-21 08:40:00,ws_2m_hourly,2.1,m/s,2026-05-21T11:14:17.623337
MBA22,S.P. SANTERAMO,40.80611,16.591389,2026-05-21 08:40:00,precip_10min_interval,0.0,mm,2026-05-21T11:14:12.090254
MBA22,S.P. SANTERAMO,40.80611,16.591389,2026-05-21 08:40:00,ws_2m_hourly,5.5,m/s,2026-05-21T11:14:17.623397
MBA24,CASSANO DELLE MURGE,40.918888,16.78861,2026-05-21 08:40:00,precip_10min_interval,0.0,mm,2026-05-21T11:14:12.090309
MBA24,CASSANO DELLE MURGE,40.918888,16.78861,2026-05-21 08:40:00,ws_2m_hourly,4.8,m/s,2026-05-21T11:14:17.623453
MBA25,SANTERAMO IN COLLE,40.78611,16.775833,2026-05-21 08:40:00,precip_10min_interval,0.0,mm,2026-05-21T11:14:12.090370
MBA25,SANTERAMO IN COLLE,40.78611,16.775833,2026-05-21 08:40:00,ws_2m_hourly,3.9,m/s,2026-05-21T11:14:17.623513
MBA26,CAMPO SPER. UNIBA,41.023609,16.906389,2026-05-21 08:40:00,precip_10min_interval,0.0,mm,2026-05-21T11:14:12.090432
MBA26,CAMPO SPER. UNIBA,41.023609,16.906389,2026-05-21 08:40:00,ws_2m_hourly,2.5,m/s,2026-05-21T11:14:17.623573
MBA27,SERRONE(AZ.AGR.MANCINI),40.921391,16.947222,2026-05-21 08:40:00,precip_10min_interval,0.0,mm,2026-05-21T11:14:12.090491
MBA27,SERRONE(AZ.AGR.MANCINI),40.921391,16.947222,2026-05-21 08:40:00,ws_2m_hourly,4.0,m/s,2026-05-21T11:14:17.623633
MBA28,MURGIA ANTICI,40.715557,17.106667,2026-05-21 08:40:00,precip_10min_interval,0.0,mm,2026-05-21T11:14:12.090553
MBA28,MURGIA ANTICI,40.715557,17.106667,2026-05-21 08:40:00,ws_2m_hourly,5.0,m/s,2026-05-21T11:14:17.623693
MBA29,LAMENDOLA I,40.812222,17.164167,2026-05-21 08:40:00,precip_10min_interval,0.0,mm,2026-05-21T11:14:12.090612
MBA29,LAMENDOLA I,40.812222,17.164167,2026-05-21 08:40:00,ws_2m_hourly,5.3,m/s,2026-05-21T11:14:17.623754
MBR30,FASCIANELLO,40.860279,17.364166,2026-05-21 08:40:00,precip_10min_interval,0.0,mm,2026-05-21T11:14:12.090673
MBR30,FASCIANELLO,40.860279,17.364166,2026-05-21 08:40:00,ws_2m_hourly,5.2,m/s,2026-05-21T11:14:17.623817
MBR31,FERRUZZO,40.62389,17.497499,2026-05-21 08:40:00,precip_10min_interval,0.0,mm,2026-05-21T11:14:12.090786
MBR31,FERRUZZO,40.62389,17.497499,2026-05-21 08:40:00,ws_2m_hourly,3.2,m/s,2026-05-21T11:14:17.623877
MFG01,S. LUCIA,41.470554,15.363889,2026-05-21 08:40:00,precip_10min_interval,0.0,mm,2026-05-21T11:14:12.090857
MFG01,S. LUCIA,41.470554,15.363889,2026-05-21 08:40:00,ws_2m_hourly,1.7,m/s,2026-05-21T11:14:17.623941
MFG02,SERRA DEI BISI,41.347778,15.282778,2026-05-21 08:40:00,precip_10min_interval,0.0,mm,2026-05-21T11:14:12.090909
MFG02,SERRA DEI BISI,41.347778,15.282778,2026-05-21 08:40:00,ws_2m_hourly,4.0,m/s,2026-05-21T11:14:17.623995
MFG03,LA PESCIA,41.40889,15.756667,2026-05-21 08:40:00,precip_10min_interval,0.0,mm,2026-05-21T11:14:12.090965
MFG03,LA PESCIA,41.40889,15.756667,2026-05-21 08:40:00,ws_2m_hourly,4.0,m/s,2026-05-21T11:14:17.624049
MFG04,TRE SANTI,41.393612,15.848056,2026-05-21 08:40:00,precip_10min_interval,0.0,mm,2026-05-21T11:14:12.091019
MFG04,TRE SANTI,41.393612,15.848056,2026-05-21 08:40:00,ws_2m_hourly,3.7,m/s,2026-05-21T11:14:17.624101
MFG05,RIVOLI,41.470833,15.929444,2026-05-21 08:40:00,precip_10min_interval,0.0,mm,2026-05-21T11:14:12.091073
MFG05,RIVOLI,41.470833,15.929444,2026-05-21 08:40:00,ws_2m_hourly,2.7,m/s,2026-05-21T11:14:17.624158
MFG06,TAVOLETTA,41.194168,15.932222,2026-05-21 08:40:00,precip_10min_interval,0.0,mm,2026-05-21T11:14:12.091129
MFG06,TAVOLETTA,41.194168,15.932222,2026-05-21 08:40:00,ws_2m_hourly,4.8,m/s,2026-05-21T11:14:17.624211
MFG07,COPPA D'ORO,41.421665,15.606944,2026-05-21 08:40:00,precip_10min_interval,0.0,mm,2026-05-21T11:14:12.091181
MFG07,COPPA D'ORO,41.421665,15.606944,2026-05-21 08:40:00,precip_today_accum,0.0,mm,2026-05-21T11:14:14.398053
MFG07,COPPA D'ORO,41.421665,15.606944,2026-05-21 08:40:00,ws_2m_hourly,5.3,m/s,2026-05-21T11:14:17.624276
MFG09,ARIOLA,41.8325,15.859722,2026-05-21 08:40:00,precip_10min_interval,0.0,mm,2026-05-21T11:14:12.091194
MFG09,ARIOLA,41.8325,15.859722,2026-05-21 08:40:00,ws_2m_hourly,0.7,m/s,2026-05-21T11:14:17.624337
MFG10,MATINE CARNE SALATA,41.651943,15.706389,2026-05-21 08:40:00,precip_10min_interval,0.0,mm,2026-05-21T11:14:12.091262
MFG10,MATINE CARNE SALATA,41.651943,15.706389,2026-05-21 08:40:00,ws_2m_hourly,2.9,m/s,2026-05-21T11:14:17.624410
MFG11,SELVA DELLE GROTTE,41.714722,15.148056,2026-05-21 08:40:00,precip_10min_interval,0.0,mm,2026-05-21T11:14:12.091316
MFG11,SELVA DELLE GROTTE,41.714722,15.148056,2026-05-21 08:40:00,ws_2m_hourly,7.2,m/s,2026-05-21T11:14:17.624522
MFG13,BISCIGLIETO,41.142502,15.662778,2026-05-21 08:40:00,precip_10min_interval,0.0,mm,2026-05-21T11:14:12.091369
MFG13,BISCIGLIETO,41.142502,15.662778,2026-05-21 08:40:00,ws_2m_hourly,5.7,m/s,2026-05-21T11:14:17.624638
MFG14,S. LUCIA,41.922779,15.874722,2026-05-21 08:40:00,precip_10min_interval,0.0,mm,2026-05-21T11:14:12.091416
MFG14,S. LUCIA,41.922779,15.874722,2026-05-21 08:40:00,ws_2m_hourly,1.0,m/s,2026-05-21T11:14:17.624730
MFG15,CASA LORDA,41.62389,15.403056,2026-05-21 08:40:00,precip_10min_interval,0.0,mm,2026-05-21T11:14:12.091477
MFG15,CASA LORDA,41.62389,15.403056,2026-05-21 08:40:00,ws_2m_hourly,4.9,m/s,2026-05-21T11:14:17.624849
MFG16,QUERCIA COPPE,41.693054,15.756944,2026-05-21 08:40:00,precip_10min_interval,0.0,mm,2026-05-21T11:14:12.091534
MFG16,QUERCIA COPPE,41.693054,15.756944,2026-05-21 08:40:00,ws_2m_hourly,4.7,m/s,2026-05-21T11:14:17.624953
MFG17,CARRO CHIUSO,41.284168,16.077223,2026-05-21 08:40:00,precip_10min_interval,0.0,mm,2026-05-21T11:14:12.091592
MFG17,CARRO CHIUSO,41.284168,16.077223,2026-05-21 08:40:00,ws_2m_hourly,2.6,m/s,2026-05-21T11:14:17.625064
MFG18,VIESTE,41.901669,16.080557,2026-05-21 08:40:00,precip_10min_interval,0.0,mm,2026-05-21T11:14:12.091655
MFG18,VIESTE,41.901669,16.080557,2026-05-21 08:40:00,ws_2m_hourly,2.3,m/s,2026-05-21T11:14:17.625167
MFG19,FOGGIA MONTEROZZI,41.521111,15.591944,2026-05-21 08:40:00,precip_10min_interval,0.0,mm,2026-05-21T11:14:12.091711
MFG19,FOGGIA MONTEROZZI,41.521111,15.591944,2026-05-21 08:40:00,ws_2m_hourly,6.2,m/s,2026-05-21T11:14:17.625314
MLE34,BARBARO,39.980831,18.1525,2026-05-21 08:40:00,precip_10min_interval,0.0,mm,2026-05-21T11:14:12.091767
MLE34,BARBARO,39.980831,18.1525,2026-05-21 08:40:00,ws_2m_hourly,5.0,m/s,2026-05-21T11:14:17.625441
MLE35,MALOPRA,40.225555,18.299168,2026-05-21 08:40:00,precip_10min_interval,0.0,mm,2026-05-21T11:14:12.091836
MLE35,MALOPRA,40.225555,18.299168,2026-05-21 08:40:00,ws_2m_hourly,4.5,m/s,2026-05-21T11:14:17.625582
MTA32,MARTINA FRANCA,40.634724,17.277779,2026-05-21 08:40:00,precip_10min_interval,0.0,mm,2026-05-21T11:14:12.091903
MTA32,MARTINA FRANCA,40.634724,17.277779,2026-05-21 08:40:00,ws_2m_hourly,2.2,m/s,2026-05-21T11:14:17.625715
0PU01,GUROLAMANNA,40.916111,16.447779,2026-05-21 08:50:00,precip_10min_interval,0.0,mm,2026-05-21T11:14:12.087679
0PU01,GUROLAMANNA,40.916111,16.447779,2026-05-21 08:50:00,ws_10m_hourly,8.5,m/s,2026-05-21T11:14:17.618021
0PU01,GUROLAMANNA,40.916111,16.447779,2026-05-21 08:50:00,ws_2m_hourly,5.9,m/s,2026-05-21T11:14:17.618015
0PU03,LIMELLI D'IMPERATORE,40.883057,16.3125,2026-05-21 08:50:00,precip_10min_interval,0.0,mm,2026-05-21T11:14:12.087754
0PU03,LIMELLI D'IMPERATORE,40.883057,16.3125,2026-05-21 08:50:00,ws_10m_hourly,6.3,m/s,2026-05-21T11:14:17.618169
0PU03,LIMELLI D'IMPERATORE,40.883057,16.3125,2026-05-21 08:50:00,ws_2m_hourly,4.1,m/s,2026-05-21T11:14:17.618163
0PU04,OTTAVA SEDICI,40.7925,17.481943,2026-05-21 08:50:00,precip_10min_interval,0.0,mm,2026-05-21T11:14:12.087833
0PU04,OTTAVA SEDICI,40.7925,17.481943,2026-05-21 08:50:00,ws_10m_hourly,5.6,m/s,2026-05-21T11:14:17.618336
0PU04,OTTAVA SEDICI,40.7925,17.481943,2026-05-21 08:50:00,ws_2m_hourly,2.1,m/s,2026-05-21T11:14:17.618333
0PU06,MAINE,40.543056,18.032223,2026-05-21 08:50:00,precip_10min_interval,0.0,mm,2026-05-21T11:14:12.087900
0PU06,MAINE,40.543056,18.032223,2026-05-21 08:50:00,ws_10m_hourly,4.4,m/s,2026-05-21T11:14:17.618414
0PU06,MAINE,40.543056,18.032223,2026-05-21 08:50:00,ws_2m_hourly,1.3,m/s,2026-05-21T11:14:17.618409
0PU07,TRIONFO,41.347221,15.744167,2026-05-21 08:50:00,precip_10min_interval,0.0,mm,2026-05-21T11:14:12.087972
0PU07,TRIONFO,41.347221,15.744167,2026-05-21 08:50:00,ws_10m_hourly,8.0,m/s,2026-05-21T11:14:17.618487
0PU07,TRIONFO,41.347221,15.744167,2026-05-21 08:50:00,ws_2m_hourly,2.2,m/s,2026-05-21T11:14:17.618484
0PU08,TORRETTA,41.542221,15.173889,2026-05-21 08:50:00,precip_10min_interval,0.0,mm,2026-05-21T11:14:12.088052
0PU08,TORRETTA,41.542221,15.173889,2026-05-21 08:50:00,ws_10m_hourly,6.2,m/s,2026-05-21T11:14:17.618572
0PU08,TORRETTA,41.542221,15.173889,2026-05-21 08:50:00,ws_2m_hourly,0.0,m/s,2026-05-21T11:14:17.618569
0PU10,FRASSANITO,40.237221,18.441389,2026-05-21 08:50:00,precip_10min_interval,0.0,mm,2026-05-21T11:14:12.088096
0PU10,FRASSANITO,40.237221,18.441389,2026-05-21 08:50:00,ws_10m_hourly,7.6,m/s,2026-05-21T11:14:17.618657
0PU10,FRASSANITO,40.237221,18.441389,2026-05-21 08:50:00,ws_2m_hourly,4.3,m/s,2026-05-21T11:14:17.618654
0PU11,BADESSA,40.470554,18.097221,2026-05-21 08:50:00,precip_10min_interval,0.0,mm,2026-05-21T11:14:12.088140
0PU11,BADESSA,40.470554,18.097221,2026-05-21 08:50:00,ws_10m_hourly,7.6,m/s,2026-05-21T11:14:17.618740
0PU11,BADESSA,40.470554,18.097221,2026-05-21 08:50:00,ws_2m_hourly,4.9,m/s,2026-05-21T11:14:17.618737
0PU12,CONTE,39.981945,18.067499,2026-05-21 08:50:00,precip_10min_interval,0.0,mm,2026-05-21T11:14:12.088181
0PU12,CONTE,39.981945,18.067499,2026-05-21 08:50:00,ws_10m_hourly,5.7,m/s,2026-05-21T11:14:17.618826
0PU12,CONTE,39.981945,18.067499,2026-05-21 08:50:00,ws_2m_hourly,1.3,m/s,2026-05-21T11:14:17.618823
0PU13,TORRICELLA,40.343334,17.487778,2026-05-21 08:50:00,precip_10min_interval,0.0,mm,2026-05-21T11:14:12.088238
0PU13,TORRICELLA,40.343334,17.487778,2026-05-21 08:50:00,ws_10m_hourly,7.9,m/s,2026-05-21T11:14:17.618908
0PU13,TORRICELLA,40.343334,17.487778,2026-05-21 08:50:00,ws_2m_hourly,4.4,m/s,2026-05-21T11:14:17.618905
0PU14,TAFURI,40.680832,16.867779,2026-05-21 08:50:00,precip_10min_interval,0.0,mm,2026-05-21T11:14:12.088287
0PU14,TAFURI,40.680832,16.867779,2026-05-21 08:50:00,ws_10m_hourly,7.7,m/s,2026-05-21T11:14:17.618999
0PU14,TAFURI,40.680832,16.867779,2026-05-21 08:50:00,ws_2m_hourly,3.9,m/s,2026-05-21T11:14:17.618996
0PU16,ANDRIA,41.202221,16.201944,2026-05-21 08:50:00,precip_10min_interval,0.0,mm,2026-05-21T11:14:12.088328
0PU16,ANDRIA,41.202221,16.201944,2026-05-21 08:50:00,ws_10m_hourly,3.8,m/s,2026-05-21T11:14:17.619081
0PU16,ANDRIA,41.202221,16.201944,2026-05-21 08:50:00,ws_2m_hourly,1.1,m/s,2026-05-21T11:14:17.619078
0PU17,OSTUNI-SAROLO,40.688332,17.413889,2026-05-21 08:50:00,precip_10min_interval,0.0,mm,2026-05-21T11:14:12.088371
0PU17,OSTUNI-SAROLO,40.688332,17.413889,2026-05-21 08:50:00,ws_10m_hourly,6.1,m/s,2026-05-21T11:14:17.619172
0PU17,OSTUNI-SAROLO,40.688332,17.413889,2026-05-21 08:50:00,ws_2m_hourly,3.5,m/s,2026-05-21T11:14:17.619169
0PU18,MONOPOLI,40.919445,17.294443,2026-05-21 08:50:00,precip_10min_interval,0.0,mm,2026-05-21T11:14:12.088418
0PU18,MONOPOLI,40.919445,17.294443,2026-05-21 08:50:00,ws_10m_hourly,5.7,m/s,2026-05-21T11:14:17.619279
0PU18,MONOPOLI,40.919445,17.294443,2026-05-21 08:50:00,ws_2m_hourly,3.7,m/s,2026-05-21T11:14:17.619276
0PU19,TERLIZZI,41.120834,16.549168,2026-05-21 08:50:00,precip_10min_interval,0.0,mm,2026-05-21T11:14:12.088464
0PU19,TERLIZZI,41.120834,16.549168,2026-05-21 08:50:00,ws_10m_hourly,1.4,m/s,2026-05-21T11:14:17.619372
0PU19,TERLIZZI,41.120834,16.549168,2026-05-21 08:50:00,ws_2m_hourly,0.4,m/s,2026-05-21T11:14:17.619368
0PU20,VILLA CASTELLI,40.553055,17.504444,2026-05-21 08:50:00,precip_10min_interval,0.0,mm,2026-05-21T11:14:12.088507
0PU20,VILLA CASTELLI,40.553055,17.504444,2026-05-21 08:50:00,ws_10m_hourly,6.1,m/s,2026-05-21T11:14:17.619461
0PU20,VILLA CASTELLI,40.553055,17.504444,2026-05-21 08:50:00,ws_2m_hourly,3.5,m/s,2026-05-21T11:14:17.619456
0PU21,CAROVIGNO,40.691944,17.630278,2026-05-21 08:50:00,precip_10min_interval,0.0,mm,2026-05-21T11:14:12.088552
0PU21,CAROVIGNO,40.691944,17.630278,2026-05-21 08:50:00,ws_10m_hourly,4.9,m/s,2026-05-21T11:14:17.619552
0PU21,CAROVIGNO,40.691944,17.630278,2026-05-21 08:50:00,ws_2m_hourly,1.7,m/s,2026-05-21T11:14:17.619549
0PU22,APRICENA,41.773335,15.438611,2026-05-21 08:50:00,precip_10min_interval,0.0,mm,2026-05-21T11:14:12.088601
0PU22,APRICENA,41.773335,15.438611,2026-05-21 08:50:00,ws_10m_hourly,6.8,m/s,2026-05-21T11:14:17.619644
0PU22,APRICENA,41.773335,15.438611,2026-05-21 08:50:00,ws_2m_hourly,1.4,m/s,2026-05-21T11:14:17.619641
0PU23,MANFREDONIA,41.541389,15.885833,2026-05-21 08:50:00,precip_10min_interval,0.0,mm,2026-05-21T11:14:12.088646
0PU23,MANFREDONIA,41.541389,15.885833,2026-05-21 08:50:00,ws_10m_hourly,6.0,m/s,2026-05-21T11:14:17.619732
0PU23,MANFREDONIA,41.541389,15.885833,2026-05-21 08:50:00,ws_2m_hourly,3.4,m/s,2026-05-21T11:14:17.619729
0PU25,NOCIGLIA,40.034443,18.313057,2026-05-21 08:50:00,precip_10min_interval,0.0,mm,2026-05-21T11:14:12.088692
0PU25,NOCIGLIA,40.034443,18.313057,2026-05-21 08:50:00,ws_10m_hourly,7.4,m/s,2026-05-21T11:14:17.619827
0PU25,NOCIGLIA,40.034443,18.313057,2026-05-21 08:50:00,ws_2m_hourly,4.1,m/s,2026-05-21T11:14:17.619824
0PU27,GROTTAGLIE,40.53389,17.362778,2026-05-21 08:50:00,ws_10m_hourly,4.3,m/s,2026-05-21T11:14:17.619916
0PU27,GROTTAGLIE,40.53389,17.362778,2026-05-21 08:50:00,ws_2m_hourly,3.0,m/s,2026-05-21T11:14:17.619913
0PU28,TRANI,41.247501,16.415556,2026-05-21 08:50:00,precip_10min_interval,0.0,mm,2026-05-21T11:14:12.088735
0PU28,TRANI,41.247501,16.415556,2026-05-21 08:50:00,ws_10m_hourly,4.3,m/s,2026-05-21T11:14:17.620059
0PU28,TRANI,41.247501,16.415556,2026-05-21 08:50:00,ws_2m_hourly,2.9,m/s,2026-05-21T11:14:17.620056
0PU30,NOICATTARO,41.021942,16.967777,2026-05-21 08:50:00,precip_10min_interval,0.0,mm,2026-05-21T11:14:12.088783
0PU30,NOICATTARO,41.021942,16.967777,2026-05-21 08:50:00,ws_10m_hourly,7.4,m/s,2026-05-21T11:14:17.620156
0PU30,NOICATTARO,41.021942,16.967777,2026-05-21 08:50:00,ws_2m_hourly,4.5,m/s,2026-05-21T11:14:17.620153
0PU31,ALBEROBELLO,40.790558,17.233334,2026-05-21 08:50:00,precip_10min_interval,0.0,mm,2026-05-21T11:14:12.088831
0PU31,ALBEROBELLO,40.790558,17.233334,2026-05-21 08:50:00,ws_10m_hourly,6.5,m/s,2026-05-21T11:14:17.620266
0PU31,ALBEROBELLO,40.790558,17.233334,2026-05-21 08:50:00,ws_2m_hourly,3.6,m/s,2026-05-21T11:14:17.620263
0PU33,MOCCARI,40.558334,17.851667,2026-05-21 08:50:00,precip_10min_interval,0.0,mm,2026-05-21T11:14:12.088880
0PU33,MOCCARI,40.558334,17.851667,2026-05-21 08:50:00,ws_10m_hourly,7.3,m/s,2026-05-21T11:14:17.620367
0PU33,MOCCARI,40.558334,17.851667,2026-05-21 08:50:00,ws_2m_hourly,5.0,m/s,2026-05-21T11:14:17.620364
0PU34,LATIANO,40.548332,17.688057,2026-05-21 08:50:00,precip_10min_interval,0.0,mm,2026-05-21T11:14:12.088928
0PU34,LATIANO,40.548332,17.688057,2026-05-21 08:50:00,ws_10m_hourly,2.8,m/s,2026-05-21T11:14:17.620465
0PU34,LATIANO,40.548332,17.688057,2026-05-21 08:50:00,ws_2m_hourly,2.7,m/s,2026-05-21T11:14:17.620461
0PU35,SAN VITO DEI NORMANNI,40.629166,17.73361,2026-05-21 08:50:00,precip_10min_interval,0.0,mm,2026-05-21T11:14:12.088976
0PU35,SAN VITO DEI NORMANNI,40.629166,17.73361,2026-05-21 08:50:00,ws_10m_hourly,7.1,m/s,2026-05-21T11:14:17.620565
0PU35,SAN VITO DEI NORMANNI,40.629166,17.73361,2026-05-21 08:50:00,ws_2m_hourly,4.9,m/s,2026-05-21T11:14:17.620562
0PU36,VILLANOVA,41.654167,15.586667,2026-05-21 08:50:00,precip_10min_interval,0.0,mm,2026-05-21T11:14:12.089023
0PU36,VILLANOVA,41.654167,15.586667,2026-05-21 08:50:00,ws_10m_hourly,8.8,m/s,2026-05-21T11:14:17.620663
0PU36,VILLANOVA,41.654167,15.586667,2026-05-21 08:50:00,ws_2m_hourly,4.8,m/s,2026-05-21T11:14:17.620660
0PU37,TROIA,41.336388,15.382778,2026-05-21 08:50:00,precip_10min_interval,0.0,mm,2026-05-21T11:14:12.089072
0PU37,TROIA,41.336388,15.382778,2026-05-21 08:50:00,ws_10m_hourly,7.6,m/s,2026-05-21T11:14:17.620758
0PU37,TROIA,41.336388,15.382778,2026-05-21 08:50:00,ws_2m_hourly,6.4,m/s,2026-05-21T11:14:17.620755
0PU38,BORGO LA ROCCA,41.558334,15.516111,2026-05-21 08:50:00,precip_10min_interval,0.0,mm,2026-05-21T11:14:12.089122
0PU38,BORGO LA ROCCA,41.558334,15.516111,2026-05-21 08:50:00,ws_10m_hourly,7.1,m/s,2026-05-21T11:14:17.620858
0PU38,BORGO LA ROCCA,41.558334,15.516111,2026-05-21 08:50:00,ws_2m_hourly,5.0,m/s,2026-05-21T11:14:17.620853
0PU40,ARCHE,40.273888,18.013611,2026-05-21 08:50:00,precip_10min_interval,0.0,mm,2026-05-21T11:14:12.089169
0PU40,ARCHE,40.273888,18.013611,2026-05-21 08:50:00,ws_10m_hourly,6.8,m/s,2026-05-21T11:14:17.620953
0PU40,ARCHE,40.273888,18.013611,2026-05-21 08:50:00,ws_2m_hourly,3.2,m/s,2026-05-21T11:14:17.620950
0PU41,LECCE,40.326668,18.139999,2026-05-21 08:50:00,precip_10min_interval,0.0,mm,2026-05-21T11:14:12.089212
0PU41,LECCE,40.326668,18.139999,2026-05-21 08:50:00,ws_10m_hourly,4.7,m/s,2026-05-21T11:14:17.621047
0PU41,LECCE,40.326668,18.139999,2026-05-21 08:50:00,ws_2m_hourly,3.4,m/s,2026-05-21T11:14:17.621042
0PU42,SALICE SALENTINO,40.390556,17.875278,2026-05-21 08:50:00,precip_10min_interval,0.0,mm,2026-05-21T11:14:12.089271
0PU42,SALICE SALENTINO,40.390556,17.875278,2026-05-21 08:50:00,ws_10m_hourly,8.2,m/s,2026-05-21T11:14:17.621135
0PU42,SALICE SALENTINO,40.390556,17.875278,2026-05-21 08:50:00,ws_2m_hourly,6.2,m/s,2026-05-21T11:14:17.621132
0PU43,LUCUGNANO,39.930279,18.3225,2026-05-21 08:50:00,precip_10min_interval,0.0,mm,2026-05-21T11:14:12.089322
0PU43,LUCUGNANO,39.930279,18.3225,2026-05-21 08:50:00,ws_10m_hourly,5.0,m/s,2026-05-21T11:14:17.621243
0PU43,LUCUGNANO,39.930279,18.3225,2026-05-21 08:50:00,ws_2m_hourly,2.9,m/s,2026-05-21T11:14:17.621240
0PU44,MANDURIA,40.381943,17.621111,2026-05-21 08:50:00,precip_10min_interval,0.0,mm,2026-05-21T11:14:12.089368
0PU44,MANDURIA,40.381943,17.621111,2026-05-21 08:50:00,ws_10m_hourly,6.8,m/s,2026-05-21T11:14:17.621350
0PU44,MANDURIA,40.381943,17.621111,2026-05-21 08:50:00,ws_2m_hourly,5.3,m/s,2026-05-21T11:14:17.621347
0PU45,MOTTOLA,40.675556,16.996111,2026-05-21 08:50:00,precip_10min_interval,0.0,mm,2026-05-21T11:14:12.089418
0PU45,MOTTOLA,40.675556,16.996111,2026-05-21 08:50:00,ws_10m_hourly,6.8,m/s,2026-05-21T11:14:17.621443
0PU45,MOTTOLA,40.675556,16.996111,2026-05-21 08:50:00,ws_2m_hourly,3.9,m/s,2026-05-21T11:14:17.621440
0PU46,MASSAFRA,40.582779,17.091944,2026-05-21 08:50:00,precip_10min_interval,0.0,mm,2026-05-21T11:14:12.089464
0PU46,MASSAFRA,40.582779,17.091944,2026-05-21 08:50:00,ws_10m_hourly,5.0,m/s,2026-05-21T11:14:17.621541
0PU46,MASSAFRA,40.582779,17.091944,2026-05-21 08:50:00,ws_2m_hourly,3.2,m/s,2026-05-21T11:14:17.621538
0PU47,CASTELLANETA,40.494446,16.878889,2026-05-21 08:50:00,precip_10min_interval,0.0,mm,2026-05-21T11:14:12.089513
0PU47,CASTELLANETA,40.494446,16.878889,2026-05-21 08:50:00,ws_10m_hourly,5.2,m/s,2026-05-21T11:14:17.621636
0PU47,CASTELLANETA,40.494446,16.878889,2026-05-21 08:50:00,ws_2m_hourly,2.2,m/s,2026-05-21T11:14:17.621633
0PU48,BARI C.N.R. IRSA,41.116943,16.820557,2026-05-21 08:50:00,precip_10min_interval,0.0,mm,2026-05-21T11:14:12.089564
0PU48,BARI C.N.R. IRSA,41.116943,16.820557,2026-05-21 08:50:00,ws_10m_hourly,5.4,m/s,2026-05-21T11:14:17.621737
0PU48,BARI C.N.R. IRSA,41.116943,16.820557,2026-05-21 08:50:00,ws_2m_hourly,3.7,m/s,2026-05-21T11:14:17.621734
0PU49,LOCOROTONDO ITAS,40.757221,17.340834,2026-05-21 08:50:00,precip_10min_interval,0.0,mm,2026-05-21T11:14:12.089613
0PU49,LOCOROTONDO ITAS,40.757221,17.340834,2026-05-21 08:50:00,ws_10m_hourly,6.9,m/s,2026-05-21T11:14:17.621833
0PU49,LOCOROTONDO ITAS,40.757221,17.340834,2026-05-21 08:50:00,ws_2m_hourly,5.0,m/s,2026-05-21T11:14:17.621830
0PU53,TORITTO,40.957222,16.567223,2026-05-21 08:50:00,precip_10min_interval,0.0,mm,2026-05-21T11:14:12.089660
0PU53,TORITTO,40.957222,16.567223,2026-05-21 08:50:00,ws_10m_hourly,8.2,m/s,2026-05-21T11:14:17.621929
0PU53,TORITTO,40.957222,16.567223,2026-05-21 08:50:00,ws_2m_hourly,6.5,m/s,2026-05-21T11:14:17.621926
0PU54,TORRE SANTA SUSANNA,40.459442,17.724722,2026-05-21 08:50:00,precip_10min_interval,0.0,mm,2026-05-21T11:14:12.089708
0PU54,TORRE SANTA SUSANNA,40.459442,17.724722,2026-05-21 08:50:00,ws_10m_hourly,7.1,m/s,2026-05-21T11:14:17.622025
0PU54,TORRE SANTA SUSANNA,40.459442,17.724722,2026-05-21 08:50:00,ws_2m_hourly,1.4,m/s,2026-05-21T11:14:17.622022
0PU55,LESINA-RIPALTA,41.8475,15.266111,2026-05-21 08:50:00,precip_10min_interval,0.0,mm,2026-05-21T11:14:12.089756
0PU55,LESINA-RIPALTA,41.8475,15.266111,2026-05-21 08:50:00,ws_10m_hourly,7.4,m/s,2026-05-21T11:14:17.622125
0PU55,LESINA-RIPALTA,41.8475,15.266111,2026-05-21 08:50:00,ws_2m_hourly,5.1,m/s,2026-05-21T11:14:17.622122
0PU56,CARLANTINO,41.588333,14.983611,2026-05-21 08:50:00,precip_10min_interval,0.0,mm,2026-05-21T11:14:12.089805
0PU56,CARLANTINO,41.588333,14.983611,2026-05-21 08:50:00,ws_10m_hourly,5.6,m/s,2026-05-21T11:14:17.622236
0PU56,CARLANTINO,41.588333,14.983611,2026-05-21 08:50:00,ws_2m_hourly,4.5,m/s,2026-05-21T11:14:17.622233
0PU57,SANT'AGATA DI PUGLIA,41.150276,15.46,2026-05-21 08:50:00,precip_10min_interval,0.0,mm,2026-05-21T11:14:12.089854
0PU57,SANT'AGATA DI PUGLIA,41.150276,15.46,2026-05-21 08:50:00,ws_10m_hourly,6.9,m/s,2026-05-21T11:14:17.622349
0PU57,SANT'AGATA DI PUGLIA,41.150276,15.46,2026-05-21 08:50:00,ws_2m_hourly,4.5,m/s,2026-05-21T11:14:17.622344
0PU58,GINOSA,40.556389,16.843611,2026-05-21 08:50:00,precip_10min_interval,0.0,mm,2026-05-21T11:14:12.089907
0PU58,GINOSA,40.556389,16.843611,2026-05-21 08:50:00,ws_10m_hourly,6.9,m/s,2026-05-21T11:14:17.622456
0PU58,GINOSA,40.556389,16.843611,2026-05-21 08:50:00,ws_2m_hourly,5.1,m/s,2026-05-21T11:14:17.622453
0PU59,PALAGIANELLO,40.578335,16.975279,2026-05-21 08:50:00,precip_10min_interval,0.0,mm,2026-05-21T11:14:12.089963
0PU59,PALAGIANELLO,40.578335,16.975279,2026-05-21 08:50:00,ws_10m_hourly,7.3,m/s,2026-05-21T11:14:17.622627
0PU59,PALAGIANELLO,40.578335,16.975279,2026-05-21 08:50:00,ws_2m_hourly,5.0,m/s,2026-05-21T11:14:17.622624
0PU60,MINERVINO DI LECCE,40.093613,18.418612,2026-05-21 08:50:00,precip_10min_interval,0.0,mm,2026-05-21T11:14:12.090015
0PU60,MINERVINO DI LECCE,40.093613,18.418612,2026-05-21 08:50:00,ws_10m_hourly,6.9,m/s,2026-05-21T11:14:17.623066
0PU60,MINERVINO DI LECCE,40.093613,18.418612,2026-05-21 08:50:00,ws_2m_hourly,4.7,m/s,2026-05-21T11:14:17.623063
0PU61,NARDO',40.171391,17.976389,2026-05-21 08:50:00,precip_10min_interval,0.0,mm,2026-05-21T11:14:12.090073
0PU61,NARDO',40.171391,17.976389,2026-05-21 08:50:00,ws_10m_hourly,7.5,m/s,2026-05-21T11:14:17.623175
0PU61,NARDO',40.171391,17.976389,2026-05-21 08:50:00,ws_2m_hourly,3.1,m/s,2026-05-21T11:14:17.623170
MBA20,IPSAA,41.22139,16.049723,2026-05-21 08:50:00,precip_10min_interval,0.0,mm,2026-05-21T11:14:12.090129
MBA20,IPSAA,41.22139,16.049723,2026-05-21 08:50:00,ws_2m_hourly,1.6,m/s,2026-05-21T11:14:17.623283
MBA21,MONTEGROSSO,41.132778,16.185833,2026-05-21 08:50:00,precip_10min_interval,0.0,mm,2026-05-21T11:14:12.090184
MBA21,MONTEGROSSO,41.132778,16.185833,2026-05-21 08:50:00,ws_2m_hourly,2.2,m/s,2026-05-21T11:14:17.623340
MBA22,S.P. SANTERAMO,40.80611,16.591389,2026-05-21 08:50:00,precip_10min_interval,0.0,mm,2026-05-21T11:14:12.090257
MBA22,S.P. SANTERAMO,40.80611,16.591389,2026-05-21 08:50:00,ws_2m_hourly,5.4,m/s,2026-05-21T11:14:17.623400
MBA24,CASSANO DELLE MURGE,40.918888,16.78861,2026-05-21 08:50:00,precip_10min_interval,0.0,mm,2026-05-21T11:14:12.090312
MBA24,CASSANO DELLE MURGE,40.918888,16.78861,2026-05-21 08:50:00,ws_2m_hourly,5.5,m/s,2026-05-21T11:14:17.623456
MBA25,SANTERAMO IN COLLE,40.78611,16.775833,2026-05-21 08:50:00,precip_10min_interval,0.0,mm,2026-05-21T11:14:12.090373
MBA25,SANTERAMO IN COLLE,40.78611,16.775833,2026-05-21 08:50:00,ws_2m_hourly,3.8,m/s,2026-05-21T11:14:17.623516
MBA26,CAMPO SPER. UNIBA,41.023609,16.906389,2026-05-21 08:50:00,precip_10min_interval,0.0,mm,2026-05-21T11:14:12.090435
MBA26,CAMPO SPER. UNIBA,41.023609,16.906389,2026-05-21 08:50:00,ws_2m_hourly,2.3,m/s,2026-05-21T11:14:17.623576
MBA27,SERRONE(AZ.AGR.MANCINI),40.921391,16.947222,2026-05-21 08:50:00,precip_10min_interval,0.0,mm,2026-05-21T11:14:12.090494
MBA27,SERRONE(AZ.AGR.MANCINI),40.921391,16.947222,2026-05-21 08:50:00,ws_2m_hourly,4.2,m/s,2026-05-21T11:14:17.623636
MBA28,MURGIA ANTICI,40.715557,17.106667,2026-05-21 08:50:00,precip_10min_interval,0.0,mm,2026-05-21T11:14:12.090555
MBA28,MURGIA ANTICI,40.715557,17.106667,2026-05-21 08:50:00,ws_2m_hourly,4.9,m/s,2026-05-21T11:14:17.623696
MBA29,LAMENDOLA I,40.812222,17.164167,2026-05-21 08:50:00,precip_10min_interval,0.0,mm,2026-05-21T11:14:12.090615
MBA29,LAMENDOLA I,40.812222,17.164167,2026-05-21 08:50:00,ws_2m_hourly,4.8,m/s,2026-05-21T11:14:17.623757
MBR30,FASCIANELLO,40.860279,17.364166,2026-05-21 08:50:00,precip_10min_interval,0.0,mm,2026-05-21T11:14:12.090676
MBR30,FASCIANELLO,40.860279,17.364166,2026-05-21 08:50:00,ws_2m_hourly,5.6,m/s,2026-05-21T11:14:17.623820
MBR31,FERRUZZO,40.62389,17.497499,2026-05-21 08:50:00,precip_10min_interval,0.0,mm,2026-05-21T11:14:12.090788
MBR31,FERRUZZO,40.62389,17.497499,2026-05-21 08:50:00,ws_2m_hourly,3.5,m/s,2026-05-21T11:14:17.623880
MFG01,S. LUCIA,41.470554,15.363889,2026-05-21 08:50:00,precip_10min_interval,0.0,mm,2026-05-21T11:14:12.090860
MFG01,S. LUCIA,41.470554,15.363889,2026-05-21 08:50:00,ws_2m_hourly,2.2,m/s,2026-05-21T11:14:17.623944
MFG02,SERRA DEI BISI,41.347778,15.282778,2026-05-21 08:50:00,precip_10min_interval,0.0,mm,2026-05-21T11:14:12.090912
MFG02,SERRA DEI BISI,41.347778,15.282778,2026-05-21 08:50:00,ws_2m_hourly,5.2,m/s,2026-05-21T11:14:17.623998
MFG03,LA PESCIA,41.40889,15.756667,2026-05-21 08:50:00,precip_10min_interval,0.0,mm,2026-05-21T11:14:12.090968
MFG03,LA PESCIA,41.40889,15.756667,2026-05-21 08:50:00,ws_2m_hourly,3.7,m/s,2026-05-21T11:14:17.624052
MFG04,TRE SANTI,41.393612,15.848056,2026-05-21 08:50:00,precip_10min_interval,0.0,mm,2026-05-21T11:14:12.091022
MFG04,TRE SANTI,41.393612,15.848056,2026-05-21 08:50:00,ws_2m_hourly,3.5,m/s,2026-05-21T11:14:17.624104
MFG05,RIVOLI,41.470833,15.929444,2026-05-21 08:50:00,precip_10min_interval,0.0,mm,2026-05-21T11:14:12.091076
MFG05,RIVOLI,41.470833,15.929444,2026-05-21 08:50:00,ws_2m_hourly,3.6,m/s,2026-05-21T11:14:17.624161
MFG06,TAVOLETTA,41.194168,15.932222,2026-05-21 08:50:00,precip_10min_interval,0.0,mm,2026-05-21T11:14:12.091132
MFG06,TAVOLETTA,41.194168,15.932222,2026-05-21 08:50:00,ws_2m_hourly,5.7,m/s,2026-05-21T11:14:17.624225
MFG07,COPPA D'ORO,41.421665,15.606944,2026-05-21 08:50:00,ws_2m_hourly,5.9,m/s,2026-05-21T11:14:17.624279
MFG09,ARIOLA,41.8325,15.859722,2026-05-21 08:50:00,precip_10min_interval,0.0,mm,2026-05-21T11:14:12.091197
MFG09,ARIOLA,41.8325,15.859722,2026-05-21 08:50:00,ws_2m_hourly,0.7,m/s,2026-05-21T11:14:17.624341
MFG10,MATINE CARNE SALATA,41.651943,15.706389,2026-05-21 08:50:00,precip_10min_interval,0.0,mm,2026-05-21T11:14:12.091265
MFG10,MATINE CARNE SALATA,41.651943,15.706389,2026-05-21 08:50:00,ws_2m_hourly,2.6,m/s,2026-05-21T11:14:17.624417
MFG11,SELVA DELLE GROTTE,41.714722,15.148056,2026-05-21 08:50:00,precip_10min_interval,0.0,mm,2026-05-21T11:14:12.091319
MFG11,SELVA DELLE GROTTE,41.714722,15.148056,2026-05-21 08:50:00,ws_2m_hourly,6.8,m/s,2026-05-21T11:14:17.624527
MFG13,BISCIGLIETO,41.142502,15.662778,2026-05-21 08:50:00,precip_10min_interval,0.0,mm,2026-05-21T11:14:12.091372
MFG13,BISCIGLIETO,41.142502,15.662778,2026-05-21 08:50:00,ws_2m_hourly,5.9,m/s,2026-05-21T11:14:17.624643
MFG14,S. LUCIA,41.922779,15.874722,2026-05-21 08:50:00,precip_10min_interval,0.0,mm,2026-05-21T11:14:12.091421
MFG14,S. LUCIA,41.922779,15.874722,2026-05-21 08:50:00,ws_2m_hourly,1.3,m/s,2026-05-21T11:14:17.624737
MFG15,CASA LORDA,41.62389,15.403056,2026-05-21 08:50:00,precip_10min_interval,0.0,mm,2026-05-21T11:14:12.091480
MFG15,CASA LORDA,41.62389,15.403056,2026-05-21 08:50:00,ws_2m_hourly,4.6,m/s,2026-05-21T11:14:17.624854
MFG16,QUERCIA COPPE,41.693054,15.756944,2026-05-21 08:50:00,precip_10min_interval,0.0,mm,2026-05-21T11:14:12.091537
MFG16,QUERCIA COPPE,41.693054,15.756944,2026-05-21 08:50:00,ws_2m_hourly,4.2,m/s,2026-05-21T11:14:17.624959
MFG17,CARRO CHIUSO,41.284168,16.077223,2026-05-21 08:50:00,precip_10min_interval,0.0,mm,2026-05-21T11:14:12.091595
MFG17,CARRO CHIUSO,41.284168,16.077223,2026-05-21 08:50:00,ws_2m_hourly,2.7,m/s,2026-05-21T11:14:17.625069
MFG18,VIESTE,41.901669,16.080557,2026-05-21 08:50:00,precip_10min_interval,0.0,mm,2026-05-21T11:14:12.091658
MFG18,VIESTE,41.901669,16.080557,2026-05-21 08:50:00,ws_2m_hourly,2.2,m/s,2026-05-21T11:14:17.625173
MFG19,FOGGIA MONTEROZZI,41.521111,15.591944,2026-05-21 08:50:00,precip_10min_interval,0.0,mm,2026-05-21T11:14:12.091714
MFG19,FOGGIA MONTEROZZI,41.521111,15.591944,2026-05-21 08:50:00,ws_2m_hourly,5.6,m/s,2026-05-21T11:14:17.625320
MLE34,BARBARO,39.980831,18.1525,2026-05-21 08:50:00,precip_10min_interval,0.0,mm,2026-05-21T11:14:12.091770
MLE34,BARBARO,39.980831,18.1525,2026-05-21 08:50:00,ws_2m_hourly,5.2,m/s,2026-05-21T11:14:17.625448
MLE35,MALOPRA,40.225555,18.299168,2026-05-21 08:50:00,precip_10min_interval,0.0,mm,2026-05-21T11:14:12.091839
MLE35,MALOPRA,40.225555,18.299168,2026-05-21 08:50:00,ws_2m_hourly,4.3,m/s,2026-05-21T11:14:17.625587
MTA32,MARTINA FRANCA,40.634724,17.277779,2026-05-21 08:50:00,precip_10min_interval,0.0,mm,2026-05-21T11:14:12.091906
MTA32,MARTINA FRANCA,40.634724,17.277779,2026-05-21 08:50:00,ws_2m_hourly,2.2,m/s,2026-05-21T11:14:17.625722
0PU01,GUROLAMANNA,40.916111,16.447779,2026-05-21 09:00:00,precip_10min_interval,0.0,mm,2026-05-21T11:14:12.087683
0PU01,GUROLAMANNA,40.916111,16.447779,2026-05-21 09:00:00,rh_hourly,62.0,%,2026-05-21T11:14:10.043573
0PU01,GUROLAMANNA,40.916111,16.447779,2026-05-21 09:00:00,rs_hourly,1829.6,W/m²,2026-05-21T11:14:15.325305
0PU01,GUROLAMANNA,40.916111,16.447779,2026-05-21 09:00:00,tair_hourly,18.5,°C,2026-05-21T11:14:08.938439
0PU01,GUROLAMANNA,40.916111,16.447779,2026-05-21 09:00:00,ws_10m_hourly,8.1,m/s,2026-05-21T11:14:17.618034
0PU01,GUROLAMANNA,40.916111,16.447779,2026-05-21 09:00:00,ws_2m_hourly,5.9,m/s,2026-05-21T11:14:17.618028
0PU03,LIMELLI D'IMPERATORE,40.883057,16.3125,2026-05-21 09:00:00,precip_10min_interval,0.0,mm,2026-05-21T11:14:12.087770
0PU03,LIMELLI D'IMPERATORE,40.883057,16.3125,2026-05-21 09:00:00,rh_hourly,70.0,%,2026-05-21T11:14:10.043592
0PU03,LIMELLI D'IMPERATORE,40.883057,16.3125,2026-05-21 09:00:00,rs_hourly,1830.3,W/m²,2026-05-21T11:14:15.325322
0PU03,LIMELLI D'IMPERATORE,40.883057,16.3125,2026-05-21 09:00:00,tair_hourly,17.6,°C,2026-05-21T11:14:08.938461
0PU03,LIMELLI D'IMPERATORE,40.883057,16.3125,2026-05-21 09:00:00,ws_10m_hourly,6.4,m/s,2026-05-21T11:14:17.618180
0PU03,LIMELLI D'IMPERATORE,40.883057,16.3125,2026-05-21 09:00:00,ws_2m_hourly,4.1,m/s,2026-05-21T11:14:17.618175
0PU04,OTTAVA SEDICI,40.7925,17.481943,2026-05-21 09:00:00,precip_10min_interval,0.0,mm,2026-05-21T11:14:12.087841
0PU04,OTTAVA SEDICI,40.7925,17.481943,2026-05-21 09:00:00,rh_hourly,64.0,%,2026-05-21T11:14:10.043600
0PU04,OTTAVA SEDICI,40.7925,17.481943,2026-05-21 09:00:00,rs_hourly,1724.3,W/m²,2026-05-21T11:14:15.325339
0PU04,OTTAVA SEDICI,40.7925,17.481943,2026-05-21 09:00:00,tair_hourly,21.4,°C,2026-05-21T11:14:08.938468
0PU04,OTTAVA SEDICI,40.7925,17.481943,2026-05-21 09:00:00,ws_10m_hourly,4.9,m/s,2026-05-21T11:14:17.618342
0PU04,OTTAVA SEDICI,40.7925,17.481943,2026-05-21 09:00:00,ws_2m_hourly,1.9,m/s,2026-05-21T11:14:17.618339
0PU06,MAINE,40.543056,18.032223,2026-05-21 09:00:00,precip_10min_interval,0.0,mm,2026-05-21T11:14:12.087905
0PU06,MAINE,40.543056,18.032223,2026-05-21 09:00:00,rh_hourly,69.0,%,2026-05-21T11:14:10.043610
0PU06,MAINE,40.543056,18.032223,2026-05-21 09:00:00,rs_hourly,1791.0,W/m²,2026-05-21T11:14:15.325353
0PU06,MAINE,40.543056,18.032223,2026-05-21 09:00:00,tair_hourly,21.2,°C,2026-05-21T11:14:08.938475
0PU06,MAINE,40.543056,18.032223,2026-05-21 09:00:00,ws_10m_hourly,4.8,m/s,2026-05-21T11:14:17.618420
0PU06,MAINE,40.543056,18.032223,2026-05-21 09:00:00,ws_2m_hourly,1.2,m/s,2026-05-21T11:14:17.618417
0PU07,TRIONFO,41.347221,15.744167,2026-05-21 09:00:00,precip_10min_interval,0.0,mm,2026-05-21T11:14:12.087980
0PU07,TRIONFO,41.347221,15.744167,2026-05-21 09:00:00,rh_hourly,56.0,%,2026-05-21T11:14:10.043617
0PU07,TRIONFO,41.347221,15.744167,2026-05-21 09:00:00,rs_hourly,1589.9,W/m²,2026-05-21T11:14:15.325366
0PU07,TRIONFO,41.347221,15.744167,2026-05-21 09:00:00,tair_hourly,22.8,°C,2026-05-21T11:14:08.938481
0PU07,TRIONFO,41.347221,15.744167,2026-05-21 09:00:00,ws_10m_hourly,8.5,m/s,2026-05-21T11:14:17.618495
0PU07,TRIONFO,41.347221,15.744167,2026-05-21 09:00:00,ws_2m_hourly,2.4,m/s,2026-05-21T11:14:17.618490
0PU08,TORRETTA,41.542221,15.173889,2026-05-21 09:00:00,precip_10min_interval,0.0,mm,2026-05-21T11:14:12.088055
0PU08,TORRETTA,41.542221,15.173889,2026-05-21 09:00:00,rh_hourly,58.0,%,2026-05-21T11:14:10.043624
0PU08,TORRETTA,41.542221,15.173889,2026-05-21 09:00:00,rs_hourly,1705.2,W/m²,2026-05-21T11:14:15.325378
0PU08,TORRETTA,41.542221,15.173889,2026-05-21 09:00:00,tair_hourly,18.8,°C,2026-05-21T11:14:08.938488
0PU08,TORRETTA,41.542221,15.173889,2026-05-21 09:00:00,ws_10m_hourly,6.3,m/s,2026-05-21T11:14:17.618578
0PU08,TORRETTA,41.542221,15.173889,2026-05-21 09:00:00,ws_2m_hourly,0.0,m/s,2026-05-21T11:14:17.618575
0PU10,FRASSANITO,40.237221,18.441389,2026-05-21 09:00:00,precip_10min_interval,0.0,mm,2026-05-21T11:14:12.088100
0PU10,FRASSANITO,40.237221,18.441389,2026-05-21 09:00:00,rh_hourly,68.0,%,2026-05-21T11:14:10.043641
0PU10,FRASSANITO,40.237221,18.441389,2026-05-21 09:00:00,rs_hourly,1818.1,W/m²,2026-05-21T11:14:15.325389
0PU10,FRASSANITO,40.237221,18.441389,2026-05-21 09:00:00,tair_hourly,21.3,°C,2026-05-21T11:14:08.938494
0PU10,FRASSANITO,40.237221,18.441389,2026-05-21 09:00:00,ws_10m_hourly,7.9,m/s,2026-05-21T11:14:17.618663
0PU10,FRASSANITO,40.237221,18.441389,2026-05-21 09:00:00,ws_2m_hourly,4.6,m/s,2026-05-21T11:14:17.618660
0PU11,BADESSA,40.470554,18.097221,2026-05-21 09:00:00,precip_10min_interval,0.0,mm,2026-05-21T11:14:12.088143
0PU11,BADESSA,40.470554,18.097221,2026-05-21 09:00:00,rh_hourly,69.0,%,2026-05-21T11:14:10.043654
0PU11,BADESSA,40.470554,18.097221,2026-05-21 09:00:00,rs_hourly,1822.3,W/m²,2026-05-21T11:14:15.325399
0PU11,BADESSA,40.470554,18.097221,2026-05-21 09:00:00,tair_hourly,21.0,°C,2026-05-21T11:14:08.938504
0PU11,BADESSA,40.470554,18.097221,2026-05-21 09:00:00,ws_10m_hourly,7.5,m/s,2026-05-21T11:14:17.618746
0PU11,BADESSA,40.470554,18.097221,2026-05-21 09:00:00,ws_2m_hourly,5.0,m/s,2026-05-21T11:14:17.618743
0PU12,CONTE,39.981945,18.067499,2026-05-21 09:00:00,precip_10min_interval,0.0,mm,2026-05-21T11:14:12.088184
0PU12,CONTE,39.981945,18.067499,2026-05-21 09:00:00,rh_hourly,54.0,%,2026-05-21T11:14:10.043666
0PU12,CONTE,39.981945,18.067499,2026-05-21 09:00:00,rs_hourly,1729.5,W/m²,2026-05-21T11:14:15.325410
0PU12,CONTE,39.981945,18.067499,2026-05-21 09:00:00,tair_hourly,22.6,°C,2026-05-21T11:14:08.938514
0PU12,CONTE,39.981945,18.067499,2026-05-21 09:00:00,ws_10m_hourly,6.6,m/s,2026-05-21T11:14:17.618833
0PU12,CONTE,39.981945,18.067499,2026-05-21 09:00:00,ws_2m_hourly,1.6,m/s,2026-05-21T11:14:17.618830
0PU13,TORRICELLA,40.343334,17.487778,2026-05-21 09:00:00,precip_10min_interval,0.0,mm,2026-05-21T11:14:12.088241
0PU13,TORRICELLA,40.343334,17.487778,2026-05-21 09:00:00,rh_hourly,51.0,%,2026-05-21T11:14:10.043678
0PU13,TORRICELLA,40.343334,17.487778,2026-05-21 09:00:00,rs_hourly,1730.4,W/m²,2026-05-21T11:14:15.325422
0PU13,TORRICELLA,40.343334,17.487778,2026-05-21 09:00:00,tair_hourly,22.5,°C,2026-05-21T11:14:08.938521
0PU13,TORRICELLA,40.343334,17.487778,2026-05-21 09:00:00,ws_10m_hourly,8.6,m/s,2026-05-21T11:14:17.618914
0PU13,TORRICELLA,40.343334,17.487778,2026-05-21 09:00:00,ws_2m_hourly,4.6,m/s,2026-05-21T11:14:17.618911
0PU14,TAFURI,40.680832,16.867779,2026-05-21 09:00:00,precip_10min_interval,0.0,mm,2026-05-21T11:14:12.088290
0PU14,TAFURI,40.680832,16.867779,2026-05-21 09:00:00,rh_hourly,57.0,%,2026-05-21T11:14:10.043695
0PU14,TAFURI,40.680832,16.867779,2026-05-21 09:00:00,rs_hourly,1762.9,W/m²,2026-05-21T11:14:15.325442
0PU14,TAFURI,40.680832,16.867779,2026-05-21 09:00:00,tair_hourly,19.9,°C,2026-05-21T11:14:08.938529
0PU14,TAFURI,40.680832,16.867779,2026-05-21 09:00:00,ws_10m_hourly,8.2,m/s,2026-05-21T11:14:17.619005
0PU14,TAFURI,40.680832,16.867779,2026-05-21 09:00:00,ws_2m_hourly,4.2,m/s,2026-05-21T11:14:17.619002
0PU16,ANDRIA,41.202221,16.201944,2026-05-21 09:00:00,precip_10min_interval,0.0,mm,2026-05-21T11:14:12.088331
0PU16,ANDRIA,41.202221,16.201944,2026-05-21 09:00:00,rh_hourly,63.0,%,2026-05-21T11:14:10.043705
0PU16,ANDRIA,41.202221,16.201944,2026-05-21 09:00:00,rs_hourly,1191.8,W/m²,2026-05-21T11:14:15.325453
0PU16,ANDRIA,41.202221,16.201944,2026-05-21 09:00:00,tair_hourly,19.5,°C,2026-05-21T11:14:08.938550
0PU16,ANDRIA,41.202221,16.201944,2026-05-21 09:00:00,ws_10m_hourly,2.7,m/s,2026-05-21T11:14:17.619087
0PU16,ANDRIA,41.202221,16.201944,2026-05-21 09:00:00,ws_2m_hourly,0.9,m/s,2026-05-21T11:14:17.619084
0PU17,OSTUNI-SAROLO,40.688332,17.413889,2026-05-21 09:00:00,precip_10min_interval,0.0,mm,2026-05-21T11:14:12.088374
0PU17,OSTUNI-SAROLO,40.688332,17.413889,2026-05-21 09:00:00,rh_hourly,64.0,%,2026-05-21T11:14:10.043715
0PU17,OSTUNI-SAROLO,40.688332,17.413889,2026-05-21 09:00:00,rs_hourly,0.0,W/m²,2026-05-21T11:14:15.325464
0PU17,OSTUNI-SAROLO,40.688332,17.413889,2026-05-21 09:00:00,tair_hourly,19.6,°C,2026-05-21T11:14:08.938564
0PU17,OSTUNI-SAROLO,40.688332,17.413889,2026-05-21 09:00:00,ws_10m_hourly,6.5,m/s,2026-05-21T11:14:17.619178
0PU17,OSTUNI-SAROLO,40.688332,17.413889,2026-05-21 09:00:00,ws_2m_hourly,3.4,m/s,2026-05-21T11:14:17.619175
0PU18,MONOPOLI,40.919445,17.294443,2026-05-21 09:00:00,precip_10min_interval,0.0,mm,2026-05-21T11:14:12.088421
0PU18,MONOPOLI,40.919445,17.294443,2026-05-21 09:00:00,rh_hourly,63.0,%,2026-05-21T11:14:10.043725
0PU18,MONOPOLI,40.919445,17.294443,2026-05-21 09:00:00,rs_hourly,1388.6,W/m²,2026-05-21T11:14:15.325475
0PU18,MONOPOLI,40.919445,17.294443,2026-05-21 09:00:00,tair_hourly,20.6,°C,2026-05-21T11:14:08.938579
0PU18,MONOPOLI,40.919445,17.294443,2026-05-21 09:00:00,ws_10m_hourly,5.4,m/s,2026-05-21T11:14:17.619285
0PU18,MONOPOLI,40.919445,17.294443,2026-05-21 09:00:00,ws_2m_hourly,3.3,m/s,2026-05-21T11:14:17.619282
0PU19,TERLIZZI,41.120834,16.549168,2026-05-21 09:00:00,precip_10min_interval,0.0,mm,2026-05-21T11:14:12.088467
0PU19,TERLIZZI,41.120834,16.549168,2026-05-21 09:00:00,rh_hourly,50.0,%,2026-05-21T11:14:10.043736
0PU19,TERLIZZI,41.120834,16.549168,2026-05-21 09:00:00,rs_hourly,1470.9,W/m²,2026-05-21T11:14:15.325486
0PU19,TERLIZZI,41.120834,16.549168,2026-05-21 09:00:00,tair_hourly,21.7,°C,2026-05-21T11:14:08.938590
0PU19,TERLIZZI,41.120834,16.549168,2026-05-21 09:00:00,ws_10m_hourly,2.7,m/s,2026-05-21T11:14:17.619380
0PU19,TERLIZZI,41.120834,16.549168,2026-05-21 09:00:00,ws_2m_hourly,0.7,m/s,2026-05-21T11:14:17.619377
0PU20,VILLA CASTELLI,40.553055,17.504444,2026-05-21 09:00:00,precip_10min_interval,0.0,mm,2026-05-21T11:14:12.088510
0PU20,VILLA CASTELLI,40.553055,17.504444,2026-05-21 09:00:00,rh_hourly,55.0,%,2026-05-21T11:14:10.043747
0PU20,VILLA CASTELLI,40.553055,17.504444,2026-05-21 09:00:00,rs_hourly,1797.1,W/m²,2026-05-21T11:14:15.325498
0PU20,VILLA CASTELLI,40.553055,17.504444,2026-05-21 09:00:00,tair_hourly,21.0,°C,2026-05-21T11:14:08.938601
0PU20,VILLA CASTELLI,40.553055,17.504444,2026-05-21 09:00:00,ws_10m_hourly,6.8,m/s,2026-05-21T11:14:17.619467
0PU20,VILLA CASTELLI,40.553055,17.504444,2026-05-21 09:00:00,ws_2m_hourly,3.9,m/s,2026-05-21T11:14:17.619464
0PU21,CAROVIGNO,40.691944,17.630278,2026-05-21 09:00:00,precip_10min_interval,0.0,mm,2026-05-21T11:14:12.088560
0PU21,CAROVIGNO,40.691944,17.630278,2026-05-21 09:00:00,rh_hourly,66.0,%,2026-05-21T11:14:10.043758
0PU21,CAROVIGNO,40.691944,17.630278,2026-05-21 09:00:00,rs_hourly,1885.3,W/m²,2026-05-21T11:14:15.325512
0PU21,CAROVIGNO,40.691944,17.630278,2026-05-21 09:00:00,tair_hourly,20.1,°C,2026-05-21T11:14:08.938612
0PU21,CAROVIGNO,40.691944,17.630278,2026-05-21 09:00:00,ws_10m_hourly,5.0,m/s,2026-05-21T11:14:17.619558
0PU21,CAROVIGNO,40.691944,17.630278,2026-05-21 09:00:00,ws_2m_hourly,1.8,m/s,2026-05-21T11:14:17.619555
0PU22,APRICENA,41.773335,15.438611,2026-05-21 09:00:00,precip_10min_interval,0.0,mm,2026-05-21T11:14:12.088605
0PU22,APRICENA,41.773335,15.438611,2026-05-21 09:00:00,rh_hourly,70.0,%,2026-05-21T11:14:10.043772
0PU22,APRICENA,41.773335,15.438611,2026-05-21 09:00:00,rs_hourly,1663.6,W/m²,2026-05-21T11:14:15.325531
0PU22,APRICENA,41.773335,15.438611,2026-05-21 09:00:00,tair_hourly,21.1,°C,2026-05-21T11:14:08.938623
0PU22,APRICENA,41.773335,15.438611,2026-05-21 09:00:00,ws_10m_hourly,7.5,m/s,2026-05-21T11:14:17.619650
0PU22,APRICENA,41.773335,15.438611,2026-05-21 09:00:00,ws_2m_hourly,1.5,m/s,2026-05-21T11:14:17.619647
0PU23,MANFREDONIA,41.541389,15.885833,2026-05-21 09:00:00,precip_10min_interval,0.0,mm,2026-05-21T11:14:12.088649
0PU23,MANFREDONIA,41.541389,15.885833,2026-05-21 09:00:00,rh_hourly,51.0,%,2026-05-21T11:14:10.043785
0PU23,MANFREDONIA,41.541389,15.885833,2026-05-21 09:00:00,rs_hourly,1725.7,W/m²,2026-05-21T11:14:15.325542
0PU23,MANFREDONIA,41.541389,15.885833,2026-05-21 09:00:00,tair_hourly,23.5,°C,2026-05-21T11:14:08.938634
0PU23,MANFREDONIA,41.541389,15.885833,2026-05-21 09:00:00,ws_10m_hourly,6.2,m/s,2026-05-21T11:14:17.619738
0PU23,MANFREDONIA,41.541389,15.885833,2026-05-21 09:00:00,ws_2m_hourly,3.6,m/s,2026-05-21T11:14:17.619735
0PU25,NOCIGLIA,40.034443,18.313057,2026-05-21 09:00:00,precip_10min_interval,0.0,mm,2026-05-21T11:14:12.088695
0PU25,NOCIGLIA,40.034443,18.313057,2026-05-21 09:00:00,rh_hourly,56.0,%,2026-05-21T11:14:10.043796
0PU25,NOCIGLIA,40.034443,18.313057,2026-05-21 09:00:00,rs_hourly,1810.7,W/m²,2026-05-21T11:14:15.325556
0PU25,NOCIGLIA,40.034443,18.313057,2026-05-21 09:00:00,tair_hourly,21.9,°C,2026-05-21T11:14:08.938645
0PU25,NOCIGLIA,40.034443,18.313057,2026-05-21 09:00:00,ws_10m_hourly,6.8,m/s,2026-05-21T11:14:17.619833
0PU25,NOCIGLIA,40.034443,18.313057,2026-05-21 09:00:00,ws_2m_hourly,4.1,m/s,2026-05-21T11:14:17.619830
0PU27,GROTTAGLIE,40.53389,17.362778,2026-05-21 09:00:00,rh_hourly,50.0,%,2026-05-21T11:14:10.043806
0PU27,GROTTAGLIE,40.53389,17.362778,2026-05-21 09:00:00,rs_hourly,1824.1,W/m²,2026-05-21T11:14:15.325567
0PU27,GROTTAGLIE,40.53389,17.362778,2026-05-21 09:00:00,tair_hourly,21.9,°C,2026-05-21T11:14:08.938659
0PU27,GROTTAGLIE,40.53389,17.362778,2026-05-21 09:00:00,ws_10m_hourly,3.9,m/s,2026-05-21T11:14:17.619921
0PU27,GROTTAGLIE,40.53389,17.362778,2026-05-21 09:00:00,ws_2m_hourly,2.3,m/s,2026-05-21T11:14:17.619918
0PU28,TRANI,41.247501,16.415556,2026-05-21 09:00:00,precip_10min_interval,0.0,mm,2026-05-21T11:14:12.088738
0PU28,TRANI,41.247501,16.415556,2026-05-21 09:00:00,rh_hourly,59.0,%,2026-05-21T11:14:10.043825
0PU28,TRANI,41.247501,16.415556,2026-05-21 09:00:00,rs_hourly,1498.2,W/m²,2026-05-21T11:14:15.325584
0PU28,TRANI,41.247501,16.415556,2026-05-21 09:00:00,tair_hourly,20.3,°C,2026-05-21T11:14:08.938678
0PU28,TRANI,41.247501,16.415556,2026-05-21 09:00:00,ws_10m_hourly,4.8,m/s,2026-05-21T11:14:17.620067
0PU28,TRANI,41.247501,16.415556,2026-05-21 09:00:00,ws_2m_hourly,3.0,m/s,2026-05-21T11:14:17.620064
0PU30,NOICATTARO,41.021942,16.967777,2026-05-21 09:00:00,precip_10min_interval,0.0,mm,2026-05-21T11:14:12.088786
0PU30,NOICATTARO,41.021942,16.967777,2026-05-21 09:00:00,rh_hourly,61.0,%,2026-05-21T11:14:10.043837
0PU30,NOICATTARO,41.021942,16.967777,2026-05-21 09:00:00,rs_hourly,272.6,W/m²,2026-05-21T11:14:15.325595
0PU30,NOICATTARO,41.021942,16.967777,2026-05-21 09:00:00,tair_hourly,20.8,°C,2026-05-21T11:14:08.938684
0PU30,NOICATTARO,41.021942,16.967777,2026-05-21 09:00:00,ws_10m_hourly,7.3,m/s,2026-05-21T11:14:17.620162
0PU30,NOICATTARO,41.021942,16.967777,2026-05-21 09:00:00,ws_2m_hourly,4.5,m/s,2026-05-21T11:14:17.620159
0PU31,ALBEROBELLO,40.790558,17.233334,2026-05-21 09:00:00,precip_10min_interval,0.0,mm,2026-05-21T11:14:12.088834
0PU31,ALBEROBELLO,40.790558,17.233334,2026-05-21 09:00:00,rh_hourly,63.0,%,2026-05-21T11:14:10.043859
0PU31,ALBEROBELLO,40.790558,17.233334,2026-05-21 09:00:00,rs_hourly,1995.3,W/m²,2026-05-21T11:14:15.325608
0PU31,ALBEROBELLO,40.790558,17.233334,2026-05-21 09:00:00,tair_hourly,18.5,°C,2026-05-21T11:14:08.938690
0PU31,ALBEROBELLO,40.790558,17.233334,2026-05-21 09:00:00,ws_10m_hourly,6.4,m/s,2026-05-21T11:14:17.620272
0PU31,ALBEROBELLO,40.790558,17.233334,2026-05-21 09:00:00,ws_2m_hourly,3.5,m/s,2026-05-21T11:14:17.620268
0PU33,MOCCARI,40.558334,17.851667,2026-05-21 09:00:00,precip_10min_interval,0.0,mm,2026-05-21T11:14:12.088882
0PU33,MOCCARI,40.558334,17.851667,2026-05-21 09:00:00,rh_hourly,69.0,%,2026-05-21T11:14:10.043873
0PU33,MOCCARI,40.558334,17.851667,2026-05-21 09:00:00,rs_hourly,2053.2,W/m²,2026-05-21T11:14:15.325619
0PU33,MOCCARI,40.558334,17.851667,2026-05-21 09:00:00,tair_hourly,21.0,°C,2026-05-21T11:14:08.938696
0PU33,MOCCARI,40.558334,17.851667,2026-05-21 09:00:00,ws_10m_hourly,7.7,m/s,2026-05-21T11:14:17.620373
0PU33,MOCCARI,40.558334,17.851667,2026-05-21 09:00:00,ws_2m_hourly,5.4,m/s,2026-05-21T11:14:17.620370
0PU34,LATIANO,40.548332,17.688057,2026-05-21 09:00:00,precip_10min_interval,0.0,mm,2026-05-21T11:14:12.088931
0PU34,LATIANO,40.548332,17.688057,2026-05-21 09:00:00,rh_hourly,58.0,%,2026-05-21T11:14:10.043884
0PU34,LATIANO,40.548332,17.688057,2026-05-21 09:00:00,rs_hourly,1746.4,W/m²,2026-05-21T11:14:15.325631
0PU34,LATIANO,40.548332,17.688057,2026-05-21 09:00:00,tair_hourly,20.5,°C,2026-05-21T11:14:08.938702
0PU34,LATIANO,40.548332,17.688057,2026-05-21 09:00:00,ws_10m_hourly,3.8,m/s,2026-05-21T11:14:17.620471
0PU34,LATIANO,40.548332,17.688057,2026-05-21 09:00:00,ws_2m_hourly,3.3,m/s,2026-05-21T11:14:17.620468
0PU35,SAN VITO DEI NORMANNI,40.629166,17.73361,2026-05-21 09:00:00,precip_10min_interval,0.0,mm,2026-05-21T11:14:12.088979
0PU35,SAN VITO DEI NORMANNI,40.629166,17.73361,2026-05-21 09:00:00,rs_hourly,1813.4,W/m²,2026-05-21T11:14:15.325647
0PU35,SAN VITO DEI NORMANNI,40.629166,17.73361,2026-05-21 09:00:00,tair_hourly,20.9,°C,2026-05-21T11:14:08.938713
0PU35,SAN VITO DEI NORMANNI,40.629166,17.73361,2026-05-21 09:00:00,ws_10m_hourly,6.9,m/s,2026-05-21T11:14:17.620571
0PU35,SAN VITO DEI NORMANNI,40.629166,17.73361,2026-05-21 09:00:00,ws_2m_hourly,4.8,m/s,2026-05-21T11:14:17.620568
0PU36,VILLANOVA,41.654167,15.586667,2026-05-21 09:00:00,precip_10min_interval,0.0,mm,2026-05-21T11:14:12.089027
0PU36,VILLANOVA,41.654167,15.586667,2026-05-21 09:00:00,rh_hourly,63.0,%,2026-05-21T11:14:10.043897
0PU36,VILLANOVA,41.654167,15.586667,2026-05-21 09:00:00,rs_hourly,1688.6,W/m²,2026-05-21T11:14:15.325656
0PU36,VILLANOVA,41.654167,15.586667,2026-05-21 09:00:00,tair_hourly,21.5,°C,2026-05-21T11:14:08.938719
0PU36,VILLANOVA,41.654167,15.586667,2026-05-21 09:00:00,ws_10m_hourly,9.2,m/s,2026-05-21T11:14:17.620669
0PU36,VILLANOVA,41.654167,15.586667,2026-05-21 09:00:00,ws_2m_hourly,5.1,m/s,2026-05-21T11:14:17.620666
0PU37,TROIA,41.336388,15.382778,2026-05-21 09:00:00,precip_10min_interval,0.0,mm,2026-05-21T11:14:12.089076
0PU37,TROIA,41.336388,15.382778,2026-05-21 09:00:00,rh_hourly,59.0,%,2026-05-21T11:14:10.043908
0PU37,TROIA,41.336388,15.382778,2026-05-21 09:00:00,rs_hourly,1669.7,W/m²,2026-05-21T11:14:15.325662
0PU37,TROIA,41.336388,15.382778,2026-05-21 09:00:00,tair_hourly,19.1,°C,2026-05-21T11:14:08.938727
0PU37,TROIA,41.336388,15.382778,2026-05-21 09:00:00,ws_10m_hourly,8.4,m/s,2026-05-21T11:14:17.620764
0PU37,TROIA,41.336388,15.382778,2026-05-21 09:00:00,ws_2m_hourly,7.4,m/s,2026-05-21T11:14:17.620761
0PU38,BORGO LA ROCCA,41.558334,15.516111,2026-05-21 09:00:00,precip_10min_interval,0.0,mm,2026-05-21T11:14:12.089125
0PU38,BORGO LA ROCCA,41.558334,15.516111,2026-05-21 09:00:00,rh_hourly,64.0,%,2026-05-21T11:14:10.043919
0PU38,BORGO LA ROCCA,41.558334,15.516111,2026-05-21 09:00:00,rs_hourly,1787.6,W/m²,2026-05-21T11:14:15.325670
0PU38,BORGO LA ROCCA,41.558334,15.516111,2026-05-21 09:00:00,tair_hourly,21.0,°C,2026-05-21T11:14:08.938733
0PU38,BORGO LA ROCCA,41.558334,15.516111,2026-05-21 09:00:00,ws_10m_hourly,6.6,m/s,2026-05-21T11:14:17.620864
0PU38,BORGO LA ROCCA,41.558334,15.516111,2026-05-21 09:00:00,ws_2m_hourly,4.6,m/s,2026-05-21T11:14:17.620861
0PU40,ARCHE,40.273888,18.013611,2026-05-21 09:00:00,precip_10min_interval,0.0,mm,2026-05-21T11:14:12.089172
0PU40,ARCHE,40.273888,18.013611,2026-05-21 09:00:00,rh_hourly,55.0,%,2026-05-21T11:14:10.043932
0PU40,ARCHE,40.273888,18.013611,2026-05-21 09:00:00,rs_hourly,1732.0,W/m²,2026-05-21T11:14:15.325677
0PU40,ARCHE,40.273888,18.013611,2026-05-21 09:00:00,tair_hourly,22.1,°C,2026-05-21T11:14:08.938739
0PU40,ARCHE,40.273888,18.013611,2026-05-21 09:00:00,ws_10m_hourly,7.2,m/s,2026-05-21T11:14:17.620959
0PU40,ARCHE,40.273888,18.013611,2026-05-21 09:00:00,ws_2m_hourly,3.3,m/s,2026-05-21T11:14:17.620956
0PU41,LECCE,40.326668,18.139999,2026-05-21 09:00:00,precip_10min_interval,0.0,mm,2026-05-21T11:14:12.089227
0PU41,LECCE,40.326668,18.139999,2026-05-21 09:00:00,rh_hourly,57.0,%,2026-05-21T11:14:10.043943
0PU41,LECCE,40.326668,18.139999,2026-05-21 09:00:00,rs_hourly,1800.4,W/m²,2026-05-21T11:14:15.325683
0PU41,LECCE,40.326668,18.139999,2026-05-21 09:00:00,tair_hourly,22.3,°C,2026-05-21T11:14:08.938745
0PU41,LECCE,40.326668,18.139999,2026-05-21 09:00:00,ws_10m_hourly,4.6,m/s,2026-05-21T11:14:17.621054
0PU41,LECCE,40.326668,18.139999,2026-05-21 09:00:00,ws_2m_hourly,3.2,m/s,2026-05-21T11:14:17.621050
0PU42,SALICE SALENTINO,40.390556,17.875278,2026-05-21 09:00:00,precip_10min_interval,0.0,mm,2026-05-21T11:14:12.089274
0PU42,SALICE SALENTINO,40.390556,17.875278,2026-05-21 09:00:00,rh_hourly,61.0,%,2026-05-21T11:14:10.043955
0PU42,SALICE SALENTINO,40.390556,17.875278,2026-05-21 09:00:00,rs_hourly,1872.2,W/m²,2026-05-21T11:14:15.325689
0PU42,SALICE SALENTINO,40.390556,17.875278,2026-05-21 09:00:00,tair_hourly,21.1,°C,2026-05-21T11:14:08.938751
0PU42,SALICE SALENTINO,40.390556,17.875278,2026-05-21 09:00:00,ws_10m_hourly,7.8,m/s,2026-05-21T11:14:17.621143
0PU42,SALICE SALENTINO,40.390556,17.875278,2026-05-21 09:00:00,ws_2m_hourly,5.8,m/s,2026-05-21T11:14:17.621138
0PU43,LUCUGNANO,39.930279,18.3225,2026-05-21 09:00:00,precip_10min_interval,0.0,mm,2026-05-21T11:14:12.089325
0PU43,LUCUGNANO,39.930279,18.3225,2026-05-21 09:00:00,rh_hourly,57.0,%,2026-05-21T11:14:10.043969
0PU43,LUCUGNANO,39.930279,18.3225,2026-05-21 09:00:00,rs_hourly,1979.5,W/m²,2026-05-21T11:14:15.325695
0PU43,LUCUGNANO,39.930279,18.3225,2026-05-21 09:00:00,tair_hourly,22.0,°C,2026-05-21T11:14:08.938758
0PU43,LUCUGNANO,39.930279,18.3225,2026-05-21 09:00:00,ws_10m_hourly,5.4,m/s,2026-05-21T11:14:17.621249
0PU43,LUCUGNANO,39.930279,18.3225,2026-05-21 09:00:00,ws_2m_hourly,3.1,m/s,2026-05-21T11:14:17.621246
0PU44,MANDURIA,40.381943,17.621111,2026-05-21 09:00:00,precip_10min_interval,0.0,mm,2026-05-21T11:14:12.089371
0PU44,MANDURIA,40.381943,17.621111,2026-05-21 09:00:00,rh_hourly,53.0,%,2026-05-21T11:14:10.043977
0PU44,MANDURIA,40.381943,17.621111,2026-05-21 09:00:00,rs_hourly,1673.5,W/m²,2026-05-21T11:14:15.325702
0PU44,MANDURIA,40.381943,17.621111,2026-05-21 09:00:00,tair_hourly,22.0,°C,2026-05-21T11:14:08.938764
0PU44,MANDURIA,40.381943,17.621111,2026-05-21 09:00:00,ws_10m_hourly,6.4,m/s,2026-05-21T11:14:17.621356
0PU44,MANDURIA,40.381943,17.621111,2026-05-21 09:00:00,ws_2m_hourly,4.9,m/s,2026-05-21T11:14:17.621353
0PU45,MOTTOLA,40.675556,16.996111,2026-05-21 09:00:00,precip_10min_interval,0.0,mm,2026-05-21T11:14:12.089421
0PU45,MOTTOLA,40.675556,16.996111,2026-05-21 09:00:00,rh_hourly,60.0,%,2026-05-21T11:14:10.043983
0PU45,MOTTOLA,40.675556,16.996111,2026-05-21 09:00:00,rs_hourly,1706.0,W/m²,2026-05-21T11:14:15.325708
0PU45,MOTTOLA,40.675556,16.996111,2026-05-21 09:00:00,tair_hourly,20.4,°C,2026-05-21T11:14:08.938770
0PU45,MOTTOLA,40.675556,16.996111,2026-05-21 09:00:00,ws_10m_hourly,7.3,m/s,2026-05-21T11:14:17.621449
0PU45,MOTTOLA,40.675556,16.996111,2026-05-21 09:00:00,ws_2m_hourly,4.1,m/s,2026-05-21T11:14:17.621446
0PU46,MASSAFRA,40.582779,17.091944,2026-05-21 09:00:00,precip_10min_interval,0.0,mm,2026-05-21T11:14:12.089468
0PU46,MASSAFRA,40.582779,17.091944,2026-05-21 09:00:00,rh_hourly,49.0,%,2026-05-21T11:14:10.043989
0PU46,MASSAFRA,40.582779,17.091944,2026-05-21 09:00:00,rs_hourly,1820.7,W/m²,2026-05-21T11:14:15.325716
0PU46,MASSAFRA,40.582779,17.091944,2026-05-21 09:00:00,tair_hourly,20.9,°C,2026-05-21T11:14:08.938778
0PU46,MASSAFRA,40.582779,17.091944,2026-05-21 09:00:00,ws_10m_hourly,5.7,m/s,2026-05-21T11:14:17.621547
0PU46,MASSAFRA,40.582779,17.091944,2026-05-21 09:00:00,ws_2m_hourly,4.0,m/s,2026-05-21T11:14:17.621544
0PU47,CASTELLANETA,40.494446,16.878889,2026-05-21 09:00:00,precip_10min_interval,0.0,mm,2026-05-21T11:14:12.089516
0PU47,CASTELLANETA,40.494446,16.878889,2026-05-21 09:00:00,rh_hourly,34.0,%,2026-05-21T11:14:10.043997
0PU47,CASTELLANETA,40.494446,16.878889,2026-05-21 09:00:00,rs_hourly,1693.8,W/m²,2026-05-21T11:14:15.325722
0PU47,CASTELLANETA,40.494446,16.878889,2026-05-21 09:00:00,tair_hourly,23.5,°C,2026-05-21T11:14:08.938784
0PU47,CASTELLANETA,40.494446,16.878889,2026-05-21 09:00:00,ws_10m_hourly,4.5,m/s,2026-05-21T11:14:17.621643
0PU47,CASTELLANETA,40.494446,16.878889,2026-05-21 09:00:00,ws_2m_hourly,2.0,m/s,2026-05-21T11:14:17.621639
0PU48,BARI C.N.R. IRSA,41.116943,16.820557,2026-05-21 09:00:00,precip_10min_interval,0.0,mm,2026-05-21T11:14:12.089567
0PU48,BARI C.N.R. IRSA,41.116943,16.820557,2026-05-21 09:00:00,rh_hourly,54.0,%,2026-05-21T11:14:10.044003
0PU48,BARI C.N.R. IRSA,41.116943,16.820557,2026-05-21 09:00:00,rs_hourly,1786.2,W/m²,2026-05-21T11:14:15.325729
0PU48,BARI C.N.R. IRSA,41.116943,16.820557,2026-05-21 09:00:00,tair_hourly,21.9,°C,2026-05-21T11:14:08.938791
0PU48,BARI C.N.R. IRSA,41.116943,16.820557,2026-05-21 09:00:00,ws_10m_hourly,5.3,m/s,2026-05-21T11:14:17.621743
0PU48,BARI C.N.R. IRSA,41.116943,16.820557,2026-05-21 09:00:00,ws_2m_hourly,3.4,m/s,2026-05-21T11:14:17.621740
0PU49,LOCOROTONDO ITAS,40.757221,17.340834,2026-05-21 09:00:00,precip_10min_interval,0.0,mm,2026-05-21T11:14:12.089615
0PU49,LOCOROTONDO ITAS,40.757221,17.340834,2026-05-21 09:00:00,rh_hourly,60.0,%,2026-05-21T11:14:10.044010
0PU49,LOCOROTONDO ITAS,40.757221,17.340834,2026-05-21 09:00:00,rs_hourly,1827.1,W/m²,2026-05-21T11:14:15.325735
0PU49,LOCOROTONDO ITAS,40.757221,17.340834,2026-05-21 09:00:00,tair_hourly,18.7,°C,2026-05-21T11:14:08.938798
0PU49,LOCOROTONDO ITAS,40.757221,17.340834,2026-05-21 09:00:00,ws_10m_hourly,7.2,m/s,2026-05-21T11:14:17.621839
0PU49,LOCOROTONDO ITAS,40.757221,17.340834,2026-05-21 09:00:00,ws_2m_hourly,4.7,m/s,2026-05-21T11:14:17.621836
0PU53,TORITTO,40.957222,16.567223,2026-05-21 09:00:00,precip_10min_interval,0.0,mm,2026-05-21T11:14:12.089663
0PU53,TORITTO,40.957222,16.567223,2026-05-21 09:00:00,rh_hourly,57.0,%,2026-05-21T11:14:10.044016
0PU53,TORITTO,40.957222,16.567223,2026-05-21 09:00:00,rs_hourly,1742.2,W/m²,2026-05-21T11:14:15.325744
0PU53,TORITTO,40.957222,16.567223,2026-05-21 09:00:00,tair_hourly,18.6,°C,2026-05-21T11:14:08.938806
0PU53,TORITTO,40.957222,16.567223,2026-05-21 09:00:00,ws_10m_hourly,8.2,m/s,2026-05-21T11:14:17.621935
0PU53,TORITTO,40.957222,16.567223,2026-05-21 09:00:00,ws_2m_hourly,6.4,m/s,2026-05-21T11:14:17.621932
0PU54,TORRE SANTA SUSANNA,40.459442,17.724722,2026-05-21 09:00:00,precip_10min_interval,0.0,mm,2026-05-21T11:14:12.089711
0PU54,TORRE SANTA SUSANNA,40.459442,17.724722,2026-05-21 09:00:00,rh_hourly,51.0,%,2026-05-21T11:14:10.044022
0PU54,TORRE SANTA SUSANNA,40.459442,17.724722,2026-05-21 09:00:00,rs_hourly,1931.3,W/m²,2026-05-21T11:14:15.325750
0PU54,TORRE SANTA SUSANNA,40.459442,17.724722,2026-05-21 09:00:00,tair_hourly,22.9,°C,2026-05-21T11:14:08.938813
0PU54,TORRE SANTA SUSANNA,40.459442,17.724722,2026-05-21 09:00:00,ws_10m_hourly,6.9,m/s,2026-05-21T11:14:17.622036
0PU54,TORRE SANTA SUSANNA,40.459442,17.724722,2026-05-21 09:00:00,ws_2m_hourly,1.5,m/s,2026-05-21T11:14:17.622033
0PU55,LESINA-RIPALTA,41.8475,15.266111,2026-05-21 09:00:00,precip_10min_interval,0.0,mm,2026-05-21T11:14:12.089759
0PU55,LESINA-RIPALTA,41.8475,15.266111,2026-05-21 09:00:00,rh_hourly,72.0,%,2026-05-21T11:14:10.044028
0PU55,LESINA-RIPALTA,41.8475,15.266111,2026-05-21 09:00:00,rs_hourly,1266.4,W/m²,2026-05-21T11:14:15.325758
0PU55,LESINA-RIPALTA,41.8475,15.266111,2026-05-21 09:00:00,tair_hourly,20.1,°C,2026-05-21T11:14:08.938821
0PU55,LESINA-RIPALTA,41.8475,15.266111,2026-05-21 09:00:00,ws_10m_hourly,7.2,m/s,2026-05-21T11:14:17.622132
0PU55,LESINA-RIPALTA,41.8475,15.266111,2026-05-21 09:00:00,ws_2m_hourly,5.1,m/s,2026-05-21T11:14:17.622128
0PU56,CARLANTINO,41.588333,14.983611,2026-05-21 09:00:00,precip_10min_interval,0.0,mm,2026-05-21T11:14:12.089808
0PU56,CARLANTINO,41.588333,14.983611,2026-05-21 09:00:00,rh_hourly,61.0,%,2026-05-21T11:14:10.044034
0PU56,CARLANTINO,41.588333,14.983611,2026-05-21 09:00:00,tair_hourly,16.7,°C,2026-05-21T11:14:08.938828
0PU56,CARLANTINO,41.588333,14.983611,2026-05-21 09:00:00,ws_10m_hourly,6.8,m/s,2026-05-21T11:14:17.622242
0PU56,CARLANTINO,41.588333,14.983611,2026-05-21 09:00:00,ws_2m_hourly,5.3,m/s,2026-05-21T11:14:17.622239
0PU57,SANT'AGATA DI PUGLIA,41.150276,15.46,2026-05-21 09:00:00,precip_10min_interval,0.0,mm,2026-05-21T11:14:12.089857
0PU57,SANT'AGATA DI PUGLIA,41.150276,15.46,2026-05-21 09:00:00,rh_hourly,54.0,%,2026-05-21T11:14:10.044043
0PU57,SANT'AGATA DI PUGLIA,41.150276,15.46,2026-05-21 09:00:00,rs_hourly,1657.1,W/m²,2026-05-21T11:14:15.325764
0PU57,SANT'AGATA DI PUGLIA,41.150276,15.46,2026-05-21 09:00:00,tair_hourly,19.4,°C,2026-05-21T11:14:08.938834
0PU57,SANT'AGATA DI PUGLIA,41.150276,15.46,2026-05-21 09:00:00,ws_10m_hourly,8.6,m/s,2026-05-21T11:14:17.622355
0PU57,SANT'AGATA DI PUGLIA,41.150276,15.46,2026-05-21 09:00:00,ws_2m_hourly,5.6,m/s,2026-05-21T11:14:17.622352
0PU58,GINOSA,40.556389,16.843611,2026-05-21 09:00:00,precip_10min_interval,0.0,mm,2026-05-21T11:14:12.089910
0PU58,GINOSA,40.556389,16.843611,2026-05-21 09:00:00,rh_hourly,49.0,%,2026-05-21T11:14:10.044049
0PU58,GINOSA,40.556389,16.843611,2026-05-21 09:00:00,rs_hourly,1797.5,W/m²,2026-05-21T11:14:15.325770
0PU58,GINOSA,40.556389,16.843611,2026-05-21 09:00:00,tair_hourly,21.9,°C,2026-05-21T11:14:08.938840
0PU58,GINOSA,40.556389,16.843611,2026-05-21 09:00:00,ws_10m_hourly,7.2,m/s,2026-05-21T11:14:17.622462
0PU58,GINOSA,40.556389,16.843611,2026-05-21 09:00:00,ws_2m_hourly,5.4,m/s,2026-05-21T11:14:17.622459
0PU59,PALAGIANELLO,40.578335,16.975279,2026-05-21 09:00:00,precip_10min_interval,0.0,mm,2026-05-21T11:14:12.089966
0PU59,PALAGIANELLO,40.578335,16.975279,2026-05-21 09:00:00,rh_hourly,54.0,%,2026-05-21T11:14:10.044055
0PU59,PALAGIANELLO,40.578335,16.975279,2026-05-21 09:00:00,rs_hourly,1772.1,W/m²,2026-05-21T11:14:15.325776
0PU59,PALAGIANELLO,40.578335,16.975279,2026-05-21 09:00:00,tair_hourly,22.2,°C,2026-05-21T11:14:08.938848
0PU59,PALAGIANELLO,40.578335,16.975279,2026-05-21 09:00:00,ws_10m_hourly,7.5,m/s,2026-05-21T11:14:17.622633
0PU59,PALAGIANELLO,40.578335,16.975279,2026-05-21 09:00:00,ws_2m_hourly,5.0,m/s,2026-05-21T11:14:17.622630
0PU60,MINERVINO DI LECCE,40.093613,18.418612,2026-05-21 09:00:00,precip_10min_interval,0.0,mm,2026-05-21T11:14:12.090018
0PU60,MINERVINO DI LECCE,40.093613,18.418612,2026-05-21 09:00:00,rh_hourly,60.0,%,2026-05-21T11:14:10.044062
0PU60,MINERVINO DI LECCE,40.093613,18.418612,2026-05-21 09:00:00,rs_hourly,1733.7,W/m²,2026-05-21T11:14:15.325783
0PU60,MINERVINO DI LECCE,40.093613,18.418612,2026-05-21 09:00:00,tair_hourly,21.8,°C,2026-05-21T11:14:08.938854
0PU60,MINERVINO DI LECCE,40.093613,18.418612,2026-05-21 09:00:00,ws_10m_hourly,7.5,m/s,2026-05-21T11:14:17.623072
0PU60,MINERVINO DI LECCE,40.093613,18.418612,2026-05-21 09:00:00,ws_2m_hourly,5.1,m/s,2026-05-21T11:14:17.623069
0PU61,NARDO',40.171391,17.976389,2026-05-21 09:00:00,precip_10min_interval,0.0,mm,2026-05-21T11:14:12.090078
0PU61,NARDO',40.171391,17.976389,2026-05-21 09:00:00,rh_hourly,51.0,%,2026-05-21T11:14:10.044068
0PU61,NARDO',40.171391,17.976389,2026-05-21 09:00:00,rs_hourly,1777.1,W/m²,2026-05-21T11:14:15.325789
0PU61,NARDO',40.171391,17.976389,2026-05-21 09:00:00,tair_hourly,22.9,°C,2026-05-21T11:14:08.938860
0PU61,NARDO',40.171391,17.976389,2026-05-21 09:00:00,ws_10m_hourly,7.6,m/s,2026-05-21T11:14:17.623182
0PU61,NARDO',40.171391,17.976389,2026-05-21 09:00:00,ws_2m_hourly,3.2,m/s,2026-05-21T11:14:17.623179
MBA20,IPSAA,41.22139,16.049723,2026-05-21 09:00:00,precip_10min_interval,0.0,mm,2026-05-21T11:14:12.090133
MBA20,IPSAA,41.22139,16.049723,2026-05-21 09:00:00,rh_hourly,62.0,%,2026-05-21T11:14:10.044074
MBA20,IPSAA,41.22139,16.049723,2026-05-21 09:00:00,tair_hourly,20.1,°C,2026-05-21T11:14:08.938866
MBA20,IPSAA,41.22139,16.049723,2026-05-21 09:00:00,ws_2m_hourly,2.4,m/s,2026-05-21T11:14:17.623286
MBA21,MONTEGROSSO,41.132778,16.185833,2026-05-21 09:00:00,precip_10min_interval,0.0,mm,2026-05-21T11:14:12.090187
MBA21,MONTEGROSSO,41.132778,16.185833,2026-05-21 09:00:00,rh_hourly,63.0,%,2026-05-21T11:14:10.044084
MBA21,MONTEGROSSO,41.132778,16.185833,2026-05-21 09:00:00,tair_hourly,17.6,°C,2026-05-21T11:14:08.938878
MBA21,MONTEGROSSO,41.132778,16.185833,2026-05-21 09:00:00,ws_2m_hourly,1.9,m/s,2026-05-21T11:14:17.623343
MBA22,S.P. SANTERAMO,40.80611,16.591389,2026-05-21 09:00:00,precip_10min_interval,0.0,mm,2026-05-21T11:14:12.090260
MBA22,S.P. SANTERAMO,40.80611,16.591389,2026-05-21 09:00:00,rh_hourly,60.0,%,2026-05-21T11:14:10.044093
MBA22,S.P. SANTERAMO,40.80611,16.591389,2026-05-21 09:00:00,tair_hourly,19.7,°C,2026-05-21T11:14:08.938887
MBA22,S.P. SANTERAMO,40.80611,16.591389,2026-05-21 09:00:00,ws_2m_hourly,5.2,m/s,2026-05-21T11:14:17.623403
MBA24,CASSANO DELLE MURGE,40.918888,16.78861,2026-05-21 09:00:00,precip_10min_interval,0.0,mm,2026-05-21T11:14:12.090315
MBA24,CASSANO DELLE MURGE,40.918888,16.78861,2026-05-21 09:00:00,rh_hourly,56.0,%,2026-05-21T11:14:10.044102
MBA24,CASSANO DELLE MURGE,40.918888,16.78861,2026-05-21 09:00:00,tair_hourly,19.6,°C,2026-05-21T11:14:08.938898
MBA24,CASSANO DELLE MURGE,40.918888,16.78861,2026-05-21 09:00:00,ws_2m_hourly,5.5,m/s,2026-05-21T11:14:17.623459
MBA25,SANTERAMO IN COLLE,40.78611,16.775833,2026-05-21 09:00:00,precip_10min_interval,0.0,mm,2026-05-21T11:14:12.090378
MBA25,SANTERAMO IN COLLE,40.78611,16.775833,2026-05-21 09:00:00,rh_hourly,53.0,%,2026-05-21T11:14:10.044112
MBA25,SANTERAMO IN COLLE,40.78611,16.775833,2026-05-21 09:00:00,tair_hourly,18.9,°C,2026-05-21T11:14:08.938907
MBA25,SANTERAMO IN COLLE,40.78611,16.775833,2026-05-21 09:00:00,ws_2m_hourly,3.9,m/s,2026-05-21T11:14:17.623521
MBA26,CAMPO SPER. UNIBA,41.023609,16.906389,2026-05-21 09:00:00,precip_10min_interval,0.0,mm,2026-05-21T11:14:12.090438
MBA26,CAMPO SPER. UNIBA,41.023609,16.906389,2026-05-21 09:00:00,rh_hourly,63.0,%,2026-05-21T11:14:10.044124
MBA26,CAMPO SPER. UNIBA,41.023609,16.906389,2026-05-21 09:00:00,tair_hourly,21.4,°C,2026-05-21T11:14:08.938916
MBA26,CAMPO SPER. UNIBA,41.023609,16.906389,2026-05-21 09:00:00,ws_2m_hourly,2.2,m/s,2026-05-21T11:14:17.623579
MBA27,SERRONE(AZ.AGR.MANCINI),40.921391,16.947222,2026-05-21 09:00:00,precip_10min_interval,0.0,mm,2026-05-21T11:14:12.090497
MBA27,SERRONE(AZ.AGR.MANCINI),40.921391,16.947222,2026-05-21 09:00:00,rh_hourly,62.0,%,2026-05-21T11:14:10.044133
MBA27,SERRONE(AZ.AGR.MANCINI),40.921391,16.947222,2026-05-21 09:00:00,tair_hourly,19.9,°C,2026-05-21T11:14:08.938925
MBA27,SERRONE(AZ.AGR.MANCINI),40.921391,16.947222,2026-05-21 09:00:00,ws_2m_hourly,4.3,m/s,2026-05-21T11:14:17.623639
MBA28,MURGIA ANTICI,40.715557,17.106667,2026-05-21 09:00:00,precip_10min_interval,0.0,mm,2026-05-21T11:14:12.090558
MBA28,MURGIA ANTICI,40.715557,17.106667,2026-05-21 09:00:00,rh_hourly,66.0,%,2026-05-21T11:14:10.044142
MBA28,MURGIA ANTICI,40.715557,17.106667,2026-05-21 09:00:00,tair_hourly,19.1,°C,2026-05-21T11:14:08.938936
MBA28,MURGIA ANTICI,40.715557,17.106667,2026-05-21 09:00:00,ws_2m_hourly,5.1,m/s,2026-05-21T11:14:17.623699
MBA29,LAMENDOLA I,40.812222,17.164167,2026-05-21 09:00:00,precip_10min_interval,0.0,mm,2026-05-21T11:14:12.090618
MBA29,LAMENDOLA I,40.812222,17.164167,2026-05-21 09:00:00,rh_hourly,68.0,%,2026-05-21T11:14:10.044151
MBA29,LAMENDOLA I,40.812222,17.164167,2026-05-21 09:00:00,tair_hourly,18.4,°C,2026-05-21T11:14:08.938945
MBA29,LAMENDOLA I,40.812222,17.164167,2026-05-21 09:00:00,ws_2m_hourly,5.9,m/s,2026-05-21T11:14:17.623761
MBR30,FASCIANELLO,40.860279,17.364166,2026-05-21 09:00:00,precip_10min_interval,0.0,mm,2026-05-21T11:14:12.090679
MBR30,FASCIANELLO,40.860279,17.364166,2026-05-21 09:00:00,rh_hourly,62.0,%,2026-05-21T11:14:10.044160
MBR30,FASCIANELLO,40.860279,17.364166,2026-05-21 09:00:00,tair_hourly,20.9,°C,2026-05-21T11:14:08.938957
MBR30,FASCIANELLO,40.860279,17.364166,2026-05-21 09:00:00,ws_2m_hourly,6.0,m/s,2026-05-21T11:14:17.623823
MBR31,FERRUZZO,40.62389,17.497499,2026-05-21 09:00:00,precip_10min_interval,0.0,mm,2026-05-21T11:14:12.090793
MBR31,FERRUZZO,40.62389,17.497499,2026-05-21 09:00:00,rh_hourly,63.0,%,2026-05-21T11:14:10.044171
MBR31,FERRUZZO,40.62389,17.497499,2026-05-21 09:00:00,tair_hourly,20.1,°C,2026-05-21T11:14:08.938966
MBR31,FERRUZZO,40.62389,17.497499,2026-05-21 09:00:00,ws_2m_hourly,3.4,m/s,2026-05-21T11:14:17.623883
MFG01,S. LUCIA,41.470554,15.363889,2026-05-21 09:00:00,precip_10min_interval,0.0,mm,2026-05-21T11:14:12.090863
MFG01,S. LUCIA,41.470554,15.363889,2026-05-21 09:00:00,rh_hourly,57.0,%,2026-05-21T11:14:10.044180
MFG01,S. LUCIA,41.470554,15.363889,2026-05-21 09:00:00,tair_hourly,20.8,°C,2026-05-21T11:14:08.938978
MFG01,S. LUCIA,41.470554,15.363889,2026-05-21 09:00:00,ws_2m_hourly,1.3,m/s,2026-05-21T11:14:17.623947
MFG02,SERRA DEI BISI,41.347778,15.282778,2026-05-21 09:00:00,precip_10min_interval,0.0,mm,2026-05-21T11:14:12.090915
MFG02,SERRA DEI BISI,41.347778,15.282778,2026-05-21 09:00:00,rh_hourly,56.0,%,2026-05-21T11:14:10.044186
MFG02,SERRA DEI BISI,41.347778,15.282778,2026-05-21 09:00:00,tair_hourly,18.0,°C,2026-05-21T11:14:08.938985
MFG02,SERRA DEI BISI,41.347778,15.282778,2026-05-21 09:00:00,ws_2m_hourly,4.0,m/s,2026-05-21T11:14:17.624001
MFG03,LA PESCIA,41.40889,15.756667,2026-05-21 09:00:00,precip_10min_interval,0.0,mm,2026-05-21T11:14:12.090971
MFG03,LA PESCIA,41.40889,15.756667,2026-05-21 09:00:00,rh_hourly,63.0,%,2026-05-21T11:14:10.044194
MFG03,LA PESCIA,41.40889,15.756667,2026-05-21 09:00:00,tair_hourly,21.9,°C,2026-05-21T11:14:08.938991
MFG03,LA PESCIA,41.40889,15.756667,2026-05-21 09:00:00,ws_2m_hourly,4.0,m/s,2026-05-21T11:14:17.624055
MFG04,TRE SANTI,41.393612,15.848056,2026-05-21 09:00:00,precip_10min_interval,0.0,mm,2026-05-21T11:14:12.091027
MFG04,TRE SANTI,41.393612,15.848056,2026-05-21 09:00:00,rh_hourly,57.0,%,2026-05-21T11:14:10.044199
MFG04,TRE SANTI,41.393612,15.848056,2026-05-21 09:00:00,tair_hourly,22.6,°C,2026-05-21T11:14:08.938997
MFG04,TRE SANTI,41.393612,15.848056,2026-05-21 09:00:00,ws_2m_hourly,3.6,m/s,2026-05-21T11:14:17.624109
MFG05,RIVOLI,41.470833,15.929444,2026-05-21 09:00:00,precip_10min_interval,0.0,mm,2026-05-21T11:14:12.091079
MFG05,RIVOLI,41.470833,15.929444,2026-05-21 09:00:00,rh_hourly,45.0,%,2026-05-21T11:14:10.044205
MFG05,RIVOLI,41.470833,15.929444,2026-05-21 09:00:00,ws_2m_hourly,2.8,m/s,2026-05-21T11:14:17.624164
MFG06,TAVOLETTA,41.194168,15.932222,2026-05-21 09:00:00,precip_10min_interval,0.0,mm,2026-05-21T11:14:12.091135
MFG06,TAVOLETTA,41.194168,15.932222,2026-05-21 09:00:00,rh_hourly,63.0,%,2026-05-21T11:14:10.044232
MFG06,TAVOLETTA,41.194168,15.932222,2026-05-21 09:00:00,tair_hourly,21.1,°C,2026-05-21T11:14:08.939003
MFG06,TAVOLETTA,41.194168,15.932222,2026-05-21 09:00:00,ws_2m_hourly,5.7,m/s,2026-05-21T11:14:17.624229
MFG07,COPPA D'ORO,41.421665,15.606944,2026-05-21 09:00:00,rh_hourly,64.0,%,2026-05-21T11:14:10.044239
MFG07,COPPA D'ORO,41.421665,15.606944,2026-05-21 09:00:00,tair_hourly,21.1,°C,2026-05-21T11:14:08.939011
MFG07,COPPA D'ORO,41.421665,15.606944,2026-05-21 09:00:00,ws_2m_hourly,5.4,m/s,2026-05-21T11:14:17.624282
MFG09,ARIOLA,41.8325,15.859722,2026-05-21 09:00:00,precip_10min_interval,0.0,mm,2026-05-21T11:14:12.091200
MFG09,ARIOLA,41.8325,15.859722,2026-05-21 09:00:00,rh_hourly,65.0,%,2026-05-21T11:14:10.044245
MFG09,ARIOLA,41.8325,15.859722,2026-05-21 09:00:00,tair_hourly,20.3,°C,2026-05-21T11:14:08.939019
MFG09,ARIOLA,41.8325,15.859722,2026-05-21 09:00:00,ws_2m_hourly,0.9,m/s,2026-05-21T11:14:17.624344
MFG10,MATINE CARNE SALATA,41.651943,15.706389,2026-05-21 09:00:00,precip_10min_interval,0.0,mm,2026-05-21T11:14:12.091268
MFG10,MATINE CARNE SALATA,41.651943,15.706389,2026-05-21 09:00:00,rh_hourly,49.0,%,2026-05-21T11:14:10.044251
MFG10,MATINE CARNE SALATA,41.651943,15.706389,2026-05-21 09:00:00,tair_hourly,21.6,°C,2026-05-21T11:14:08.939027
MFG10,MATINE CARNE SALATA,41.651943,15.706389,2026-05-21 09:00:00,ws_2m_hourly,3.0,m/s,2026-05-21T11:14:17.624423
MFG11,SELVA DELLE GROTTE,41.714722,15.148056,2026-05-21 09:00:00,precip_10min_interval,0.0,mm,2026-05-21T11:14:12.091322
MFG11,SELVA DELLE GROTTE,41.714722,15.148056,2026-05-21 09:00:00,rh_hourly,57.0,%,2026-05-21T11:14:10.044256
MFG11,SELVA DELLE GROTTE,41.714722,15.148056,2026-05-21 09:00:00,tair_hourly,21.6,°C,2026-05-21T11:14:08.939033
MFG11,SELVA DELLE GROTTE,41.714722,15.148056,2026-05-21 09:00:00,ws_2m_hourly,6.8,m/s,2026-05-21T11:14:17.624533
MFG13,BISCIGLIETO,41.142502,15.662778,2026-05-21 09:00:00,precip_10min_interval,0.0,mm,2026-05-21T11:14:12.091378
MFG13,BISCIGLIETO,41.142502,15.662778,2026-05-21 09:00:00,rh_hourly,66.0,%,2026-05-21T11:14:10.044263
MFG13,BISCIGLIETO,41.142502,15.662778,2026-05-21 09:00:00,tair_hourly,18.3,°C,2026-05-21T11:14:08.939039
MFG13,BISCIGLIETO,41.142502,15.662778,2026-05-21 09:00:00,ws_2m_hourly,5.3,m/s,2026-05-21T11:14:17.624652
MFG14,S. LUCIA,41.922779,15.874722,2026-05-21 09:00:00,precip_10min_interval,0.0,mm,2026-05-21T11:14:12.091426
MFG14,S. LUCIA,41.922779,15.874722,2026-05-21 09:00:00,rh_hourly,73.0,%,2026-05-21T11:14:10.044275
MFG14,S. LUCIA,41.922779,15.874722,2026-05-21 09:00:00,tair_hourly,20.4,°C,2026-05-21T11:14:08.939046
MFG14,S. LUCIA,41.922779,15.874722,2026-05-21 09:00:00,ws_2m_hourly,1.2,m/s,2026-05-21T11:14:17.624743
MFG15,CASA LORDA,41.62389,15.403056,2026-05-21 09:00:00,precip_10min_interval,0.0,mm,2026-05-21T11:14:12.091483
MFG15,CASA LORDA,41.62389,15.403056,2026-05-21 09:00:00,rh_hourly,61.0,%,2026-05-21T11:14:10.044284
MFG15,CASA LORDA,41.62389,15.403056,2026-05-21 09:00:00,tair_hourly,21.3,°C,2026-05-21T11:14:08.939055
MFG15,CASA LORDA,41.62389,15.403056,2026-05-21 09:00:00,ws_2m_hourly,5.1,m/s,2026-05-21T11:14:17.624860
MFG16,QUERCIA COPPE,41.693054,15.756944,2026-05-21 09:00:00,precip_10min_interval,0.0,mm,2026-05-21T11:14:12.091540
MFG16,QUERCIA COPPE,41.693054,15.756944,2026-05-21 09:00:00,rh_hourly,71.0,%,2026-05-21T11:14:10.044292
MFG16,QUERCIA COPPE,41.693054,15.756944,2026-05-21 09:00:00,tair_hourly,17.1,°C,2026-05-21T11:14:08.939064
MFG16,QUERCIA COPPE,41.693054,15.756944,2026-05-21 09:00:00,ws_2m_hourly,4.6,m/s,2026-05-21T11:14:17.624965
MFG17,CARRO CHIUSO,41.284168,16.077223,2026-05-21 09:00:00,precip_10min_interval,0.0,mm,2026-05-21T11:14:12.091598
MFG17,CARRO CHIUSO,41.284168,16.077223,2026-05-21 09:00:00,rh_hourly,58.0,%,2026-05-21T11:14:10.044301
MFG17,CARRO CHIUSO,41.284168,16.077223,2026-05-21 09:00:00,tair_hourly,21.6,°C,2026-05-21T11:14:08.939075
MFG17,CARRO CHIUSO,41.284168,16.077223,2026-05-21 09:00:00,ws_2m_hourly,2.3,m/s,2026-05-21T11:14:17.625074
MFG18,VIESTE,41.901669,16.080557,2026-05-21 09:00:00,precip_10min_interval,0.0,mm,2026-05-21T11:14:12.091661
MFG18,VIESTE,41.901669,16.080557,2026-05-21 09:00:00,rh_hourly,64.0,%,2026-05-21T11:14:10.044310
MFG18,VIESTE,41.901669,16.080557,2026-05-21 09:00:00,tair_hourly,21.8,°C,2026-05-21T11:14:08.939084
MFG18,VIESTE,41.901669,16.080557,2026-05-21 09:00:00,ws_2m_hourly,2.2,m/s,2026-05-21T11:14:17.625178
MFG19,FOGGIA MONTEROZZI,41.521111,15.591944,2026-05-21 09:00:00,precip_10min_interval,0.0,mm,2026-05-21T11:14:12.091716
MFG19,FOGGIA MONTEROZZI,41.521111,15.591944,2026-05-21 09:00:00,tair_hourly,21.0,°C,2026-05-21T11:14:08.939093
MFG19,FOGGIA MONTEROZZI,41.521111,15.591944,2026-05-21 09:00:00,ws_2m_hourly,5.5,m/s,2026-05-21T11:14:17.625328
MLE34,BARBARO,39.980831,18.1525,2026-05-21 09:00:00,precip_10min_interval,0.0,mm,2026-05-21T11:14:12.091773
MLE34,BARBARO,39.980831,18.1525,2026-05-21 09:00:00,rh_hourly,56.0,%,2026-05-21T11:14:10.044322
MLE34,BARBARO,39.980831,18.1525,2026-05-21 09:00:00,tair_hourly,21.8,°C,2026-05-21T11:14:08.939102
MLE34,BARBARO,39.980831,18.1525,2026-05-21 09:00:00,ws_2m_hourly,5.1,m/s,2026-05-21T11:14:17.625454
MLE35,MALOPRA,40.225555,18.299168,2026-05-21 09:00:00,precip_10min_interval,0.0,mm,2026-05-21T11:14:12.091842
MLE35,MALOPRA,40.225555,18.299168,2026-05-21 09:00:00,rh_hourly,62.0,%,2026-05-21T11:14:10.044330
MLE35,MALOPRA,40.225555,18.299168,2026-05-21 09:00:00,tair_hourly,22.1,°C,2026-05-21T11:14:08.939113
MLE35,MALOPRA,40.225555,18.299168,2026-05-21 09:00:00,ws_2m_hourly,4.9,m/s,2026-05-21T11:14:17.625595
MTA32,MARTINA FRANCA,40.634724,17.277779,2026-05-21 09:00:00,precip_10min_interval,0.0,mm,2026-05-21T11:14:12.091909
MTA32,MARTINA FRANCA,40.634724,17.277779,2026-05-21 09:00:00,rh_hourly,58.0,%,2026-05-21T11:14:10.044339
MTA32,MARTINA FRANCA,40.634724,17.277779,2026-05-21 09:00:00,tair_hourly,20.2,°C,2026-05-21T11:14:08.939127
MTA32,MARTINA FRANCA,40.634724,17.277779,2026-05-21 09:00:00,ws_2m_hourly,2.0,m/s,2026-05-21T11:14:17.625728
0PU01,GUROLAMANNA,40.916111,16.447779,2026-05-21 09:10:00,precip_10min_interval,0.0,mm,2026-05-21T11:14:12.087686
0PU01,GUROLAMANNA,40.916111,16.447779,2026-05-21 09:10:00,ws_10m_hourly,8.3,m/s,2026-05-21T11:14:17.618046
0PU01,GUROLAMANNA,40.916111,16.447779,2026-05-21 09:10:00,ws_2m_hourly,5.9,m/s,2026-05-21T11:14:17.618040
0PU03,LIMELLI D'IMPERATORE,40.883057,16.3125,2026-05-21 09:10:00,precip_10min_interval,0.0,mm,2026-05-21T11:14:12.087778
0PU03,LIMELLI D'IMPERATORE,40.883057,16.3125,2026-05-21 09:10:00,ws_10m_hourly,6.3,m/s,2026-05-21T11:14:17.618192
0PU03,LIMELLI D'IMPERATORE,40.883057,16.3125,2026-05-21 09:10:00,ws_2m_hourly,4.2,m/s,2026-05-21T11:14:17.618186
0PU04,OTTAVA SEDICI,40.7925,17.481943,2026-05-21 09:10:00,precip_10min_interval,0.0,mm,2026-05-21T11:14:12.087846
0PU04,OTTAVA SEDICI,40.7925,17.481943,2026-05-21 09:10:00,ws_10m_hourly,5.3,m/s,2026-05-21T11:14:17.618348
0PU04,OTTAVA SEDICI,40.7925,17.481943,2026-05-21 09:10:00,ws_2m_hourly,2.1,m/s,2026-05-21T11:14:17.618345
0PU06,MAINE,40.543056,18.032223,2026-05-21 09:10:00,precip_10min_interval,0.0,mm,2026-05-21T11:14:12.087915
0PU06,MAINE,40.543056,18.032223,2026-05-21 09:10:00,ws_10m_hourly,5.3,m/s,2026-05-21T11:14:17.618425
0PU06,MAINE,40.543056,18.032223,2026-05-21 09:10:00,ws_2m_hourly,1.3,m/s,2026-05-21T11:14:17.618422
0PU07,TRIONFO,41.347221,15.744167,2026-05-21 09:10:00,precip_10min_interval,0.0,mm,2026-05-21T11:14:12.087985
0PU07,TRIONFO,41.347221,15.744167,2026-05-21 09:10:00,ws_10m_hourly,8.9,m/s,2026-05-21T11:14:17.618501
0PU07,TRIONFO,41.347221,15.744167,2026-05-21 09:10:00,ws_2m_hourly,2.6,m/s,2026-05-21T11:14:17.618498
0PU08,TORRETTA,41.542221,15.173889,2026-05-21 09:10:00,precip_10min_interval,0.0,mm,2026-05-21T11:14:12.088058
0PU08,TORRETTA,41.542221,15.173889,2026-05-21 09:10:00,ws_10m_hourly,6.7,m/s,2026-05-21T11:14:17.618586
0PU08,TORRETTA,41.542221,15.173889,2026-05-21 09:10:00,ws_2m_hourly,0.0,m/s,2026-05-21T11:14:17.618583
0PU10,FRASSANITO,40.237221,18.441389,2026-05-21 09:10:00,precip_10min_interval,0.0,mm,2026-05-21T11:14:12.088102
0PU10,FRASSANITO,40.237221,18.441389,2026-05-21 09:10:00,ws_10m_hourly,7.7,m/s,2026-05-21T11:14:17.618671
0PU10,FRASSANITO,40.237221,18.441389,2026-05-21 09:10:00,ws_2m_hourly,4.4,m/s,2026-05-21T11:14:17.618668
0PU11,BADESSA,40.470554,18.097221,2026-05-21 09:10:00,precip_10min_interval,0.0,mm,2026-05-21T11:14:12.088146
0PU11,BADESSA,40.470554,18.097221,2026-05-21 09:10:00,ws_10m_hourly,8.6,m/s,2026-05-21T11:14:17.618754
0PU11,BADESSA,40.470554,18.097221,2026-05-21 09:10:00,ws_2m_hourly,5.9,m/s,2026-05-21T11:14:17.618749
0PU12,CONTE,39.981945,18.067499,2026-05-21 09:10:00,precip_10min_interval,0.0,mm,2026-05-21T11:14:12.088187
0PU12,CONTE,39.981945,18.067499,2026-05-21 09:10:00,ws_10m_hourly,7.9,m/s,2026-05-21T11:14:17.618840
0PU12,CONTE,39.981945,18.067499,2026-05-21 09:10:00,ws_2m_hourly,1.7,m/s,2026-05-21T11:14:17.618836
0PU13,TORRICELLA,40.343334,17.487778,2026-05-21 09:10:00,precip_10min_interval,0.0,mm,2026-05-21T11:14:12.088246
0PU13,TORRICELLA,40.343334,17.487778,2026-05-21 09:10:00,ws_10m_hourly,8.8,m/s,2026-05-21T11:14:17.618922
0PU13,TORRICELLA,40.343334,17.487778,2026-05-21 09:10:00,ws_2m_hourly,4.9,m/s,2026-05-21T11:14:17.618919
0PU14,TAFURI,40.680832,16.867779,2026-05-21 09:10:00,precip_10min_interval,0.0,mm,2026-05-21T11:14:12.088293
0PU14,TAFURI,40.680832,16.867779,2026-05-21 09:10:00,ws_10m_hourly,7.7,m/s,2026-05-21T11:14:17.619011
0PU14,TAFURI,40.680832,16.867779,2026-05-21 09:10:00,ws_2m_hourly,3.9,m/s,2026-05-21T11:14:17.619008
0PU16,ANDRIA,41.202221,16.201944,2026-05-21 09:10:00,precip_10min_interval,0.0,mm,2026-05-21T11:14:12.088334
0PU16,ANDRIA,41.202221,16.201944,2026-05-21 09:10:00,ws_10m_hourly,2.7,m/s,2026-05-21T11:14:17.619093
0PU16,ANDRIA,41.202221,16.201944,2026-05-21 09:10:00,ws_2m_hourly,0.6,m/s,2026-05-21T11:14:17.619090
0PU17,OSTUNI-SAROLO,40.688332,17.413889,2026-05-21 09:10:00,precip_10min_interval,0.0,mm,2026-05-21T11:14:12.088377
0PU17,OSTUNI-SAROLO,40.688332,17.413889,2026-05-21 09:10:00,ws_10m_hourly,6.5,m/s,2026-05-21T11:14:17.619185
0PU17,OSTUNI-SAROLO,40.688332,17.413889,2026-05-21 09:10:00,ws_2m_hourly,3.8,m/s,2026-05-21T11:14:17.619181
0PU18,MONOPOLI,40.919445,17.294443,2026-05-21 09:10:00,precip_10min_interval,0.0,mm,2026-05-21T11:14:12.088424
0PU18,MONOPOLI,40.919445,17.294443,2026-05-21 09:10:00,ws_10m_hourly,6.7,m/s,2026-05-21T11:14:17.619292
0PU18,MONOPOLI,40.919445,17.294443,2026-05-21 09:10:00,ws_2m_hourly,4.4,m/s,2026-05-21T11:14:17.619289
0PU19,TERLIZZI,41.120834,16.549168,2026-05-21 09:10:00,precip_10min_interval,0.0,mm,2026-05-21T11:14:12.088470
0PU19,TERLIZZI,41.120834,16.549168,2026-05-21 09:10:00,ws_10m_hourly,3.4,m/s,2026-05-21T11:14:17.619386
0PU19,TERLIZZI,41.120834,16.549168,2026-05-21 09:10:00,ws_2m_hourly,1.0,m/s,2026-05-21T11:14:17.619383
0PU20,VILLA CASTELLI,40.553055,17.504444,2026-05-21 09:10:00,precip_10min_interval,0.0,mm,2026-05-21T11:14:12.088515
0PU20,VILLA CASTELLI,40.553055,17.504444,2026-05-21 09:10:00,ws_10m_hourly,6.6,m/s,2026-05-21T11:14:17.619475
0PU20,VILLA CASTELLI,40.553055,17.504444,2026-05-21 09:10:00,ws_2m_hourly,3.7,m/s,2026-05-21T11:14:17.619471
0PU21,CAROVIGNO,40.691944,17.630278,2026-05-21 09:10:00,precip_10min_interval,0.0,mm,2026-05-21T11:14:12.088563
0PU21,CAROVIGNO,40.691944,17.630278,2026-05-21 09:10:00,ws_10m_hourly,5.4,m/s,2026-05-21T11:14:17.619564
0PU21,CAROVIGNO,40.691944,17.630278,2026-05-21 09:10:00,ws_2m_hourly,1.9,m/s,2026-05-21T11:14:17.619561
0PU22,APRICENA,41.773335,15.438611,2026-05-21 09:10:00,precip_10min_interval,0.0,mm,2026-05-21T11:14:12.088608
0PU22,APRICENA,41.773335,15.438611,2026-05-21 09:10:00,ws_10m_hourly,6.0,m/s,2026-05-21T11:14:17.619656
0PU22,APRICENA,41.773335,15.438611,2026-05-21 09:10:00,ws_2m_hourly,1.6,m/s,2026-05-21T11:14:17.619653
0PU23,MANFREDONIA,41.541389,15.885833,2026-05-21 09:10:00,precip_10min_interval,0.0,mm,2026-05-21T11:14:12.088652
0PU23,MANFREDONIA,41.541389,15.885833,2026-05-21 09:10:00,ws_10m_hourly,6.4,m/s,2026-05-21T11:14:17.619743
0PU23,MANFREDONIA,41.541389,15.885833,2026-05-21 09:10:00,ws_2m_hourly,3.5,m/s,2026-05-21T11:14:17.619740
0PU25,NOCIGLIA,40.034443,18.313057,2026-05-21 09:10:00,precip_10min_interval,0.0,mm,2026-05-21T11:14:12.088698
0PU25,NOCIGLIA,40.034443,18.313057,2026-05-21 09:10:00,ws_10m_hourly,7.4,m/s,2026-05-21T11:14:17.619839
0PU25,NOCIGLIA,40.034443,18.313057,2026-05-21 09:10:00,ws_2m_hourly,4.5,m/s,2026-05-21T11:14:17.619836
0PU27,GROTTAGLIE,40.53389,17.362778,2026-05-21 09:10:00,ws_10m_hourly,4.8,m/s,2026-05-21T11:14:17.619927
0PU27,GROTTAGLIE,40.53389,17.362778,2026-05-21 09:10:00,ws_2m_hourly,2.7,m/s,2026-05-21T11:14:17.619924
0PU28,TRANI,41.247501,16.415556,2026-05-21 09:10:00,precip_10min_interval,0.0,mm,2026-05-21T11:14:12.088741
0PU28,TRANI,41.247501,16.415556,2026-05-21 09:10:00,ws_10m_hourly,4.6,m/s,2026-05-21T11:14:17.620073
0PU28,TRANI,41.247501,16.415556,2026-05-21 09:10:00,ws_2m_hourly,2.8,m/s,2026-05-21T11:14:17.620070
0PU30,NOICATTARO,41.021942,16.967777,2026-05-21 09:10:00,precip_10min_interval,0.0,mm,2026-05-21T11:14:12.088789
0PU30,NOICATTARO,41.021942,16.967777,2026-05-21 09:10:00,ws_10m_hourly,8.3,m/s,2026-05-21T11:14:17.620168
0PU30,NOICATTARO,41.021942,16.967777,2026-05-21 09:10:00,ws_2m_hourly,4.9,m/s,2026-05-21T11:14:17.620165
0PU31,ALBEROBELLO,40.790558,17.233334,2026-05-21 09:10:00,precip_10min_interval,0.0,mm,2026-05-21T11:14:12.088837
0PU31,ALBEROBELLO,40.790558,17.233334,2026-05-21 09:10:00,ws_10m_hourly,6.3,m/s,2026-05-21T11:14:17.620278
0PU31,ALBEROBELLO,40.790558,17.233334,2026-05-21 09:10:00,ws_2m_hourly,3.4,m/s,2026-05-21T11:14:17.620275
0PU33,MOCCARI,40.558334,17.851667,2026-05-21 09:10:00,precip_10min_interval,0.0,mm,2026-05-21T11:14:12.088885
0PU33,MOCCARI,40.558334,17.851667,2026-05-21 09:10:00,ws_10m_hourly,8.1,m/s,2026-05-21T11:14:17.620381
0PU33,MOCCARI,40.558334,17.851667,2026-05-21 09:10:00,ws_2m_hourly,5.9,m/s,2026-05-21T11:14:17.620376
0PU34,LATIANO,40.548332,17.688057,2026-05-21 09:10:00,precip_10min_interval,0.0,mm,2026-05-21T11:14:12.088934
0PU34,LATIANO,40.548332,17.688057,2026-05-21 09:10:00,ws_10m_hourly,3.4,m/s,2026-05-21T11:14:17.620481
0PU34,LATIANO,40.548332,17.688057,2026-05-21 09:10:00,ws_2m_hourly,2.8,m/s,2026-05-21T11:14:17.620476
0PU35,SAN VITO DEI NORMANNI,40.629166,17.73361,2026-05-21 09:10:00,precip_10min_interval,0.0,mm,2026-05-21T11:14:12.088982
0PU35,SAN VITO DEI NORMANNI,40.629166,17.73361,2026-05-21 09:10:00,ws_10m_hourly,8.0,m/s,2026-05-21T11:14:17.620577
0PU35,SAN VITO DEI NORMANNI,40.629166,17.73361,2026-05-21 09:10:00,ws_2m_hourly,5.2,m/s,2026-05-21T11:14:17.620574
0PU36,VILLANOVA,41.654167,15.586667,2026-05-21 09:10:00,precip_10min_interval,0.0,mm,2026-05-21T11:14:12.089030
0PU36,VILLANOVA,41.654167,15.586667,2026-05-21 09:10:00,ws_10m_hourly,9.9,m/s,2026-05-21T11:14:17.620675
0PU36,VILLANOVA,41.654167,15.586667,2026-05-21 09:10:00,ws_2m_hourly,5.4,m/s,2026-05-21T11:14:17.620672
0PU37,TROIA,41.336388,15.382778,2026-05-21 09:10:00,precip_10min_interval,0.0,mm,2026-05-21T11:14:12.089081
0PU37,TROIA,41.336388,15.382778,2026-05-21 09:10:00,ws_10m_hourly,9.1,m/s,2026-05-21T11:14:17.620772
0PU37,TROIA,41.336388,15.382778,2026-05-21 09:10:00,ws_2m_hourly,7.8,m/s,2026-05-21T11:14:17.620769
0PU38,BORGO LA ROCCA,41.558334,15.516111,2026-05-21 09:10:00,precip_10min_interval,0.0,mm,2026-05-21T11:14:12.089128
0PU38,BORGO LA ROCCA,41.558334,15.516111,2026-05-21 09:10:00,ws_10m_hourly,6.5,m/s,2026-05-21T11:14:17.620870
0PU38,BORGO LA ROCCA,41.558334,15.516111,2026-05-21 09:10:00,ws_2m_hourly,4.6,m/s,2026-05-21T11:14:17.620867
0PU40,ARCHE,40.273888,18.013611,2026-05-21 09:10:00,precip_10min_interval,0.0,mm,2026-05-21T11:14:12.089175
0PU40,ARCHE,40.273888,18.013611,2026-05-21 09:10:00,ws_10m_hourly,6.9,m/s,2026-05-21T11:14:17.620965
0PU40,ARCHE,40.273888,18.013611,2026-05-21 09:10:00,ws_2m_hourly,3.5,m/s,2026-05-21T11:14:17.620962
0PU41,LECCE,40.326668,18.139999,2026-05-21 09:10:00,precip_10min_interval,0.0,mm,2026-05-21T11:14:12.089230
0PU41,LECCE,40.326668,18.139999,2026-05-21 09:10:00,ws_10m_hourly,5.1,m/s,2026-05-21T11:14:17.621060
0PU41,LECCE,40.326668,18.139999,2026-05-21 09:10:00,ws_2m_hourly,3.7,m/s,2026-05-21T11:14:17.621057
0PU42,SALICE SALENTINO,40.390556,17.875278,2026-05-21 09:10:00,precip_10min_interval,0.0,mm,2026-05-21T11:14:12.089277
0PU42,SALICE SALENTINO,40.390556,17.875278,2026-05-21 09:10:00,ws_10m_hourly,8.6,m/s,2026-05-21T11:14:17.621149
0PU42,SALICE SALENTINO,40.390556,17.875278,2026-05-21 09:10:00,ws_2m_hourly,6.3,m/s,2026-05-21T11:14:17.621146
0PU43,LUCUGNANO,39.930279,18.3225,2026-05-21 09:10:00,precip_10min_interval,0.0,mm,2026-05-21T11:14:12.089328
0PU43,LUCUGNANO,39.930279,18.3225,2026-05-21 09:10:00,ws_10m_hourly,4.8,m/s,2026-05-21T11:14:17.621257
0PU43,LUCUGNANO,39.930279,18.3225,2026-05-21 09:10:00,ws_2m_hourly,2.7,m/s,2026-05-21T11:14:17.621254
0PU44,MANDURIA,40.381943,17.621111,2026-05-21 09:10:00,precip_10min_interval,0.0,mm,2026-05-21T11:14:12.089374
0PU44,MANDURIA,40.381943,17.621111,2026-05-21 09:10:00,ws_10m_hourly,7.3,m/s,2026-05-21T11:14:17.621362
0PU44,MANDURIA,40.381943,17.621111,2026-05-21 09:10:00,ws_2m_hourly,5.8,m/s,2026-05-21T11:14:17.621358
0PU45,MOTTOLA,40.675556,16.996111,2026-05-21 09:10:00,precip_10min_interval,0.0,mm,2026-05-21T11:14:12.089426
0PU45,MOTTOLA,40.675556,16.996111,2026-05-21 09:10:00,ws_10m_hourly,7.4,m/s,2026-05-21T11:14:17.621455
0PU45,MOTTOLA,40.675556,16.996111,2026-05-21 09:10:00,ws_2m_hourly,4.3,m/s,2026-05-21T11:14:17.621452
0PU46,MASSAFRA,40.582779,17.091944,2026-05-21 09:10:00,precip_10min_interval,0.0,mm,2026-05-21T11:14:12.089471
0PU46,MASSAFRA,40.582779,17.091944,2026-05-21 09:10:00,ws_10m_hourly,4.7,m/s,2026-05-21T11:14:17.621553
0PU46,MASSAFRA,40.582779,17.091944,2026-05-21 09:10:00,ws_2m_hourly,3.1,m/s,2026-05-21T11:14:17.621550
0PU47,CASTELLANETA,40.494446,16.878889,2026-05-21 09:10:00,precip_10min_interval,0.0,mm,2026-05-21T11:14:12.089519
0PU47,CASTELLANETA,40.494446,16.878889,2026-05-21 09:10:00,ws_10m_hourly,5.2,m/s,2026-05-21T11:14:17.621649
0PU47,CASTELLANETA,40.494446,16.878889,2026-05-21 09:10:00,ws_2m_hourly,2.4,m/s,2026-05-21T11:14:17.621646
0PU48,BARI C.N.R. IRSA,41.116943,16.820557,2026-05-21 09:10:00,precip_10min_interval,0.0,mm,2026-05-21T11:14:12.089570
0PU48,BARI C.N.R. IRSA,41.116943,16.820557,2026-05-21 09:10:00,ws_10m_hourly,5.2,m/s,2026-05-21T11:14:17.621749
0PU48,BARI C.N.R. IRSA,41.116943,16.820557,2026-05-21 09:10:00,ws_2m_hourly,3.6,m/s,2026-05-21T11:14:17.621746
0PU49,LOCOROTONDO ITAS,40.757221,17.340834,2026-05-21 09:10:00,precip_10min_interval,0.0,mm,2026-05-21T11:14:12.089618
0PU49,LOCOROTONDO ITAS,40.757221,17.340834,2026-05-21 09:10:00,ws_10m_hourly,6.3,m/s,2026-05-21T11:14:17.621845
0PU49,LOCOROTONDO ITAS,40.757221,17.340834,2026-05-21 09:10:00,ws_2m_hourly,4.5,m/s,2026-05-21T11:14:17.621842
0PU53,TORITTO,40.957222,16.567223,2026-05-21 09:10:00,precip_10min_interval,0.0,mm,2026-05-21T11:14:12.089666
0PU53,TORITTO,40.957222,16.567223,2026-05-21 09:10:00,ws_10m_hourly,8.0,m/s,2026-05-21T11:14:17.621941
0PU53,TORITTO,40.957222,16.567223,2026-05-21 09:10:00,ws_2m_hourly,6.3,m/s,2026-05-21T11:14:17.621938
0PU54,TORRE SANTA SUSANNA,40.459442,17.724722,2026-05-21 09:10:00,precip_10min_interval,0.0,mm,2026-05-21T11:14:12.089714
0PU54,TORRE SANTA SUSANNA,40.459442,17.724722,2026-05-21 09:10:00,ws_10m_hourly,7.5,m/s,2026-05-21T11:14:17.622043
0PU54,TORRE SANTA SUSANNA,40.459442,17.724722,2026-05-21 09:10:00,ws_2m_hourly,1.6,m/s,2026-05-21T11:14:17.622039
0PU55,LESINA-RIPALTA,41.8475,15.266111,2026-05-21 09:10:00,precip_10min_interval,0.0,mm,2026-05-21T11:14:12.089762
0PU55,LESINA-RIPALTA,41.8475,15.266111,2026-05-21 09:10:00,ws_10m_hourly,7.3,m/s,2026-05-21T11:14:17.622138
0PU55,LESINA-RIPALTA,41.8475,15.266111,2026-05-21 09:10:00,ws_2m_hourly,5.3,m/s,2026-05-21T11:14:17.622135
0PU56,CARLANTINO,41.588333,14.983611,2026-05-21 09:10:00,precip_10min_interval,0.0,mm,2026-05-21T11:14:12.089812
0PU56,CARLANTINO,41.588333,14.983611,2026-05-21 09:10:00,ws_10m_hourly,9.0,m/s,2026-05-21T11:14:17.622248
0PU56,CARLANTINO,41.588333,14.983611,2026-05-21 09:10:00,ws_2m_hourly,7.2,m/s,2026-05-21T11:14:17.622245
0PU57,SANT'AGATA DI PUGLIA,41.150276,15.46,2026-05-21 09:10:00,precip_10min_interval,0.0,mm,2026-05-21T11:14:12.089860
0PU57,SANT'AGATA DI PUGLIA,41.150276,15.46,2026-05-21 09:10:00,ws_10m_hourly,7.9,m/s,2026-05-21T11:14:17.622361
0PU57,SANT'AGATA DI PUGLIA,41.150276,15.46,2026-05-21 09:10:00,ws_2m_hourly,5.2,m/s,2026-05-21T11:14:17.622358
0PU58,GINOSA,40.556389,16.843611,2026-05-21 09:10:00,precip_10min_interval,0.0,mm,2026-05-21T11:14:12.089915
0PU58,GINOSA,40.556389,16.843611,2026-05-21 09:10:00,ws_10m_hourly,7.0,m/s,2026-05-21T11:14:17.622468
0PU58,GINOSA,40.556389,16.843611,2026-05-21 09:10:00,ws_2m_hourly,5.0,m/s,2026-05-21T11:14:17.622465
0PU59,PALAGIANELLO,40.578335,16.975279,2026-05-21 09:10:00,precip_10min_interval,0.0,mm,2026-05-21T11:14:12.089969
0PU59,PALAGIANELLO,40.578335,16.975279,2026-05-21 09:10:00,ws_10m_hourly,7.4,m/s,2026-05-21T11:14:17.622641
0PU59,PALAGIANELLO,40.578335,16.975279,2026-05-21 09:10:00,ws_2m_hourly,5.1,m/s,2026-05-21T11:14:17.622638
0PU60,MINERVINO DI LECCE,40.093613,18.418612,2026-05-21 09:10:00,precip_10min_interval,0.0,mm,2026-05-21T11:14:12.090022
0PU60,MINERVINO DI LECCE,40.093613,18.418612,2026-05-21 09:10:00,ws_10m_hourly,7.1,m/s,2026-05-21T11:14:17.623078
0PU60,MINERVINO DI LECCE,40.093613,18.418612,2026-05-21 09:10:00,ws_2m_hourly,4.9,m/s,2026-05-21T11:14:17.623075
0PU61,NARDO',40.171391,17.976389,2026-05-21 09:10:00,precip_10min_interval,0.0,mm,2026-05-21T11:14:12.090081
0PU61,NARDO',40.171391,17.976389,2026-05-21 09:10:00,ws_10m_hourly,7.7,m/s,2026-05-21T11:14:17.623188
0PU61,NARDO',40.171391,17.976389,2026-05-21 09:10:00,ws_2m_hourly,3.2,m/s,2026-05-21T11:14:17.623185
MBA20,IPSAA,41.22139,16.049723,2026-05-21 09:10:00,precip_10min_interval,0.0,mm,2026-05-21T11:14:12.090135
MBA20,IPSAA,41.22139,16.049723,2026-05-21 09:10:00,ws_2m_hourly,2.5,m/s,2026-05-21T11:14:17.623289
MBA21,MONTEGROSSO,41.132778,16.185833,2026-05-21 09:10:00,precip_10min_interval,0.0,mm,2026-05-21T11:14:12.090190
MBA21,MONTEGROSSO,41.132778,16.185833,2026-05-21 09:10:00,ws_2m_hourly,1.8,m/s,2026-05-21T11:14:17.623346
MBA22,S.P. SANTERAMO,40.80611,16.591389,2026-05-21 09:10:00,precip_10min_interval,0.0,mm,2026-05-21T11:14:12.090263
MBA22,S.P. SANTERAMO,40.80611,16.591389,2026-05-21 09:10:00,ws_2m_hourly,5.0,m/s,2026-05-21T11:14:17.623406
MBA24,CASSANO DELLE MURGE,40.918888,16.78861,2026-05-21 09:10:00,precip_10min_interval,0.0,mm,2026-05-21T11:14:12.090318
MBA24,CASSANO DELLE MURGE,40.918888,16.78861,2026-05-21 09:10:00,ws_2m_hourly,5.9,m/s,2026-05-21T11:14:17.623464
MBA25,SANTERAMO IN COLLE,40.78611,16.775833,2026-05-21 09:10:00,precip_10min_interval,0.0,mm,2026-05-21T11:14:12.090381
MBA25,SANTERAMO IN COLLE,40.78611,16.775833,2026-05-21 09:10:00,ws_2m_hourly,3.8,m/s,2026-05-21T11:14:17.623524
MBA26,CAMPO SPER. UNIBA,41.023609,16.906389,2026-05-21 09:10:00,precip_10min_interval,0.0,mm,2026-05-21T11:14:12.090441
MBA26,CAMPO SPER. UNIBA,41.023609,16.906389,2026-05-21 09:10:00,ws_2m_hourly,2.7,m/s,2026-05-21T11:14:17.623582
MBA27,SERRONE(AZ.AGR.MANCINI),40.921391,16.947222,2026-05-21 09:10:00,precip_10min_interval,0.0,mm,2026-05-21T11:14:12.090500
MBA27,SERRONE(AZ.AGR.MANCINI),40.921391,16.947222,2026-05-21 09:10:00,ws_2m_hourly,4.4,m/s,2026-05-21T11:14:17.623642
MBA28,MURGIA ANTICI,40.715557,17.106667,2026-05-21 09:10:00,precip_10min_interval,0.0,mm,2026-05-21T11:14:12.090561
MBA28,MURGIA ANTICI,40.715557,17.106667,2026-05-21 09:10:00,ws_2m_hourly,5.5,m/s,2026-05-21T11:14:17.623702
MBA29,LAMENDOLA I,40.812222,17.164167,2026-05-21 09:10:00,precip_10min_interval,0.0,mm,2026-05-21T11:14:12.090621
MBA29,LAMENDOLA I,40.812222,17.164167,2026-05-21 09:10:00,ws_2m_hourly,5.5,m/s,2026-05-21T11:14:17.623764
MBR30,FASCIANELLO,40.860279,17.364166,2026-05-21 09:10:00,precip_10min_interval,0.0,mm,2026-05-21T11:14:12.090682
MBR30,FASCIANELLO,40.860279,17.364166,2026-05-21 09:10:00,ws_2m_hourly,6.1,m/s,2026-05-21T11:14:17.623826
MBR31,FERRUZZO,40.62389,17.497499,2026-05-21 09:10:00,precip_10min_interval,0.0,mm,2026-05-21T11:14:12.090798
MBR31,FERRUZZO,40.62389,17.497499,2026-05-21 09:10:00,ws_2m_hourly,3.5,m/s,2026-05-21T11:14:17.623886
MFG01,S. LUCIA,41.470554,15.363889,2026-05-21 09:10:00,precip_10min_interval,0.0,mm,2026-05-21T11:14:12.090866
MFG01,S. LUCIA,41.470554,15.363889,2026-05-21 09:10:00,ws_2m_hourly,1.5,m/s,2026-05-21T11:14:17.623950
MFG02,SERRA DEI BISI,41.347778,15.282778,2026-05-21 09:10:00,precip_10min_interval,0.0,mm,2026-05-21T11:14:12.090918
MFG02,SERRA DEI BISI,41.347778,15.282778,2026-05-21 09:10:00,ws_2m_hourly,3.0,m/s,2026-05-21T11:14:17.624006
MFG03,LA PESCIA,41.40889,15.756667,2026-05-21 09:10:00,precip_10min_interval,0.0,mm,2026-05-21T11:14:12.090974
MFG03,LA PESCIA,41.40889,15.756667,2026-05-21 09:10:00,ws_2m_hourly,3.9,m/s,2026-05-21T11:14:17.624058
MFG04,TRE SANTI,41.393612,15.848056,2026-05-21 09:10:00,precip_10min_interval,0.0,mm,2026-05-21T11:14:12.091030
MFG04,TRE SANTI,41.393612,15.848056,2026-05-21 09:10:00,ws_2m_hourly,4.2,m/s,2026-05-21T11:14:17.624112
MFG05,RIVOLI,41.470833,15.929444,2026-05-21 09:10:00,precip_10min_interval,0.0,mm,2026-05-21T11:14:12.091082
MFG05,RIVOLI,41.470833,15.929444,2026-05-21 09:10:00,ws_2m_hourly,2.5,m/s,2026-05-21T11:14:17.624167
MFG06,TAVOLETTA,41.194168,15.932222,2026-05-21 09:10:00,precip_10min_interval,0.0,mm,2026-05-21T11:14:12.091138
MFG06,TAVOLETTA,41.194168,15.932222,2026-05-21 09:10:00,ws_2m_hourly,5.4,m/s,2026-05-21T11:14:17.624232
MFG07,COPPA D'ORO,41.421665,15.606944,2026-05-21 09:10:00,ws_2m_hourly,5.8,m/s,2026-05-21T11:14:17.624287
MFG09,ARIOLA,41.8325,15.859722,2026-05-21 09:10:00,precip_10min_interval,0.0,mm,2026-05-21T11:14:12.091203
MFG09,ARIOLA,41.8325,15.859722,2026-05-21 09:10:00,ws_2m_hourly,0.8,m/s,2026-05-21T11:14:17.624347
MFG10,MATINE CARNE SALATA,41.651943,15.706389,2026-05-21 09:10:00,precip_10min_interval,0.0,mm,2026-05-21T11:14:12.091271
MFG10,MATINE CARNE SALATA,41.651943,15.706389,2026-05-21 09:10:00,ws_2m_hourly,3.0,m/s,2026-05-21T11:14:17.624429
MFG11,SELVA DELLE GROTTE,41.714722,15.148056,2026-05-21 09:10:00,precip_10min_interval,0.0,mm,2026-05-21T11:14:12.091325
MFG11,SELVA DELLE GROTTE,41.714722,15.148056,2026-05-21 09:10:00,ws_2m_hourly,6.5,m/s,2026-05-21T11:14:17.624540
MFG13,BISCIGLIETO,41.142502,15.662778,2026-05-21 09:10:00,precip_10min_interval,0.0,mm,2026-05-21T11:14:12.091381
MFG13,BISCIGLIETO,41.142502,15.662778,2026-05-21 09:10:00,ws_2m_hourly,6.2,m/s,2026-05-21T11:14:17.624658
MFG14,S. LUCIA,41.922779,15.874722,2026-05-21 09:10:00,precip_10min_interval,0.0,mm,2026-05-21T11:14:12.091429
MFG14,S. LUCIA,41.922779,15.874722,2026-05-21 09:10:00,ws_2m_hourly,1.1,m/s,2026-05-21T11:14:17.624750
MFG15,CASA LORDA,41.62389,15.403056,2026-05-21 09:10:00,precip_10min_interval,0.0,mm,2026-05-21T11:14:12.091486
MFG15,CASA LORDA,41.62389,15.403056,2026-05-21 09:10:00,ws_2m_hourly,4.8,m/s,2026-05-21T11:14:17.624865
MFG16,QUERCIA COPPE,41.693054,15.756944,2026-05-21 09:10:00,precip_10min_interval,0.0,mm,2026-05-21T11:14:12.091543
MFG16,QUERCIA COPPE,41.693054,15.756944,2026-05-21 09:10:00,ws_2m_hourly,4.1,m/s,2026-05-21T11:14:17.624971
MFG17,CARRO CHIUSO,41.284168,16.077223,2026-05-21 09:10:00,precip_10min_interval,0.0,mm,2026-05-21T11:14:12.091601
MFG17,CARRO CHIUSO,41.284168,16.077223,2026-05-21 09:10:00,ws_2m_hourly,2.3,m/s,2026-05-21T11:14:17.625079
MFG18,VIESTE,41.901669,16.080557,2026-05-21 09:10:00,precip_10min_interval,0.0,mm,2026-05-21T11:14:12.091664
MFG18,VIESTE,41.901669,16.080557,2026-05-21 09:10:00,ws_2m_hourly,2.1,m/s,2026-05-21T11:14:17.625183
MFG19,FOGGIA MONTEROZZI,41.521111,15.591944,2026-05-21 09:10:00,precip_10min_interval,0.0,mm,2026-05-21T11:14:12.091721
MFG19,FOGGIA MONTEROZZI,41.521111,15.591944,2026-05-21 09:10:00,ws_2m_hourly,5.5,m/s,2026-05-21T11:14:17.625338
MLE34,BARBARO,39.980831,18.1525,2026-05-21 09:10:00,precip_10min_interval,0.0,mm,2026-05-21T11:14:12.091776
MLE34,BARBARO,39.980831,18.1525,2026-05-21 09:10:00,ws_2m_hourly,4.7,m/s,2026-05-21T11:14:17.625460
MLE35,MALOPRA,40.225555,18.299168,2026-05-21 09:10:00,precip_10min_interval,0.0,mm,2026-05-21T11:14:12.091845
MLE35,MALOPRA,40.225555,18.299168,2026-05-21 09:10:00,ws_2m_hourly,4.4,m/s,2026-05-21T11:14:17.625603
MTA32,MARTINA FRANCA,40.634724,17.277779,2026-05-21 09:10:00,precip_10min_interval,0.0,mm,2026-05-21T11:14:12.091912
MTA32,MARTINA FRANCA,40.634724,17.277779,2026-05-21 09:10:00,ws_2m_hourly,2.3,m/s,2026-05-21T11:14:17.625735
0PU01,GUROLAMANNA,40.916111,16.447779,2026-05-21 09:20:00,precip_10min_interval,0.0,mm,2026-05-21T11:14:12.087689
0PU01,GUROLAMANNA,40.916111,16.447779,2026-05-21 09:20:00,ws_10m_hourly,8.5,m/s,2026-05-21T11:14:17.618060
0PU01,GUROLAMANNA,40.916111,16.447779,2026-05-21 09:20:00,ws_2m_hourly,6.1,m/s,2026-05-21T11:14:17.618055
0PU03,LIMELLI D'IMPERATORE,40.883057,16.3125,2026-05-21 09:20:00,precip_10min_interval,0.0,mm,2026-05-21T11:14:12.087785
0PU03,LIMELLI D'IMPERATORE,40.883057,16.3125,2026-05-21 09:20:00,ws_10m_hourly,6.2,m/s,2026-05-21T11:14:17.618203
0PU03,LIMELLI D'IMPERATORE,40.883057,16.3125,2026-05-21 09:20:00,ws_2m_hourly,4.0,m/s,2026-05-21T11:14:17.618197
0PU04,OTTAVA SEDICI,40.7925,17.481943,2026-05-21 09:20:00,precip_10min_interval,0.0,mm,2026-05-21T11:14:12.087852
0PU04,OTTAVA SEDICI,40.7925,17.481943,2026-05-21 09:20:00,ws_10m_hourly,5.3,m/s,2026-05-21T11:14:17.618354
0PU04,OTTAVA SEDICI,40.7925,17.481943,2026-05-21 09:20:00,ws_2m_hourly,2.0,m/s,2026-05-21T11:14:17.618351
0PU06,MAINE,40.543056,18.032223,2026-05-21 09:20:00,precip_10min_interval,0.0,mm,2026-05-21T11:14:12.087921
0PU06,MAINE,40.543056,18.032223,2026-05-21 09:20:00,ws_10m_hourly,5.6,m/s,2026-05-21T11:14:17.618431
0PU06,MAINE,40.543056,18.032223,2026-05-21 09:20:00,ws_2m_hourly,1.5,m/s,2026-05-21T11:14:17.618428
0PU07,TRIONFO,41.347221,15.744167,2026-05-21 09:20:00,precip_10min_interval,0.0,mm,2026-05-21T11:14:12.087993
0PU07,TRIONFO,41.347221,15.744167,2026-05-21 09:20:00,ws_10m_hourly,7.9,m/s,2026-05-21T11:14:17.618509
0PU07,TRIONFO,41.347221,15.744167,2026-05-21 09:20:00,ws_2m_hourly,2.0,m/s,2026-05-21T11:14:17.618504
0PU08,TORRETTA,41.542221,15.173889,2026-05-21 09:20:00,precip_10min_interval,0.0,mm,2026-05-21T11:14:12.088061
0PU08,TORRETTA,41.542221,15.173889,2026-05-21 09:20:00,ws_10m_hourly,6.6,m/s,2026-05-21T11:14:17.618592
0PU08,TORRETTA,41.542221,15.173889,2026-05-21 09:20:00,ws_2m_hourly,0.0,m/s,2026-05-21T11:14:17.618589
0PU10,FRASSANITO,40.237221,18.441389,2026-05-21 09:20:00,precip_10min_interval,0.0,mm,2026-05-21T11:14:12.088105
0PU10,FRASSANITO,40.237221,18.441389,2026-05-21 09:20:00,ws_10m_hourly,7.7,m/s,2026-05-21T11:14:17.618677
0PU10,FRASSANITO,40.237221,18.441389,2026-05-21 09:20:00,ws_2m_hourly,4.4,m/s,2026-05-21T11:14:17.618674
0PU11,BADESSA,40.470554,18.097221,2026-05-21 09:20:00,precip_10min_interval,0.0,mm,2026-05-21T11:14:12.088149
0PU11,BADESSA,40.470554,18.097221,2026-05-21 09:20:00,ws_10m_hourly,7.6,m/s,2026-05-21T11:14:17.618760
0PU11,BADESSA,40.470554,18.097221,2026-05-21 09:20:00,ws_2m_hourly,5.3,m/s,2026-05-21T11:14:17.618757
0PU12,CONTE,39.981945,18.067499,2026-05-21 09:20:00,precip_10min_interval,0.0,mm,2026-05-21T11:14:12.088190
0PU12,CONTE,39.981945,18.067499,2026-05-21 09:20:00,ws_10m_hourly,6.9,m/s,2026-05-21T11:14:17.618846
0PU12,CONTE,39.981945,18.067499,2026-05-21 09:20:00,ws_2m_hourly,1.5,m/s,2026-05-21T11:14:17.618843
0PU13,TORRICELLA,40.343334,17.487778,2026-05-21 09:20:00,precip_10min_interval,0.0,mm,2026-05-21T11:14:12.088250
0PU13,TORRICELLA,40.343334,17.487778,2026-05-21 09:20:00,ws_10m_hourly,8.9,m/s,2026-05-21T11:14:17.618930
0PU13,TORRICELLA,40.343334,17.487778,2026-05-21 09:20:00,ws_2m_hourly,4.9,m/s,2026-05-21T11:14:17.618926
0PU14,TAFURI,40.680832,16.867779,2026-05-21 09:20:00,precip_10min_interval,0.0,mm,2026-05-21T11:14:12.088296
0PU14,TAFURI,40.680832,16.867779,2026-05-21 09:20:00,ws_10m_hourly,8.2,m/s,2026-05-21T11:14:17.619018
0PU14,TAFURI,40.680832,16.867779,2026-05-21 09:20:00,ws_2m_hourly,4.4,m/s,2026-05-21T11:14:17.619015
0PU16,ANDRIA,41.202221,16.201944,2026-05-21 09:20:00,precip_10min_interval,0.0,mm,2026-05-21T11:14:12.088337
0PU16,ANDRIA,41.202221,16.201944,2026-05-21 09:20:00,ws_10m_hourly,2.7,m/s,2026-05-21T11:14:17.619101
0PU16,ANDRIA,41.202221,16.201944,2026-05-21 09:20:00,ws_2m_hourly,0.7,m/s,2026-05-21T11:14:17.619096
0PU17,OSTUNI-SAROLO,40.688332,17.413889,2026-05-21 09:20:00,precip_10min_interval,0.0,mm,2026-05-21T11:14:12.088380
0PU17,OSTUNI-SAROLO,40.688332,17.413889,2026-05-21 09:20:00,ws_10m_hourly,6.4,m/s,2026-05-21T11:14:17.619191
0PU17,OSTUNI-SAROLO,40.688332,17.413889,2026-05-21 09:20:00,ws_2m_hourly,3.7,m/s,2026-05-21T11:14:17.619188
0PU18,MONOPOLI,40.919445,17.294443,2026-05-21 09:20:00,precip_10min_interval,0.0,mm,2026-05-21T11:14:12.088427
0PU18,MONOPOLI,40.919445,17.294443,2026-05-21 09:20:00,ws_10m_hourly,6.9,m/s,2026-05-21T11:14:17.619299
0PU18,MONOPOLI,40.919445,17.294443,2026-05-21 09:20:00,ws_2m_hourly,4.4,m/s,2026-05-21T11:14:17.619295
0PU19,TERLIZZI,41.120834,16.549168,2026-05-21 09:20:00,precip_10min_interval,0.0,mm,2026-05-21T11:14:12.088474
0PU19,TERLIZZI,41.120834,16.549168,2026-05-21 09:20:00,ws_10m_hourly,3.7,m/s,2026-05-21T11:14:17.619392
0PU19,TERLIZZI,41.120834,16.549168,2026-05-21 09:20:00,ws_2m_hourly,1.1,m/s,2026-05-21T11:14:17.619389
0PU20,VILLA CASTELLI,40.553055,17.504444,2026-05-21 09:20:00,precip_10min_interval,0.0,mm,2026-05-21T11:14:12.088517
0PU20,VILLA CASTELLI,40.553055,17.504444,2026-05-21 09:20:00,ws_10m_hourly,6.6,m/s,2026-05-21T11:14:17.619481
0PU20,VILLA CASTELLI,40.553055,17.504444,2026-05-21 09:20:00,ws_2m_hourly,3.7,m/s,2026-05-21T11:14:17.619478
0PU21,CAROVIGNO,40.691944,17.630278,2026-05-21 09:20:00,precip_10min_interval,0.0,mm,2026-05-21T11:14:12.088566
0PU21,CAROVIGNO,40.691944,17.630278,2026-05-21 09:20:00,ws_10m_hourly,5.1,m/s,2026-05-21T11:14:17.619570
0PU21,CAROVIGNO,40.691944,17.630278,2026-05-21 09:20:00,ws_2m_hourly,1.8,m/s,2026-05-21T11:14:17.619567
0PU22,APRICENA,41.773335,15.438611,2026-05-21 09:20:00,precip_10min_interval,0.0,mm,2026-05-21T11:14:12.088611
0PU22,APRICENA,41.773335,15.438611,2026-05-21 09:20:00,ws_10m_hourly,6.7,m/s,2026-05-21T11:14:17.619662
0PU22,APRICENA,41.773335,15.438611,2026-05-21 09:20:00,ws_2m_hourly,2.1,m/s,2026-05-21T11:14:17.619659
0PU23,MANFREDONIA,41.541389,15.885833,2026-05-21 09:20:00,precip_10min_interval,0.0,mm,2026-05-21T11:14:12.088654
0PU23,MANFREDONIA,41.541389,15.885833,2026-05-21 09:20:00,ws_10m_hourly,5.9,m/s,2026-05-21T11:14:17.619749
0PU23,MANFREDONIA,41.541389,15.885833,2026-05-21 09:20:00,ws_2m_hourly,3.5,m/s,2026-05-21T11:14:17.619746
0PU25,NOCIGLIA,40.034443,18.313057,2026-05-21 09:20:00,precip_10min_interval,0.0,mm,2026-05-21T11:14:12.088701
0PU25,NOCIGLIA,40.034443,18.313057,2026-05-21 09:20:00,ws_10m_hourly,7.0,m/s,2026-05-21T11:14:17.619845
0PU25,NOCIGLIA,40.034443,18.313057,2026-05-21 09:20:00,ws_2m_hourly,4.2,m/s,2026-05-21T11:14:17.619842
0PU27,GROTTAGLIE,40.53389,17.362778,2026-05-21 09:20:00,ws_10m_hourly,4.0,m/s,2026-05-21T11:14:17.619935
0PU27,GROTTAGLIE,40.53389,17.362778,2026-05-21 09:20:00,ws_2m_hourly,2.6,m/s,2026-05-21T11:14:17.619932
0PU28,TRANI,41.247501,16.415556,2026-05-21 09:20:00,precip_10min_interval,0.0,mm,2026-05-21T11:14:12.088744
0PU28,TRANI,41.247501,16.415556,2026-05-21 09:20:00,ws_10m_hourly,4.7,m/s,2026-05-21T11:14:17.620079
0PU28,TRANI,41.247501,16.415556,2026-05-21 09:20:00,ws_2m_hourly,2.8,m/s,2026-05-21T11:14:17.620076
0PU30,NOICATTARO,41.021942,16.967777,2026-05-21 09:20:00,precip_10min_interval,0.0,mm,2026-05-21T11:14:12.088792
0PU30,NOICATTARO,41.021942,16.967777,2026-05-21 09:20:00,ws_10m_hourly,8.3,m/s,2026-05-21T11:14:17.620174
0PU30,NOICATTARO,41.021942,16.967777,2026-05-21 09:20:00,ws_2m_hourly,5.3,m/s,2026-05-21T11:14:17.620171
0PU31,ALBEROBELLO,40.790558,17.233334,2026-05-21 09:20:00,precip_10min_interval,0.0,mm,2026-05-21T11:14:12.088840
0PU31,ALBEROBELLO,40.790558,17.233334,2026-05-21 09:20:00,ws_10m_hourly,6.4,m/s,2026-05-21T11:14:17.620284
0PU31,ALBEROBELLO,40.790558,17.233334,2026-05-21 09:20:00,ws_2m_hourly,3.5,m/s,2026-05-21T11:14:17.620281
0PU33,MOCCARI,40.558334,17.851667,2026-05-21 09:20:00,precip_10min_interval,0.0,mm,2026-05-21T11:14:12.088888
0PU33,MOCCARI,40.558334,17.851667,2026-05-21 09:20:00,ws_10m_hourly,7.8,m/s,2026-05-21T11:14:17.620387
0PU33,MOCCARI,40.558334,17.851667,2026-05-21 09:20:00,ws_2m_hourly,5.9,m/s,2026-05-21T11:14:17.620384
0PU34,LATIANO,40.548332,17.688057,2026-05-21 09:20:00,precip_10min_interval,0.0,mm,2026-05-21T11:14:12.088937
0PU34,LATIANO,40.548332,17.688057,2026-05-21 09:20:00,ws_10m_hourly,3.1,m/s,2026-05-21T11:14:17.620487
0PU34,LATIANO,40.548332,17.688057,2026-05-21 09:20:00,ws_2m_hourly,2.8,m/s,2026-05-21T11:14:17.620484
0PU35,SAN VITO DEI NORMANNI,40.629166,17.73361,2026-05-21 09:20:00,precip_10min_interval,0.0,mm,2026-05-21T11:14:12.088987
0PU35,SAN VITO DEI NORMANNI,40.629166,17.73361,2026-05-21 09:20:00,ws_10m_hourly,7.4,m/s,2026-05-21T11:14:17.620583
0PU35,SAN VITO DEI NORMANNI,40.629166,17.73361,2026-05-21 09:20:00,ws_2m_hourly,5.1,m/s,2026-05-21T11:14:17.620580
0PU36,VILLANOVA,41.654167,15.586667,2026-05-21 09:20:00,precip_10min_interval,0.0,mm,2026-05-21T11:14:12.089033
0PU36,VILLANOVA,41.654167,15.586667,2026-05-21 09:20:00,ws_10m_hourly,9.5,m/s,2026-05-21T11:14:17.620681
0PU36,VILLANOVA,41.654167,15.586667,2026-05-21 09:20:00,ws_2m_hourly,5.3,m/s,2026-05-21T11:14:17.620678
0PU37,TROIA,41.336388,15.382778,2026-05-21 09:20:00,precip_10min_interval,0.0,mm,2026-05-21T11:14:12.089084
0PU37,TROIA,41.336388,15.382778,2026-05-21 09:20:00,ws_10m_hourly,8.5,m/s,2026-05-21T11:14:17.620778
0PU37,TROIA,41.336388,15.382778,2026-05-21 09:20:00,ws_2m_hourly,7.4,m/s,2026-05-21T11:14:17.620775
0PU38,BORGO LA ROCCA,41.558334,15.516111,2026-05-21 09:20:00,precip_10min_interval,0.0,mm,2026-05-21T11:14:12.089131
0PU38,BORGO LA ROCCA,41.558334,15.516111,2026-05-21 09:20:00,ws_10m_hourly,6.7,m/s,2026-05-21T11:14:17.620876
0PU38,BORGO LA ROCCA,41.558334,15.516111,2026-05-21 09:20:00,ws_2m_hourly,4.8,m/s,2026-05-21T11:14:17.620873
0PU40,ARCHE,40.273888,18.013611,2026-05-21 09:20:00,precip_10min_interval,0.0,mm,2026-05-21T11:14:12.089178
0PU40,ARCHE,40.273888,18.013611,2026-05-21 09:20:00,ws_10m_hourly,6.1,m/s,2026-05-21T11:14:17.620971
0PU40,ARCHE,40.273888,18.013611,2026-05-21 09:20:00,ws_2m_hourly,3.3,m/s,2026-05-21T11:14:17.620968
0PU41,LECCE,40.326668,18.139999,2026-05-21 09:20:00,precip_10min_interval,0.0,mm,2026-05-21T11:14:12.089233
0PU41,LECCE,40.326668,18.139999,2026-05-21 09:20:00,ws_10m_hourly,4.6,m/s,2026-05-21T11:14:17.621066
0PU41,LECCE,40.326668,18.139999,2026-05-21 09:20:00,ws_2m_hourly,3.4,m/s,2026-05-21T11:14:17.621063
0PU42,SALICE SALENTINO,40.390556,17.875278,2026-05-21 09:20:00,precip_10min_interval,0.0,mm,2026-05-21T11:14:12.089280
0PU42,SALICE SALENTINO,40.390556,17.875278,2026-05-21 09:20:00,ws_10m_hourly,9.0,m/s,2026-05-21T11:14:17.621157
0PU42,SALICE SALENTINO,40.390556,17.875278,2026-05-21 09:20:00,ws_2m_hourly,6.6,m/s,2026-05-21T11:14:17.621152
0PU43,LUCUGNANO,39.930279,18.3225,2026-05-21 09:20:00,precip_10min_interval,0.0,mm,2026-05-21T11:14:12.089331
0PU43,LUCUGNANO,39.930279,18.3225,2026-05-21 09:20:00,ws_10m_hourly,6.0,m/s,2026-05-21T11:14:17.621267
0PU43,LUCUGNANO,39.930279,18.3225,2026-05-21 09:20:00,ws_2m_hourly,3.3,m/s,2026-05-21T11:14:17.621260
0PU44,MANDURIA,40.381943,17.621111,2026-05-21 09:20:00,precip_10min_interval,0.0,mm,2026-05-21T11:14:12.089377
0PU44,MANDURIA,40.381943,17.621111,2026-05-21 09:20:00,ws_10m_hourly,7.0,m/s,2026-05-21T11:14:17.621368
0PU44,MANDURIA,40.381943,17.621111,2026-05-21 09:20:00,ws_2m_hourly,5.4,m/s,2026-05-21T11:14:17.621365
0PU45,MOTTOLA,40.675556,16.996111,2026-05-21 09:20:00,precip_10min_interval,0.0,mm,2026-05-21T11:14:12.089428
0PU45,MOTTOLA,40.675556,16.996111,2026-05-21 09:20:00,ws_10m_hourly,8.0,m/s,2026-05-21T11:14:17.621463
0PU45,MOTTOLA,40.675556,16.996111,2026-05-21 09:20:00,ws_2m_hourly,4.8,m/s,2026-05-21T11:14:17.621460
0PU46,MASSAFRA,40.582779,17.091944,2026-05-21 09:20:00,precip_10min_interval,0.0,mm,2026-05-21T11:14:12.089474
0PU46,MASSAFRA,40.582779,17.091944,2026-05-21 09:20:00,ws_10m_hourly,5.2,m/s,2026-05-21T11:14:17.621561
0PU46,MASSAFRA,40.582779,17.091944,2026-05-21 09:20:00,ws_2m_hourly,3.6,m/s,2026-05-21T11:14:17.621556
0PU47,CASTELLANETA,40.494446,16.878889,2026-05-21 09:20:00,precip_10min_interval,0.0,mm,2026-05-21T11:14:12.089524
0PU47,CASTELLANETA,40.494446,16.878889,2026-05-21 09:20:00,ws_10m_hourly,4.6,m/s,2026-05-21T11:14:17.621657
0PU47,CASTELLANETA,40.494446,16.878889,2026-05-21 09:20:00,ws_2m_hourly,2.1,m/s,2026-05-21T11:14:17.621654
0PU48,BARI C.N.R. IRSA,41.116943,16.820557,2026-05-21 09:20:00,precip_10min_interval,0.0,mm,2026-05-21T11:14:12.089573
0PU48,BARI C.N.R. IRSA,41.116943,16.820557,2026-05-21 09:20:00,ws_10m_hourly,5.9,m/s,2026-05-21T11:14:17.621755
0PU48,BARI C.N.R. IRSA,41.116943,16.820557,2026-05-21 09:20:00,ws_2m_hourly,3.9,m/s,2026-05-21T11:14:17.621752
0PU49,LOCOROTONDO ITAS,40.757221,17.340834,2026-05-21 09:20:00,precip_10min_interval,0.0,mm,2026-05-21T11:14:12.089621
0PU49,LOCOROTONDO ITAS,40.757221,17.340834,2026-05-21 09:20:00,ws_10m_hourly,6.4,m/s,2026-05-21T11:14:17.621850
0PU49,LOCOROTONDO ITAS,40.757221,17.340834,2026-05-21 09:20:00,ws_2m_hourly,4.4,m/s,2026-05-21T11:14:17.621847
0PU53,TORITTO,40.957222,16.567223,2026-05-21 09:20:00,precip_10min_interval,0.0,mm,2026-05-21T11:14:12.089669
0PU53,TORITTO,40.957222,16.567223,2026-05-21 09:20:00,ws_10m_hourly,8.4,m/s,2026-05-21T11:14:17.621949
0PU53,TORITTO,40.957222,16.567223,2026-05-21 09:20:00,ws_2m_hourly,6.7,m/s,2026-05-21T11:14:17.621946
0PU54,TORRE SANTA SUSANNA,40.459442,17.724722,2026-05-21 09:20:00,precip_10min_interval,0.0,mm,2026-05-21T11:14:12.089717
0PU54,TORRE SANTA SUSANNA,40.459442,17.724722,2026-05-21 09:20:00,ws_10m_hourly,6.8,m/s,2026-05-21T11:14:17.622049
0PU54,TORRE SANTA SUSANNA,40.459442,17.724722,2026-05-21 09:20:00,ws_2m_hourly,1.6,m/s,2026-05-21T11:14:17.622046
0PU55,LESINA-RIPALTA,41.8475,15.266111,2026-05-21 09:20:00,precip_10min_interval,0.0,mm,2026-05-21T11:14:12.089767
0PU55,LESINA-RIPALTA,41.8475,15.266111,2026-05-21 09:20:00,ws_10m_hourly,7.6,m/s,2026-05-21T11:14:17.622144
0PU55,LESINA-RIPALTA,41.8475,15.266111,2026-05-21 09:20:00,ws_2m_hourly,5.5,m/s,2026-05-21T11:14:17.622141
0PU56,CARLANTINO,41.588333,14.983611,2026-05-21 09:20:00,precip_10min_interval,0.0,mm,2026-05-21T11:14:12.089815
0PU56,CARLANTINO,41.588333,14.983611,2026-05-21 09:20:00,ws_10m_hourly,8.5,m/s,2026-05-21T11:14:17.622254
0PU56,CARLANTINO,41.588333,14.983611,2026-05-21 09:20:00,ws_2m_hourly,6.8,m/s,2026-05-21T11:14:17.622251
0PU57,SANT'AGATA DI PUGLIA,41.150276,15.46,2026-05-21 09:20:00,precip_10min_interval,0.0,mm,2026-05-21T11:14:12.089862
0PU57,SANT'AGATA DI PUGLIA,41.150276,15.46,2026-05-21 09:20:00,ws_10m_hourly,6.4,m/s,2026-05-21T11:14:17.622366
0PU57,SANT'AGATA DI PUGLIA,41.150276,15.46,2026-05-21 09:20:00,ws_2m_hourly,4.1,m/s,2026-05-21T11:14:17.622363
0PU58,GINOSA,40.556389,16.843611,2026-05-21 09:20:00,precip_10min_interval,0.0,mm,2026-05-21T11:14:12.089918
0PU58,GINOSA,40.556389,16.843611,2026-05-21 09:20:00,ws_10m_hourly,6.5,m/s,2026-05-21T11:14:17.622476
0PU58,GINOSA,40.556389,16.843611,2026-05-21 09:20:00,ws_2m_hourly,4.9,m/s,2026-05-21T11:14:17.622472
0PU59,PALAGIANELLO,40.578335,16.975279,2026-05-21 09:20:00,precip_10min_interval,0.0,mm,2026-05-21T11:14:12.089972
0PU59,PALAGIANELLO,40.578335,16.975279,2026-05-21 09:20:00,ws_10m_hourly,7.3,m/s,2026-05-21T11:14:17.622647
0PU59,PALAGIANELLO,40.578335,16.975279,2026-05-21 09:20:00,ws_2m_hourly,5.0,m/s,2026-05-21T11:14:17.622644
0PU60,MINERVINO DI LECCE,40.093613,18.418612,2026-05-21 09:20:00,precip_10min_interval,0.0,mm,2026-05-21T11:14:12.090025
0PU60,MINERVINO DI LECCE,40.093613,18.418612,2026-05-21 09:20:00,ws_10m_hourly,7.7,m/s,2026-05-21T11:14:17.623084
0PU60,MINERVINO DI LECCE,40.093613,18.418612,2026-05-21 09:20:00,ws_2m_hourly,5.4,m/s,2026-05-21T11:14:17.623081
0PU61,NARDO',40.171391,17.976389,2026-05-21 09:20:00,precip_10min_interval,0.0,mm,2026-05-21T11:14:12.090084
0PU61,NARDO',40.171391,17.976389,2026-05-21 09:20:00,ws_10m_hourly,7.5,m/s,2026-05-21T11:14:17.623194
0PU61,NARDO',40.171391,17.976389,2026-05-21 09:20:00,ws_2m_hourly,3.4,m/s,2026-05-21T11:14:17.623191
MBA20,IPSAA,41.22139,16.049723,2026-05-21 09:20:00,precip_10min_interval,0.0,mm,2026-05-21T11:14:12.090138
MBA20,IPSAA,41.22139,16.049723,2026-05-21 09:20:00,ws_2m_hourly,2.9,m/s,2026-05-21T11:14:17.623292
MBA21,MONTEGROSSO,41.132778,16.185833,2026-05-21 09:20:00,precip_10min_interval,0.0,mm,2026-05-21T11:14:12.090195
MBA21,MONTEGROSSO,41.132778,16.185833,2026-05-21 09:20:00,ws_2m_hourly,2.1,m/s,2026-05-21T11:14:17.623351
MBA22,S.P. SANTERAMO,40.80611,16.591389,2026-05-21 09:20:00,precip_10min_interval,0.0,mm,2026-05-21T11:14:12.090266
MBA22,S.P. SANTERAMO,40.80611,16.591389,2026-05-21 09:20:00,ws_2m_hourly,6.1,m/s,2026-05-21T11:14:17.623409
MBA24,CASSANO DELLE MURGE,40.918888,16.78861,2026-05-21 09:20:00,precip_10min_interval,0.0,mm,2026-05-21T11:14:12.090321
MBA24,CASSANO DELLE MURGE,40.918888,16.78861,2026-05-21 09:20:00,ws_2m_hourly,6.1,m/s,2026-05-21T11:14:17.623467
MBA25,SANTERAMO IN COLLE,40.78611,16.775833,2026-05-21 09:20:00,precip_10min_interval,0.0,mm,2026-05-21T11:14:12.090384
MBA25,SANTERAMO IN COLLE,40.78611,16.775833,2026-05-21 09:20:00,ws_2m_hourly,4.0,m/s,2026-05-21T11:14:17.623527
MBA26,CAMPO SPER. UNIBA,41.023609,16.906389,2026-05-21 09:20:00,precip_10min_interval,0.0,mm,2026-05-21T11:14:12.090444
MBA26,CAMPO SPER. UNIBA,41.023609,16.906389,2026-05-21 09:20:00,ws_2m_hourly,2.9,m/s,2026-05-21T11:14:17.623585
MBA27,SERRONE(AZ.AGR.MANCINI),40.921391,16.947222,2026-05-21 09:20:00,precip_10min_interval,0.0,mm,2026-05-21T11:14:12.090505
MBA27,SERRONE(AZ.AGR.MANCINI),40.921391,16.947222,2026-05-21 09:20:00,ws_2m_hourly,4.6,m/s,2026-05-21T11:14:17.623647
MBA28,MURGIA ANTICI,40.715557,17.106667,2026-05-21 09:20:00,precip_10min_interval,0.0,mm,2026-05-21T11:14:12.090564
MBA28,MURGIA ANTICI,40.715557,17.106667,2026-05-21 09:20:00,ws_2m_hourly,5.3,m/s,2026-05-21T11:14:17.623705
MBA29,LAMENDOLA I,40.812222,17.164167,2026-05-21 09:20:00,precip_10min_interval,0.0,mm,2026-05-21T11:14:12.090624
MBA29,LAMENDOLA I,40.812222,17.164167,2026-05-21 09:20:00,ws_2m_hourly,6.1,m/s,2026-05-21T11:14:17.623767
MBR30,FASCIANELLO,40.860279,17.364166,2026-05-21 09:20:00,precip_10min_interval,0.0,mm,2026-05-21T11:14:12.090685
MBR30,FASCIANELLO,40.860279,17.364166,2026-05-21 09:20:00,ws_2m_hourly,6.5,m/s,2026-05-21T11:14:17.623829
MBR31,FERRUZZO,40.62389,17.497499,2026-05-21 09:20:00,precip_10min_interval,0.0,mm,2026-05-21T11:14:12.090801
MBR31,FERRUZZO,40.62389,17.497499,2026-05-21 09:20:00,ws_2m_hourly,3.6,m/s,2026-05-21T11:14:17.623889
MFG01,S. LUCIA,41.470554,15.363889,2026-05-21 09:20:00,precip_10min_interval,0.0,mm,2026-05-21T11:14:12.090869
MFG01,S. LUCIA,41.470554,15.363889,2026-05-21 09:20:00,ws_2m_hourly,1.1,m/s,2026-05-21T11:14:17.623953
MFG02,SERRA DEI BISI,41.347778,15.282778,2026-05-21 09:20:00,precip_10min_interval,0.0,mm,2026-05-21T11:14:12.090921
MFG02,SERRA DEI BISI,41.347778,15.282778,2026-05-21 09:20:00,ws_2m_hourly,4.1,m/s,2026-05-21T11:14:17.624009
MFG03,LA PESCIA,41.40889,15.756667,2026-05-21 09:20:00,precip_10min_interval,0.0,mm,2026-05-21T11:14:12.090977
MFG03,LA PESCIA,41.40889,15.756667,2026-05-21 09:20:00,ws_2m_hourly,3.3,m/s,2026-05-21T11:14:17.624061
MFG04,TRE SANTI,41.393612,15.848056,2026-05-21 09:20:00,precip_10min_interval,0.0,mm,2026-05-21T11:14:12.091033
MFG04,TRE SANTI,41.393612,15.848056,2026-05-21 09:20:00,ws_2m_hourly,4.0,m/s,2026-05-21T11:14:17.624115
MFG05,RIVOLI,41.470833,15.929444,2026-05-21 09:20:00,precip_10min_interval,0.0,mm,2026-05-21T11:14:12.091085
MFG05,RIVOLI,41.470833,15.929444,2026-05-21 09:20:00,ws_2m_hourly,2.8,m/s,2026-05-21T11:14:17.624170
MFG06,TAVOLETTA,41.194168,15.932222,2026-05-21 09:20:00,precip_10min_interval,0.0,mm,2026-05-21T11:14:12.091141
MFG06,TAVOLETTA,41.194168,15.932222,2026-05-21 09:20:00,ws_2m_hourly,5.5,m/s,2026-05-21T11:14:17.624235
MFG07,COPPA D'ORO,41.421665,15.606944,2026-05-21 09:20:00,ws_2m_hourly,5.4,m/s,2026-05-21T11:14:17.624296
MFG09,ARIOLA,41.8325,15.859722,2026-05-21 09:20:00,precip_10min_interval,0.0,mm,2026-05-21T11:14:12.091208
MFG09,ARIOLA,41.8325,15.859722,2026-05-21 09:20:00,ws_2m_hourly,1.0,m/s,2026-05-21T11:14:17.624350
MFG10,MATINE CARNE SALATA,41.651943,15.706389,2026-05-21 09:20:00,precip_10min_interval,0.0,mm,2026-05-21T11:14:12.091274
MFG10,MATINE CARNE SALATA,41.651943,15.706389,2026-05-21 09:20:00,ws_2m_hourly,2.9,m/s,2026-05-21T11:14:17.624435
MFG11,SELVA DELLE GROTTE,41.714722,15.148056,2026-05-21 09:20:00,precip_10min_interval,0.0,mm,2026-05-21T11:14:12.091328
MFG11,SELVA DELLE GROTTE,41.714722,15.148056,2026-05-21 09:20:00,ws_2m_hourly,7.8,m/s,2026-05-21T11:14:17.624549
MFG13,BISCIGLIETO,41.142502,15.662778,2026-05-21 09:20:00,precip_10min_interval,0.0,mm,2026-05-21T11:14:12.091384
MFG13,BISCIGLIETO,41.142502,15.662778,2026-05-21 09:20:00,ws_2m_hourly,6.1,m/s,2026-05-21T11:14:17.624664
MFG14,S. LUCIA,41.922779,15.874722,2026-05-21 09:20:00,precip_10min_interval,0.0,mm,2026-05-21T11:14:12.091432
MFG14,S. LUCIA,41.922779,15.874722,2026-05-21 09:20:00,ws_2m_hourly,1.3,m/s,2026-05-21T11:14:17.624759
MFG15,CASA LORDA,41.62389,15.403056,2026-05-21 09:20:00,precip_10min_interval,0.0,mm,2026-05-21T11:14:12.091489
MFG15,CASA LORDA,41.62389,15.403056,2026-05-21 09:20:00,ws_2m_hourly,4.9,m/s,2026-05-21T11:14:17.624871
MFG16,QUERCIA COPPE,41.693054,15.756944,2026-05-21 09:20:00,precip_10min_interval,0.0,mm,2026-05-21T11:14:12.091548
MFG16,QUERCIA COPPE,41.693054,15.756944,2026-05-21 09:20:00,ws_2m_hourly,4.3,m/s,2026-05-21T11:14:17.624979
MFG17,CARRO CHIUSO,41.284168,16.077223,2026-05-21 09:20:00,precip_10min_interval,0.0,mm,2026-05-21T11:14:12.091604
MFG17,CARRO CHIUSO,41.284168,16.077223,2026-05-21 09:20:00,ws_2m_hourly,2.7,m/s,2026-05-21T11:14:17.625085
MFG18,VIESTE,41.901669,16.080557,2026-05-21 09:20:00,precip_10min_interval,0.0,mm,2026-05-21T11:14:12.091667
MFG18,VIESTE,41.901669,16.080557,2026-05-21 09:20:00,ws_2m_hourly,2.0,m/s,2026-05-21T11:14:17.625191
MFG19,FOGGIA MONTEROZZI,41.521111,15.591944,2026-05-21 09:20:00,precip_10min_interval,0.0,mm,2026-05-21T11:14:12.091724
MFG19,FOGGIA MONTEROZZI,41.521111,15.591944,2026-05-21 09:20:00,ws_2m_hourly,5.9,m/s,2026-05-21T11:14:17.625345
MLE34,BARBARO,39.980831,18.1525,2026-05-21 09:20:00,precip_10min_interval,0.0,mm,2026-05-21T11:14:12.091779
MLE34,BARBARO,39.980831,18.1525,2026-05-21 09:20:00,ws_2m_hourly,4.9,m/s,2026-05-21T11:14:17.625466
MLE35,MALOPRA,40.225555,18.299168,2026-05-21 09:20:00,precip_10min_interval,0.0,mm,2026-05-21T11:14:12.091850
MLE35,MALOPRA,40.225555,18.299168,2026-05-21 09:20:00,ws_2m_hourly,4.6,m/s,2026-05-21T11:14:17.625609
MTA32,MARTINA FRANCA,40.634724,17.277779,2026-05-21 09:20:00,precip_10min_interval,0.0,mm,2026-05-21T11:14:12.091915
MTA32,MARTINA FRANCA,40.634724,17.277779,2026-05-21 09:20:00,ws_2m_hourly,2.9,m/s,2026-05-21T11:14:17.625743
0PU01,GUROLAMANNA,40.916111,16.447779,2026-05-21 09:30:00,precip_10min_interval,0.0,mm,2026-05-21T11:14:12.087692
0PU01,GUROLAMANNA,40.916111,16.447779,2026-05-21 09:30:00,ws_10m_hourly,8.6,m/s,2026-05-21T11:14:17.618071
0PU01,GUROLAMANNA,40.916111,16.447779,2026-05-21 09:30:00,ws_2m_hourly,6.2,m/s,2026-05-21T11:14:17.618066
0PU03,LIMELLI D'IMPERATORE,40.883057,16.3125,2026-05-21 09:30:00,precip_10min_interval,0.0,mm,2026-05-21T11:14:12.087791
0PU03,LIMELLI D'IMPERATORE,40.883057,16.3125,2026-05-21 09:30:00,ws_10m_hourly,6.6,m/s,2026-05-21T11:14:17.618239
0PU03,LIMELLI D'IMPERATORE,40.883057,16.3125,2026-05-21 09:30:00,ws_2m_hourly,4.3,m/s,2026-05-21T11:14:17.618208
0PU04,OTTAVA SEDICI,40.7925,17.481943,2026-05-21 09:30:00,precip_10min_interval,0.0,mm,2026-05-21T11:14:12.087857
0PU04,OTTAVA SEDICI,40.7925,17.481943,2026-05-21 09:30:00,ws_10m_hourly,5.6,m/s,2026-05-21T11:14:17.618360
0PU04,OTTAVA SEDICI,40.7925,17.481943,2026-05-21 09:30:00,ws_2m_hourly,2.1,m/s,2026-05-21T11:14:17.618357
0PU06,MAINE,40.543056,18.032223,2026-05-21 09:30:00,precip_10min_interval,0.0,mm,2026-05-21T11:14:12.087927
0PU06,MAINE,40.543056,18.032223,2026-05-21 09:30:00,ws_10m_hourly,5.2,m/s,2026-05-21T11:14:17.618438
0PU06,MAINE,40.543056,18.032223,2026-05-21 09:30:00,ws_2m_hourly,1.6,m/s,2026-05-21T11:14:17.618434
0PU07,TRIONFO,41.347221,15.744167,2026-05-21 09:30:00,precip_10min_interval,0.0,mm,2026-05-21T11:14:12.087999
0PU07,TRIONFO,41.347221,15.744167,2026-05-21 09:30:00,ws_10m_hourly,8.5,m/s,2026-05-21T11:14:17.618515
0PU07,TRIONFO,41.347221,15.744167,2026-05-21 09:30:00,ws_2m_hourly,2.4,m/s,2026-05-21T11:14:17.618512
0PU08,TORRETTA,41.542221,15.173889,2026-05-21 09:30:00,precip_10min_interval,0.0,mm,2026-05-21T11:14:12.088067
0PU08,TORRETTA,41.542221,15.173889,2026-05-21 09:30:00,ws_10m_hourly,6.1,m/s,2026-05-21T11:14:17.618598
0PU08,TORRETTA,41.542221,15.173889,2026-05-21 09:30:00,ws_2m_hourly,0.0,m/s,2026-05-21T11:14:17.618595
0PU10,FRASSANITO,40.237221,18.441389,2026-05-21 09:30:00,precip_10min_interval,0.0,mm,2026-05-21T11:14:12.088110
0PU10,FRASSANITO,40.237221,18.441389,2026-05-21 09:30:00,ws_10m_hourly,7.1,m/s,2026-05-21T11:14:17.618683
0PU10,FRASSANITO,40.237221,18.441389,2026-05-21 09:30:00,ws_2m_hourly,4.2,m/s,2026-05-21T11:14:17.618680
0PU11,BADESSA,40.470554,18.097221,2026-05-21 09:30:00,precip_10min_interval,0.0,mm,2026-05-21T11:14:12.088154
0PU11,BADESSA,40.470554,18.097221,2026-05-21 09:30:00,ws_10m_hourly,7.9,m/s,2026-05-21T11:14:17.618766
0PU11,BADESSA,40.470554,18.097221,2026-05-21 09:30:00,ws_2m_hourly,5.4,m/s,2026-05-21T11:14:17.618763
0PU12,CONTE,39.981945,18.067499,2026-05-21 09:30:00,precip_10min_interval,0.0,mm,2026-05-21T11:14:12.088195
0PU12,CONTE,39.981945,18.067499,2026-05-21 09:30:00,ws_10m_hourly,6.0,m/s,2026-05-21T11:14:17.618852
0PU12,CONTE,39.981945,18.067499,2026-05-21 09:30:00,ws_2m_hourly,1.5,m/s,2026-05-21T11:14:17.618849
0PU13,TORRICELLA,40.343334,17.487778,2026-05-21 09:30:00,precip_10min_interval,0.0,mm,2026-05-21T11:14:12.088255
0PU13,TORRICELLA,40.343334,17.487778,2026-05-21 09:30:00,ws_10m_hourly,8.2,m/s,2026-05-21T11:14:17.618936
0PU13,TORRICELLA,40.343334,17.487778,2026-05-21 09:30:00,ws_2m_hourly,4.5,m/s,2026-05-21T11:14:17.618933
0PU14,TAFURI,40.680832,16.867779,2026-05-21 09:30:00,precip_10min_interval,0.0,mm,2026-05-21T11:14:12.088299
0PU14,TAFURI,40.680832,16.867779,2026-05-21 09:30:00,ws_10m_hourly,9.0,m/s,2026-05-21T11:14:17.619024
0PU14,TAFURI,40.680832,16.867779,2026-05-21 09:30:00,ws_2m_hourly,4.5,m/s,2026-05-21T11:14:17.619021
0PU16,ANDRIA,41.202221,16.201944,2026-05-21 09:30:00,precip_10min_interval,0.0,mm,2026-05-21T11:14:12.088340
0PU16,ANDRIA,41.202221,16.201944,2026-05-21 09:30:00,ws_10m_hourly,3.5,m/s,2026-05-21T11:14:17.619107
0PU16,ANDRIA,41.202221,16.201944,2026-05-21 09:30:00,ws_2m_hourly,1.1,m/s,2026-05-21T11:14:17.619104
0PU17,OSTUNI-SAROLO,40.688332,17.413889,2026-05-21 09:30:00,precip_10min_interval,0.0,mm,2026-05-21T11:14:12.088385
0PU17,OSTUNI-SAROLO,40.688332,17.413889,2026-05-21 09:30:00,ws_10m_hourly,6.4,m/s,2026-05-21T11:14:17.619197
0PU17,OSTUNI-SAROLO,40.688332,17.413889,2026-05-21 09:30:00,ws_2m_hourly,3.8,m/s,2026-05-21T11:14:17.619194
0PU18,MONOPOLI,40.919445,17.294443,2026-05-21 09:30:00,precip_10min_interval,0.0,mm,2026-05-21T11:14:12.088432
0PU18,MONOPOLI,40.919445,17.294443,2026-05-21 09:30:00,ws_10m_hourly,6.1,m/s,2026-05-21T11:14:17.619306
0PU18,MONOPOLI,40.919445,17.294443,2026-05-21 09:30:00,ws_2m_hourly,3.9,m/s,2026-05-21T11:14:17.619303
0PU19,TERLIZZI,41.120834,16.549168,2026-05-21 09:30:00,precip_10min_interval,0.0,mm,2026-05-21T11:14:12.088477
0PU19,TERLIZZI,41.120834,16.549168,2026-05-21 09:30:00,ws_10m_hourly,3.8,m/s,2026-05-21T11:14:17.619398
0PU19,TERLIZZI,41.120834,16.549168,2026-05-21 09:30:00,ws_2m_hourly,1.2,m/s,2026-05-21T11:14:17.619395
0PU20,VILLA CASTELLI,40.553055,17.504444,2026-05-21 09:30:00,precip_10min_interval,0.0,mm,2026-05-21T11:14:12.088520
0PU20,VILLA CASTELLI,40.553055,17.504444,2026-05-21 09:30:00,ws_10m_hourly,6.6,m/s,2026-05-21T11:14:17.619487
0PU20,VILLA CASTELLI,40.553055,17.504444,2026-05-21 09:30:00,ws_2m_hourly,3.6,m/s,2026-05-21T11:14:17.619484
0PU21,CAROVIGNO,40.691944,17.630278,2026-05-21 09:30:00,precip_10min_interval,0.0,mm,2026-05-21T11:14:12.088569
0PU21,CAROVIGNO,40.691944,17.630278,2026-05-21 09:30:00,ws_10m_hourly,5.2,m/s,2026-05-21T11:14:17.619578
0PU21,CAROVIGNO,40.691944,17.630278,2026-05-21 09:30:00,ws_2m_hourly,1.8,m/s,2026-05-21T11:14:17.619573
0PU22,APRICENA,41.773335,15.438611,2026-05-21 09:30:00,precip_10min_interval,0.0,mm,2026-05-21T11:14:12.088614
0PU22,APRICENA,41.773335,15.438611,2026-05-21 09:30:00,ws_10m_hourly,6.6,m/s,2026-05-21T11:14:17.619668
0PU22,APRICENA,41.773335,15.438611,2026-05-21 09:30:00,ws_2m_hourly,1.2,m/s,2026-05-21T11:14:17.619665
0PU23,MANFREDONIA,41.541389,15.885833,2026-05-21 09:30:00,precip_10min_interval,0.0,mm,2026-05-21T11:14:12.088657
0PU23,MANFREDONIA,41.541389,15.885833,2026-05-21 09:30:00,ws_10m_hourly,5.0,m/s,2026-05-21T11:14:17.619758
0PU23,MANFREDONIA,41.541389,15.885833,2026-05-21 09:30:00,ws_2m_hourly,3.0,m/s,2026-05-21T11:14:17.619752
0PU25,NOCIGLIA,40.034443,18.313057,2026-05-21 09:30:00,precip_10min_interval,0.0,mm,2026-05-21T11:14:12.088704
0PU25,NOCIGLIA,40.034443,18.313057,2026-05-21 09:30:00,ws_10m_hourly,6.9,m/s,2026-05-21T11:14:17.619853
0PU25,NOCIGLIA,40.034443,18.313057,2026-05-21 09:30:00,ws_2m_hourly,4.1,m/s,2026-05-21T11:14:17.619850
0PU27,GROTTAGLIE,40.53389,17.362778,2026-05-21 09:30:00,ws_10m_hourly,3.9,m/s,2026-05-21T11:14:17.619941
0PU27,GROTTAGLIE,40.53389,17.362778,2026-05-21 09:30:00,ws_2m_hourly,2.4,m/s,2026-05-21T11:14:17.619938
0PU28,TRANI,41.247501,16.415556,2026-05-21 09:30:00,precip_10min_interval,0.0,mm,2026-05-21T11:14:12.088749
0PU28,TRANI,41.247501,16.415556,2026-05-21 09:30:00,ws_10m_hourly,4.5,m/s,2026-05-21T11:14:17.620085
0PU28,TRANI,41.247501,16.415556,2026-05-21 09:30:00,ws_2m_hourly,2.7,m/s,2026-05-21T11:14:17.620082
0PU30,NOICATTARO,41.021942,16.967777,2026-05-21 09:30:00,precip_10min_interval,0.0,mm,2026-05-21T11:14:12.088795
0PU30,NOICATTARO,41.021942,16.967777,2026-05-21 09:30:00,ws_10m_hourly,8.9,m/s,2026-05-21T11:14:17.620182
0PU30,NOICATTARO,41.021942,16.967777,2026-05-21 09:30:00,ws_2m_hourly,5.5,m/s,2026-05-21T11:14:17.620178
0PU31,ALBEROBELLO,40.790558,17.233334,2026-05-21 09:30:00,precip_10min_interval,0.0,mm,2026-05-21T11:14:12.088843
0PU31,ALBEROBELLO,40.790558,17.233334,2026-05-21 09:30:00,ws_10m_hourly,6.3,m/s,2026-05-21T11:14:17.620292
0PU31,ALBEROBELLO,40.790558,17.233334,2026-05-21 09:30:00,ws_2m_hourly,3.1,m/s,2026-05-21T11:14:17.620289
0PU33,MOCCARI,40.558334,17.851667,2026-05-21 09:30:00,precip_10min_interval,0.0,mm,2026-05-21T11:14:12.088891
0PU33,MOCCARI,40.558334,17.851667,2026-05-21 09:30:00,ws_10m_hourly,7.7,m/s,2026-05-21T11:14:17.620394
0PU33,MOCCARI,40.558334,17.851667,2026-05-21 09:30:00,ws_2m_hourly,5.6,m/s,2026-05-21T11:14:17.620391
0PU34,LATIANO,40.548332,17.688057,2026-05-21 09:30:00,precip_10min_interval,0.0,mm,2026-05-21T11:14:12.088940
0PU34,LATIANO,40.548332,17.688057,2026-05-21 09:30:00,ws_10m_hourly,3.5,m/s,2026-05-21T11:14:17.620493
0PU34,LATIANO,40.548332,17.688057,2026-05-21 09:30:00,ws_2m_hourly,2.9,m/s,2026-05-21T11:14:17.620490
0PU35,SAN VITO DEI NORMANNI,40.629166,17.73361,2026-05-21 09:30:00,precip_10min_interval,0.0,mm,2026-05-21T11:14:12.088990
0PU35,SAN VITO DEI NORMANNI,40.629166,17.73361,2026-05-21 09:30:00,ws_10m_hourly,7.2,m/s,2026-05-21T11:14:17.620589
0PU35,SAN VITO DEI NORMANNI,40.629166,17.73361,2026-05-21 09:30:00,ws_2m_hourly,5.2,m/s,2026-05-21T11:14:17.620586
0PU36,VILLANOVA,41.654167,15.586667,2026-05-21 09:30:00,precip_10min_interval,0.0,mm,2026-05-21T11:14:12.089036
0PU36,VILLANOVA,41.654167,15.586667,2026-05-21 09:30:00,ws_10m_hourly,8.0,m/s,2026-05-21T11:14:17.620689
0PU36,VILLANOVA,41.654167,15.586667,2026-05-21 09:30:00,ws_2m_hourly,4.2,m/s,2026-05-21T11:14:17.620686
0PU37,TROIA,41.336388,15.382778,2026-05-21 09:30:00,precip_10min_interval,0.0,mm,2026-05-21T11:14:12.089086
0PU37,TROIA,41.336388,15.382778,2026-05-21 09:30:00,ws_10m_hourly,7.8,m/s,2026-05-21T11:14:17.620784
0PU37,TROIA,41.336388,15.382778,2026-05-21 09:30:00,ws_2m_hourly,6.8,m/s,2026-05-21T11:14:17.620781
0PU38,BORGO LA ROCCA,41.558334,15.516111,2026-05-21 09:30:00,precip_10min_interval,0.0,mm,2026-05-21T11:14:12.089134
0PU38,BORGO LA ROCCA,41.558334,15.516111,2026-05-21 09:30:00,ws_10m_hourly,6.2,m/s,2026-05-21T11:14:17.620882
0PU38,BORGO LA ROCCA,41.558334,15.516111,2026-05-21 09:30:00,ws_2m_hourly,4.5,m/s,2026-05-21T11:14:17.620879
0PU40,ARCHE,40.273888,18.013611,2026-05-21 09:30:00,precip_10min_interval,0.0,mm,2026-05-21T11:14:12.089181
0PU40,ARCHE,40.273888,18.013611,2026-05-21 09:30:00,ws_10m_hourly,6.6,m/s,2026-05-21T11:14:17.620979
0PU40,ARCHE,40.273888,18.013611,2026-05-21 09:30:00,ws_2m_hourly,3.6,m/s,2026-05-21T11:14:17.620976
0PU41,LECCE,40.326668,18.139999,2026-05-21 09:30:00,precip_10min_interval,0.0,mm,2026-05-21T11:14:12.089236
0PU41,LECCE,40.326668,18.139999,2026-05-21 09:30:00,ws_10m_hourly,4.8,m/s,2026-05-21T11:14:17.621074
0PU41,LECCE,40.326668,18.139999,2026-05-21 09:30:00,ws_2m_hourly,3.4,m/s,2026-05-21T11:14:17.621069
0PU42,SALICE SALENTINO,40.390556,17.875278,2026-05-21 09:30:00,precip_10min_interval,0.0,mm,2026-05-21T11:14:12.089283
0PU42,SALICE SALENTINO,40.390556,17.875278,2026-05-21 09:30:00,ws_10m_hourly,8.1,m/s,2026-05-21T11:14:17.621163
0PU42,SALICE SALENTINO,40.390556,17.875278,2026-05-21 09:30:00,ws_2m_hourly,5.9,m/s,2026-05-21T11:14:17.621160
0PU43,LUCUGNANO,39.930279,18.3225,2026-05-21 09:30:00,precip_10min_interval,0.0,mm,2026-05-21T11:14:12.089334
0PU43,LUCUGNANO,39.930279,18.3225,2026-05-21 09:30:00,ws_10m_hourly,6.1,m/s,2026-05-21T11:14:17.621274
0PU43,LUCUGNANO,39.930279,18.3225,2026-05-21 09:30:00,ws_2m_hourly,3.5,m/s,2026-05-21T11:14:17.621271
0PU44,MANDURIA,40.381943,17.621111,2026-05-21 09:30:00,precip_10min_interval,0.0,mm,2026-05-21T11:14:12.089382
0PU44,MANDURIA,40.381943,17.621111,2026-05-21 09:30:00,ws_10m_hourly,7.3,m/s,2026-05-21T11:14:17.621374
0PU44,MANDURIA,40.381943,17.621111,2026-05-21 09:30:00,ws_2m_hourly,5.6,m/s,2026-05-21T11:14:17.621371
0PU45,MOTTOLA,40.675556,16.996111,2026-05-21 09:30:00,precip_10min_interval,0.0,mm,2026-05-21T11:14:12.089431
0PU45,MOTTOLA,40.675556,16.996111,2026-05-21 09:30:00,ws_10m_hourly,7.9,m/s,2026-05-21T11:14:17.621469
0PU45,MOTTOLA,40.675556,16.996111,2026-05-21 09:30:00,ws_2m_hourly,5.1,m/s,2026-05-21T11:14:17.621466
0PU46,MASSAFRA,40.582779,17.091944,2026-05-21 09:30:00,precip_10min_interval,0.0,mm,2026-05-21T11:14:12.089477
0PU46,MASSAFRA,40.582779,17.091944,2026-05-21 09:30:00,ws_10m_hourly,5.1,m/s,2026-05-21T11:14:17.621567
0PU46,MASSAFRA,40.582779,17.091944,2026-05-21 09:30:00,ws_2m_hourly,3.3,m/s,2026-05-21T11:14:17.621564
0PU47,CASTELLANETA,40.494446,16.878889,2026-05-21 09:30:00,precip_10min_interval,0.0,mm,2026-05-21T11:14:12.089530
0PU47,CASTELLANETA,40.494446,16.878889,2026-05-21 09:30:00,ws_10m_hourly,5.3,m/s,2026-05-21T11:14:17.621663
0PU47,CASTELLANETA,40.494446,16.878889,2026-05-21 09:30:00,ws_2m_hourly,2.2,m/s,2026-05-21T11:14:17.621660
0PU48,BARI C.N.R. IRSA,41.116943,16.820557,2026-05-21 09:30:00,precip_10min_interval,0.0,mm,2026-05-21T11:14:12.089576
0PU48,BARI C.N.R. IRSA,41.116943,16.820557,2026-05-21 09:30:00,ws_10m_hourly,6.6,m/s,2026-05-21T11:14:17.621761
0PU48,BARI C.N.R. IRSA,41.116943,16.820557,2026-05-21 09:30:00,ws_2m_hourly,4.3,m/s,2026-05-21T11:14:17.621758
0PU49,LOCOROTONDO ITAS,40.757221,17.340834,2026-05-21 09:30:00,precip_10min_interval,0.0,mm,2026-05-21T11:14:12.089624
0PU49,LOCOROTONDO ITAS,40.757221,17.340834,2026-05-21 09:30:00,ws_10m_hourly,7.2,m/s,2026-05-21T11:14:17.621859
0PU49,LOCOROTONDO ITAS,40.757221,17.340834,2026-05-21 09:30:00,ws_2m_hourly,5.1,m/s,2026-05-21T11:14:17.621853
0PU53,TORITTO,40.957222,16.567223,2026-05-21 09:30:00,precip_10min_interval,0.0,mm,2026-05-21T11:14:12.089672
0PU53,TORITTO,40.957222,16.567223,2026-05-21 09:30:00,ws_10m_hourly,8.4,m/s,2026-05-21T11:14:17.621955
0PU53,TORITTO,40.957222,16.567223,2026-05-21 09:30:00,ws_2m_hourly,6.3,m/s,2026-05-21T11:14:17.621952
0PU54,TORRE SANTA SUSANNA,40.459442,17.724722,2026-05-21 09:30:00,precip_10min_interval,0.0,mm,2026-05-21T11:14:12.089720
0PU54,TORRE SANTA SUSANNA,40.459442,17.724722,2026-05-21 09:30:00,ws_10m_hourly,6.6,m/s,2026-05-21T11:14:17.622054
0PU54,TORRE SANTA SUSANNA,40.459442,17.724722,2026-05-21 09:30:00,ws_2m_hourly,1.5,m/s,2026-05-21T11:14:17.622051
0PU55,LESINA-RIPALTA,41.8475,15.266111,2026-05-21 09:30:00,precip_10min_interval,0.0,mm,2026-05-21T11:14:12.089770
0PU55,LESINA-RIPALTA,41.8475,15.266111,2026-05-21 09:30:00,ws_10m_hourly,7.8,m/s,2026-05-21T11:14:17.622152
0PU55,LESINA-RIPALTA,41.8475,15.266111,2026-05-21 09:30:00,ws_2m_hourly,5.8,m/s,2026-05-21T11:14:17.622148
0PU56,CARLANTINO,41.588333,14.983611,2026-05-21 09:30:00,precip_10min_interval,0.0,mm,2026-05-21T11:14:12.089818
0PU56,CARLANTINO,41.588333,14.983611,2026-05-21 09:30:00,ws_10m_hourly,8.7,m/s,2026-05-21T11:14:17.622262
0PU56,CARLANTINO,41.588333,14.983611,2026-05-21 09:30:00,ws_2m_hourly,7.0,m/s,2026-05-21T11:14:17.622257
0PU57,SANT'AGATA DI PUGLIA,41.150276,15.46,2026-05-21 09:30:00,precip_10min_interval,0.0,mm,2026-05-21T11:14:12.089865
0PU57,SANT'AGATA DI PUGLIA,41.150276,15.46,2026-05-21 09:30:00,ws_10m_hourly,5.5,m/s,2026-05-21T11:14:17.622372
0PU57,SANT'AGATA DI PUGLIA,41.150276,15.46,2026-05-21 09:30:00,ws_2m_hourly,3.6,m/s,2026-05-21T11:14:17.622369
0PU58,GINOSA,40.556389,16.843611,2026-05-21 09:30:00,precip_10min_interval,0.0,mm,2026-05-21T11:14:12.089921
0PU58,GINOSA,40.556389,16.843611,2026-05-21 09:30:00,ws_10m_hourly,7.8,m/s,2026-05-21T11:14:17.622482
0PU58,GINOSA,40.556389,16.843611,2026-05-21 09:30:00,ws_2m_hourly,5.7,m/s,2026-05-21T11:14:17.622479
0PU59,PALAGIANELLO,40.578335,16.975279,2026-05-21 09:30:00,precip_10min_interval,0.0,mm,2026-05-21T11:14:12.089975
0PU59,PALAGIANELLO,40.578335,16.975279,2026-05-21 09:30:00,ws_10m_hourly,7.4,m/s,2026-05-21T11:14:17.622653
0PU59,PALAGIANELLO,40.578335,16.975279,2026-05-21 09:30:00,ws_2m_hourly,5.1,m/s,2026-05-21T11:14:17.622650
0PU60,MINERVINO DI LECCE,40.093613,18.418612,2026-05-21 09:30:00,precip_10min_interval,0.0,mm,2026-05-21T11:14:12.090028
0PU60,MINERVINO DI LECCE,40.093613,18.418612,2026-05-21 09:30:00,ws_10m_hourly,6.7,m/s,2026-05-21T11:14:17.623090
0PU60,MINERVINO DI LECCE,40.093613,18.418612,2026-05-21 09:30:00,ws_2m_hourly,4.5,m/s,2026-05-21T11:14:17.623087
0PU61,NARDO',40.171391,17.976389,2026-05-21 09:30:00,precip_10min_interval,0.0,mm,2026-05-21T11:14:12.090087
0PU61,NARDO',40.171391,17.976389,2026-05-21 09:30:00,ws_10m_hourly,7.3,m/s,2026-05-21T11:14:17.623200
0PU61,NARDO',40.171391,17.976389,2026-05-21 09:30:00,ws_2m_hourly,2.9,m/s,2026-05-21T11:14:17.623197
MBA20,IPSAA,41.22139,16.049723,2026-05-21 09:30:00,precip_10min_interval,0.0,mm,2026-05-21T11:14:12.090141
MBA20,IPSAA,41.22139,16.049723,2026-05-21 09:30:00,ws_2m_hourly,2.2,m/s,2026-05-21T11:14:17.623295
MBA21,MONTEGROSSO,41.132778,16.185833,2026-05-21 09:30:00,precip_10min_interval,0.0,mm,2026-05-21T11:14:12.090198
MBA21,MONTEGROSSO,41.132778,16.185833,2026-05-21 09:30:00,ws_2m_hourly,1.4,m/s,2026-05-21T11:14:17.623354
MBA22,S.P. SANTERAMO,40.80611,16.591389,2026-05-21 09:30:00,precip_10min_interval,0.0,mm,2026-05-21T11:14:12.090269
MBA22,S.P. SANTERAMO,40.80611,16.591389,2026-05-21 09:30:00,ws_2m_hourly,6.1,m/s,2026-05-21T11:14:17.623412
MBA24,CASSANO DELLE MURGE,40.918888,16.78861,2026-05-21 09:30:00,precip_10min_interval,0.0,mm,2026-05-21T11:14:12.090323
MBA24,CASSANO DELLE MURGE,40.918888,16.78861,2026-05-21 09:30:00,ws_2m_hourly,6.7,m/s,2026-05-21T11:14:17.623470
MBA25,SANTERAMO IN COLLE,40.78611,16.775833,2026-05-21 09:30:00,precip_10min_interval,0.0,mm,2026-05-21T11:14:12.090387
MBA25,SANTERAMO IN COLLE,40.78611,16.775833,2026-05-21 09:30:00,ws_2m_hourly,4.6,m/s,2026-05-21T11:14:17.623530
MBA26,CAMPO SPER. UNIBA,41.023609,16.906389,2026-05-21 09:30:00,precip_10min_interval,0.0,mm,2026-05-21T11:14:12.090447
MBA26,CAMPO SPER. UNIBA,41.023609,16.906389,2026-05-21 09:30:00,ws_2m_hourly,2.9,m/s,2026-05-21T11:14:17.623588
MBA27,SERRONE(AZ.AGR.MANCINI),40.921391,16.947222,2026-05-21 09:30:00,precip_10min_interval,0.0,mm,2026-05-21T11:14:12.090508
MBA27,SERRONE(AZ.AGR.MANCINI),40.921391,16.947222,2026-05-21 09:30:00,ws_2m_hourly,5.1,m/s,2026-05-21T11:14:17.623650
MBA28,MURGIA ANTICI,40.715557,17.106667,2026-05-21 09:30:00,precip_10min_interval,0.0,mm,2026-05-21T11:14:12.090567
MBA28,MURGIA ANTICI,40.715557,17.106667,2026-05-21 09:30:00,ws_2m_hourly,5.1,m/s,2026-05-21T11:14:17.623708
MBA29,LAMENDOLA I,40.812222,17.164167,2026-05-21 09:30:00,precip_10min_interval,0.0,mm,2026-05-21T11:14:12.090630
MBA29,LAMENDOLA I,40.812222,17.164167,2026-05-21 09:30:00,ws_2m_hourly,5.8,m/s,2026-05-21T11:14:17.623771
MBR30,FASCIANELLO,40.860279,17.364166,2026-05-21 09:30:00,precip_10min_interval,0.0,mm,2026-05-21T11:14:12.090688
MBR30,FASCIANELLO,40.860279,17.364166,2026-05-21 09:30:00,ws_2m_hourly,6.0,m/s,2026-05-21T11:14:17.623832
MBR31,FERRUZZO,40.62389,17.497499,2026-05-21 09:30:00,precip_10min_interval,0.0,mm,2026-05-21T11:14:12.090804
MBR31,FERRUZZO,40.62389,17.497499,2026-05-21 09:30:00,ws_2m_hourly,4.1,m/s,2026-05-21T11:14:17.623892
MFG01,S. LUCIA,41.470554,15.363889,2026-05-21 09:30:00,precip_10min_interval,0.0,mm,2026-05-21T11:14:12.090872
MFG01,S. LUCIA,41.470554,15.363889,2026-05-21 09:30:00,ws_2m_hourly,1.3,m/s,2026-05-21T11:14:17.623956
MFG02,SERRA DEI BISI,41.347778,15.282778,2026-05-21 09:30:00,precip_10min_interval,0.0,mm,2026-05-21T11:14:12.090924
MFG02,SERRA DEI BISI,41.347778,15.282778,2026-05-21 09:30:00,ws_2m_hourly,5.2,m/s,2026-05-21T11:14:17.624012
MFG03,LA PESCIA,41.40889,15.756667,2026-05-21 09:30:00,precip_10min_interval,0.0,mm,2026-05-21T11:14:12.090980
MFG03,LA PESCIA,41.40889,15.756667,2026-05-21 09:30:00,ws_2m_hourly,4.1,m/s,2026-05-21T11:14:17.624064
MFG04,TRE SANTI,41.393612,15.848056,2026-05-21 09:30:00,precip_10min_interval,0.0,mm,2026-05-21T11:14:12.091036
MFG04,TRE SANTI,41.393612,15.848056,2026-05-21 09:30:00,ws_2m_hourly,4.4,m/s,2026-05-21T11:14:17.624118
MFG05,RIVOLI,41.470833,15.929444,2026-05-21 09:30:00,precip_10min_interval,0.0,mm,2026-05-21T11:14:12.091088
MFG05,RIVOLI,41.470833,15.929444,2026-05-21 09:30:00,ws_2m_hourly,3.8,m/s,2026-05-21T11:14:17.624173
MFG06,TAVOLETTA,41.194168,15.932222,2026-05-21 09:30:00,precip_10min_interval,0.0,mm,2026-05-21T11:14:12.091144
MFG06,TAVOLETTA,41.194168,15.932222,2026-05-21 09:30:00,ws_2m_hourly,6.1,m/s,2026-05-21T11:14:17.624238
MFG07,COPPA D'ORO,41.421665,15.606944,2026-05-21 09:30:00,ws_2m_hourly,5.1,m/s,2026-05-21T11:14:17.624299
MFG09,ARIOLA,41.8325,15.859722,2026-05-21 09:30:00,precip_10min_interval,0.0,mm,2026-05-21T11:14:12.091211
MFG09,ARIOLA,41.8325,15.859722,2026-05-21 09:30:00,ws_2m_hourly,0.8,m/s,2026-05-21T11:14:17.624353
MFG10,MATINE CARNE SALATA,41.651943,15.706389,2026-05-21 09:30:00,precip_10min_interval,0.0,mm,2026-05-21T11:14:12.091277
MFG10,MATINE CARNE SALATA,41.651943,15.706389,2026-05-21 09:30:00,ws_2m_hourly,2.7,m/s,2026-05-21T11:14:17.624442
MFG11,SELVA DELLE GROTTE,41.714722,15.148056,2026-05-21 09:30:00,precip_10min_interval,0.0,mm,2026-05-21T11:14:12.091331
MFG11,SELVA DELLE GROTTE,41.714722,15.148056,2026-05-21 09:30:00,ws_2m_hourly,7.3,m/s,2026-05-21T11:14:17.624556
MFG13,BISCIGLIETO,41.142502,15.662778,2026-05-21 09:30:00,precip_10min_interval,0.0,mm,2026-05-21T11:14:12.091387
MFG13,BISCIGLIETO,41.142502,15.662778,2026-05-21 09:30:00,ws_2m_hourly,6.1,m/s,2026-05-21T11:14:17.624669
MFG14,S. LUCIA,41.922779,15.874722,2026-05-21 09:30:00,precip_10min_interval,0.0,mm,2026-05-21T11:14:12.091435
MFG14,S. LUCIA,41.922779,15.874722,2026-05-21 09:30:00,ws_2m_hourly,1.4,m/s,2026-05-21T11:14:17.624765
MFG15,CASA LORDA,41.62389,15.403056,2026-05-21 09:30:00,precip_10min_interval,0.0,mm,2026-05-21T11:14:12.091492
MFG15,CASA LORDA,41.62389,15.403056,2026-05-21 09:30:00,ws_2m_hourly,4.7,m/s,2026-05-21T11:14:17.624876
MFG16,QUERCIA COPPE,41.693054,15.756944,2026-05-21 09:30:00,precip_10min_interval,0.0,mm,2026-05-21T11:14:12.091551
MFG16,QUERCIA COPPE,41.693054,15.756944,2026-05-21 09:30:00,ws_2m_hourly,4.6,m/s,2026-05-21T11:14:17.624985
MFG17,CARRO CHIUSO,41.284168,16.077223,2026-05-21 09:30:00,precip_10min_interval,0.0,mm,2026-05-21T11:14:12.091606
MFG17,CARRO CHIUSO,41.284168,16.077223,2026-05-21 09:30:00,ws_2m_hourly,2.5,m/s,2026-05-21T11:14:17.625091
MFG18,VIESTE,41.901669,16.080557,2026-05-21 09:30:00,precip_10min_interval,0.0,mm,2026-05-21T11:14:12.091670
MFG18,VIESTE,41.901669,16.080557,2026-05-21 09:30:00,ws_2m_hourly,2.6,m/s,2026-05-21T11:14:17.625197
MFG19,FOGGIA MONTEROZZI,41.521111,15.591944,2026-05-21 09:30:00,precip_10min_interval,0.0,mm,2026-05-21T11:14:12.091727
MFG19,FOGGIA MONTEROZZI,41.521111,15.591944,2026-05-21 09:30:00,ws_2m_hourly,5.9,m/s,2026-05-21T11:14:17.625351
MLE34,BARBARO,39.980831,18.1525,2026-05-21 09:30:00,precip_10min_interval,0.0,mm,2026-05-21T11:14:12.091782
MLE34,BARBARO,39.980831,18.1525,2026-05-21 09:30:00,ws_2m_hourly,5.2,m/s,2026-05-21T11:14:17.625472
MLE35,MALOPRA,40.225555,18.299168,2026-05-21 09:30:00,precip_10min_interval,0.0,mm,2026-05-21T11:14:12.091852
MLE35,MALOPRA,40.225555,18.299168,2026-05-21 09:30:00,ws_2m_hourly,4.3,m/s,2026-05-21T11:14:17.625615
MTA32,MARTINA FRANCA,40.634724,17.277779,2026-05-21 09:30:00,precip_10min_interval,0.0,mm,2026-05-21T11:14:12.091918
MTA32,MARTINA FRANCA,40.634724,17.277779,2026-05-21 09:30:00,ws_2m_hourly,2.6,m/s,2026-05-21T11:14:17.625748
0PU01,GUROLAMANNA,40.916111,16.447779,2026-05-21 09:40:00,precip_10min_interval,0.0,mm,2026-05-21T11:14:12.087697
0PU01,GUROLAMANNA,40.916111,16.447779,2026-05-21 09:40:00,ws_10m_hourly,9.0,m/s,2026-05-21T11:14:17.618082
0PU01,GUROLAMANNA,40.916111,16.447779,2026-05-21 09:40:00,ws_2m_hourly,6.5,m/s,2026-05-21T11:14:17.618077
0PU03,LIMELLI D'IMPERATORE,40.883057,16.3125,2026-05-21 09:40:00,precip_10min_interval,0.0,mm,2026-05-21T11:14:12.087796
0PU03,LIMELLI D'IMPERATORE,40.883057,16.3125,2026-05-21 09:40:00,ws_10m_hourly,6.5,m/s,2026-05-21T11:14:17.618252
0PU03,LIMELLI D'IMPERATORE,40.883057,16.3125,2026-05-21 09:40:00,ws_2m_hourly,4.2,m/s,2026-05-21T11:14:17.618246
0PU04,OTTAVA SEDICI,40.7925,17.481943,2026-05-21 09:40:00,precip_10min_interval,0.0,mm,2026-05-21T11:14:12.087862
0PU04,OTTAVA SEDICI,40.7925,17.481943,2026-05-21 09:40:00,ws_10m_hourly,5.9,m/s,2026-05-21T11:14:17.618368
0PU04,OTTAVA SEDICI,40.7925,17.481943,2026-05-21 09:40:00,ws_2m_hourly,2.3,m/s,2026-05-21T11:14:17.618363
0PU06,MAINE,40.543056,18.032223,2026-05-21 09:40:00,precip_10min_interval,0.0,mm,2026-05-21T11:14:12.087932
0PU06,MAINE,40.543056,18.032223,2026-05-21 09:40:00,ws_10m_hourly,4.7,m/s,2026-05-21T11:14:17.618444
0PU06,MAINE,40.543056,18.032223,2026-05-21 09:40:00,ws_2m_hourly,1.4,m/s,2026-05-21T11:14:17.618441
0PU07,TRIONFO,41.347221,15.744167,2026-05-21 09:40:00,precip_10min_interval,0.0,mm,2026-05-21T11:14:12.088007
0PU07,TRIONFO,41.347221,15.744167,2026-05-21 09:40:00,ws_10m_hourly,8.7,m/s,2026-05-21T11:14:17.618521
0PU07,TRIONFO,41.347221,15.744167,2026-05-21 09:40:00,ws_2m_hourly,2.5,m/s,2026-05-21T11:14:17.618518
0PU08,TORRETTA,41.542221,15.173889,2026-05-21 09:40:00,precip_10min_interval,0.0,mm,2026-05-21T11:14:12.088070
0PU08,TORRETTA,41.542221,15.173889,2026-05-21 09:40:00,ws_10m_hourly,6.7,m/s,2026-05-21T11:14:17.618604
0PU08,TORRETTA,41.542221,15.173889,2026-05-21 09:40:00,ws_2m_hourly,0.0,m/s,2026-05-21T11:14:17.618601
0PU10,FRASSANITO,40.237221,18.441389,2026-05-21 09:40:00,precip_10min_interval,0.0,mm,2026-05-21T11:14:12.088113
0PU10,FRASSANITO,40.237221,18.441389,2026-05-21 09:40:00,ws_10m_hourly,8.3,m/s,2026-05-21T11:14:17.618689
0PU10,FRASSANITO,40.237221,18.441389,2026-05-21 09:40:00,ws_2m_hourly,4.9,m/s,2026-05-21T11:14:17.618686
0PU11,BADESSA,40.470554,18.097221,2026-05-21 09:40:00,precip_10min_interval,0.0,mm,2026-05-21T11:14:12.088157
0PU11,BADESSA,40.470554,18.097221,2026-05-21 09:40:00,ws_10m_hourly,8.4,m/s,2026-05-21T11:14:17.618772
0PU11,BADESSA,40.470554,18.097221,2026-05-21 09:40:00,ws_2m_hourly,5.9,m/s,2026-05-21T11:14:17.618769
0PU12,CONTE,39.981945,18.067499,2026-05-21 09:40:00,precip_10min_interval,0.0,mm,2026-05-21T11:14:12.088198
0PU12,CONTE,39.981945,18.067499,2026-05-21 09:40:00,ws_10m_hourly,6.5,m/s,2026-05-21T11:14:17.618858
0PU12,CONTE,39.981945,18.067499,2026-05-21 09:40:00,ws_2m_hourly,1.6,m/s,2026-05-21T11:14:17.618855
0PU13,TORRICELLA,40.343334,17.487778,2026-05-21 09:40:00,precip_10min_interval,0.0,mm,2026-05-21T11:14:12.088259
0PU13,TORRICELLA,40.343334,17.487778,2026-05-21 09:40:00,ws_10m_hourly,7.9,m/s,2026-05-21T11:14:17.618944
0PU13,TORRICELLA,40.343334,17.487778,2026-05-21 09:40:00,ws_2m_hourly,4.4,m/s,2026-05-21T11:14:17.618941
0PU14,TAFURI,40.680832,16.867779,2026-05-21 09:40:00,precip_10min_interval,0.0,mm,2026-05-21T11:14:12.088304
0PU14,TAFURI,40.680832,16.867779,2026-05-21 09:40:00,ws_10m_hourly,9.2,m/s,2026-05-21T11:14:17.619031
0PU14,TAFURI,40.680832,16.867779,2026-05-21 09:40:00,ws_2m_hourly,4.6,m/s,2026-05-21T11:14:17.619028
0PU16,ANDRIA,41.202221,16.201944,2026-05-21 09:40:00,precip_10min_interval,0.0,mm,2026-05-21T11:14:12.088344
0PU16,ANDRIA,41.202221,16.201944,2026-05-21 09:40:00,ws_10m_hourly,3.3,m/s,2026-05-21T11:14:17.619112
0PU16,ANDRIA,41.202221,16.201944,2026-05-21 09:40:00,ws_2m_hourly,1.1,m/s,2026-05-21T11:14:17.619110
0PU17,OSTUNI-SAROLO,40.688332,17.413889,2026-05-21 09:40:00,precip_10min_interval,0.0,mm,2026-05-21T11:14:12.088388
0PU17,OSTUNI-SAROLO,40.688332,17.413889,2026-05-21 09:40:00,ws_10m_hourly,6.7,m/s,2026-05-21T11:14:17.619205
0PU17,OSTUNI-SAROLO,40.688332,17.413889,2026-05-21 09:40:00,ws_2m_hourly,3.8,m/s,2026-05-21T11:14:17.619202
0PU18,MONOPOLI,40.919445,17.294443,2026-05-21 09:40:00,precip_10min_interval,0.0,mm,2026-05-21T11:14:12.088435
0PU18,MONOPOLI,40.919445,17.294443,2026-05-21 09:40:00,ws_10m_hourly,5.9,m/s,2026-05-21T11:14:17.619313
0PU18,MONOPOLI,40.919445,17.294443,2026-05-21 09:40:00,ws_2m_hourly,3.9,m/s,2026-05-21T11:14:17.619309
0PU19,TERLIZZI,41.120834,16.549168,2026-05-21 09:40:00,precip_10min_interval,0.0,mm,2026-05-21T11:14:12.088480
0PU19,TERLIZZI,41.120834,16.549168,2026-05-21 09:40:00,ws_10m_hourly,3.2,m/s,2026-05-21T11:14:17.619403
0PU19,TERLIZZI,41.120834,16.549168,2026-05-21 09:40:00,ws_2m_hourly,0.8,m/s,2026-05-21T11:14:17.619401
0PU20,VILLA CASTELLI,40.553055,17.504444,2026-05-21 09:40:00,precip_10min_interval,0.0,mm,2026-05-21T11:14:12.088523
0PU20,VILLA CASTELLI,40.553055,17.504444,2026-05-21 09:40:00,ws_10m_hourly,6.5,m/s,2026-05-21T11:14:17.619494
0PU20,VILLA CASTELLI,40.553055,17.504444,2026-05-21 09:40:00,ws_2m_hourly,3.8,m/s,2026-05-21T11:14:17.619491
0PU21,CAROVIGNO,40.691944,17.630278,2026-05-21 09:40:00,precip_10min_interval,0.0,mm,2026-05-21T11:14:12.088572
0PU21,CAROVIGNO,40.691944,17.630278,2026-05-21 09:40:00,ws_10m_hourly,5.2,m/s,2026-05-21T11:14:17.619584
0PU21,CAROVIGNO,40.691944,17.630278,2026-05-21 09:40:00,ws_2m_hourly,1.8,m/s,2026-05-21T11:14:17.619581
0PU22,APRICENA,41.773335,15.438611,2026-05-21 09:40:00,precip_10min_interval,0.0,mm,2026-05-21T11:14:12.088617
0PU22,APRICENA,41.773335,15.438611,2026-05-21 09:40:00,ws_10m_hourly,5.9,m/s,2026-05-21T11:14:17.619676
0PU22,APRICENA,41.773335,15.438611,2026-05-21 09:40:00,ws_2m_hourly,1.4,m/s,2026-05-21T11:14:17.619671
0PU23,MANFREDONIA,41.541389,15.885833,2026-05-21 09:40:00,precip_10min_interval,0.0,mm,2026-05-21T11:14:12.088660
0PU23,MANFREDONIA,41.541389,15.885833,2026-05-21 09:40:00,ws_10m_hourly,4.8,m/s,2026-05-21T11:14:17.619764
0PU23,MANFREDONIA,41.541389,15.885833,2026-05-21 09:40:00,ws_2m_hourly,2.9,m/s,2026-05-21T11:14:17.619761
0PU25,NOCIGLIA,40.034443,18.313057,2026-05-21 09:40:00,precip_10min_interval,0.0,mm,2026-05-21T11:14:12.088707
0PU25,NOCIGLIA,40.034443,18.313057,2026-05-21 09:40:00,ws_10m_hourly,7.2,m/s,2026-05-21T11:14:17.619859
0PU25,NOCIGLIA,40.034443,18.313057,2026-05-21 09:40:00,ws_2m_hourly,4.4,m/s,2026-05-21T11:14:17.619856
0PU27,GROTTAGLIE,40.53389,17.362778,2026-05-21 09:40:00,ws_10m_hourly,4.7,m/s,2026-05-21T11:14:17.619947
0PU27,GROTTAGLIE,40.53389,17.362778,2026-05-21 09:40:00,ws_2m_hourly,2.6,m/s,2026-05-21T11:14:17.619944
0PU28,TRANI,41.247501,16.415556,2026-05-21 09:40:00,precip_10min_interval,0.0,mm,2026-05-21T11:14:12.088752
0PU28,TRANI,41.247501,16.415556,2026-05-21 09:40:00,ws_10m_hourly,4.7,m/s,2026-05-21T11:14:17.620091
0PU28,TRANI,41.247501,16.415556,2026-05-21 09:40:00,ws_2m_hourly,2.8,m/s,2026-05-21T11:14:17.620088
0PU30,NOICATTARO,41.021942,16.967777,2026-05-21 09:40:00,precip_10min_interval,0.0,mm,2026-05-21T11:14:12.088798
0PU30,NOICATTARO,41.021942,16.967777,2026-05-21 09:40:00,ws_10m_hourly,7.9,m/s,2026-05-21T11:14:17.620188
0PU30,NOICATTARO,41.021942,16.967777,2026-05-21 09:40:00,ws_2m_hourly,5.0,m/s,2026-05-21T11:14:17.620185
0PU31,ALBEROBELLO,40.790558,17.233334,2026-05-21 09:40:00,precip_10min_interval,0.0,mm,2026-05-21T11:14:12.088846
0PU31,ALBEROBELLO,40.790558,17.233334,2026-05-21 09:40:00,ws_10m_hourly,7.1,m/s,2026-05-21T11:14:17.620298
0PU31,ALBEROBELLO,40.790558,17.233334,2026-05-21 09:40:00,ws_2m_hourly,4.0,m/s,2026-05-21T11:14:17.620295
0PU33,MOCCARI,40.558334,17.851667,2026-05-21 09:40:00,precip_10min_interval,0.0,mm,2026-05-21T11:14:12.088894
0PU33,MOCCARI,40.558334,17.851667,2026-05-21 09:40:00,ws_10m_hourly,7.8,m/s,2026-05-21T11:14:17.620400
0PU33,MOCCARI,40.558334,17.851667,2026-05-21 09:40:00,ws_2m_hourly,5.7,m/s,2026-05-21T11:14:17.620397
0PU34,LATIANO,40.548332,17.688057,2026-05-21 09:40:00,precip_10min_interval,0.0,mm,2026-05-21T11:14:12.088945
0PU34,LATIANO,40.548332,17.688057,2026-05-21 09:40:00,ws_10m_hourly,3.2,m/s,2026-05-21T11:14:17.620499
0PU34,LATIANO,40.548332,17.688057,2026-05-21 09:40:00,ws_2m_hourly,3.1,m/s,2026-05-21T11:14:17.620496
0PU35,SAN VITO DEI NORMANNI,40.629166,17.73361,2026-05-21 09:40:00,precip_10min_interval,0.0,mm,2026-05-21T11:14:12.088993
0PU35,SAN VITO DEI NORMANNI,40.629166,17.73361,2026-05-21 09:40:00,ws_10m_hourly,7.1,m/s,2026-05-21T11:14:17.620597
0PU35,SAN VITO DEI NORMANNI,40.629166,17.73361,2026-05-21 09:40:00,ws_2m_hourly,5.0,m/s,2026-05-21T11:14:17.620592
0PU36,VILLANOVA,41.654167,15.586667,2026-05-21 09:40:00,precip_10min_interval,0.0,mm,2026-05-21T11:14:12.089039
0PU36,VILLANOVA,41.654167,15.586667,2026-05-21 09:40:00,ws_10m_hourly,8.2,m/s,2026-05-21T11:14:17.620695
0PU36,VILLANOVA,41.654167,15.586667,2026-05-21 09:40:00,ws_2m_hourly,4.4,m/s,2026-05-21T11:14:17.620692
0PU37,TROIA,41.336388,15.382778,2026-05-21 09:40:00,precip_10min_interval,0.0,mm,2026-05-21T11:14:12.089089
0PU37,TROIA,41.336388,15.382778,2026-05-21 09:40:00,ws_10m_hourly,7.9,m/s,2026-05-21T11:14:17.620790
0PU37,TROIA,41.336388,15.382778,2026-05-21 09:40:00,ws_2m_hourly,6.9,m/s,2026-05-21T11:14:17.620787
0PU38,BORGO LA ROCCA,41.558334,15.516111,2026-05-21 09:40:00,precip_10min_interval,0.0,mm,2026-05-21T11:14:12.089137
0PU38,BORGO LA ROCCA,41.558334,15.516111,2026-05-21 09:40:00,ws_10m_hourly,6.5,m/s,2026-05-21T11:14:17.620888
0PU38,BORGO LA ROCCA,41.558334,15.516111,2026-05-21 09:40:00,ws_2m_hourly,4.6,m/s,2026-05-21T11:14:17.620885
0PU40,ARCHE,40.273888,18.013611,2026-05-21 09:40:00,precip_10min_interval,0.0,mm,2026-05-21T11:14:12.089184
0PU40,ARCHE,40.273888,18.013611,2026-05-21 09:40:00,ws_10m_hourly,6.9,m/s,2026-05-21T11:14:17.620987
0PU40,ARCHE,40.273888,18.013611,2026-05-21 09:40:00,ws_2m_hourly,3.3,m/s,2026-05-21T11:14:17.620984
0PU41,LECCE,40.326668,18.139999,2026-05-21 09:40:00,precip_10min_interval,0.0,mm,2026-05-21T11:14:12.089239
0PU41,LECCE,40.326668,18.139999,2026-05-21 09:40:00,ws_10m_hourly,5.5,m/s,2026-05-21T11:14:17.621080
0PU41,LECCE,40.326668,18.139999,2026-05-21 09:40:00,ws_2m_hourly,3.8,m/s,2026-05-21T11:14:17.621077
0PU42,SALICE SALENTINO,40.390556,17.875278,2026-05-21 09:40:00,precip_10min_interval,0.0,mm,2026-05-21T11:14:12.089286
0PU42,SALICE SALENTINO,40.390556,17.875278,2026-05-21 09:40:00,ws_10m_hourly,8.6,m/s,2026-05-21T11:14:17.621171
0PU42,SALICE SALENTINO,40.390556,17.875278,2026-05-21 09:40:00,ws_2m_hourly,5.8,m/s,2026-05-21T11:14:17.621167
0PU43,LUCUGNANO,39.930279,18.3225,2026-05-21 09:40:00,precip_10min_interval,0.0,mm,2026-05-21T11:14:12.089337
0PU43,LUCUGNANO,39.930279,18.3225,2026-05-21 09:40:00,ws_10m_hourly,5.7,m/s,2026-05-21T11:14:17.621280
0PU43,LUCUGNANO,39.930279,18.3225,2026-05-21 09:40:00,ws_2m_hourly,3.4,m/s,2026-05-21T11:14:17.621277
0PU44,MANDURIA,40.381943,17.621111,2026-05-21 09:40:00,precip_10min_interval,0.0,mm,2026-05-21T11:14:12.089386
0PU44,MANDURIA,40.381943,17.621111,2026-05-21 09:40:00,ws_10m_hourly,7.2,m/s,2026-05-21T11:14:17.621379
0PU44,MANDURIA,40.381943,17.621111,2026-05-21 09:40:00,ws_2m_hourly,5.4,m/s,2026-05-21T11:14:17.621377
0PU45,MOTTOLA,40.675556,16.996111,2026-05-21 09:40:00,precip_10min_interval,0.0,mm,2026-05-21T11:14:12.089434
0PU45,MOTTOLA,40.675556,16.996111,2026-05-21 09:40:00,ws_10m_hourly,7.2,m/s,2026-05-21T11:14:17.621478
0PU45,MOTTOLA,40.675556,16.996111,2026-05-21 09:40:00,ws_2m_hourly,4.4,m/s,2026-05-21T11:14:17.621473
0PU46,MASSAFRA,40.582779,17.091944,2026-05-21 09:40:00,precip_10min_interval,0.0,mm,2026-05-21T11:14:12.089480
0PU46,MASSAFRA,40.582779,17.091944,2026-05-21 09:40:00,ws_10m_hourly,4.9,m/s,2026-05-21T11:14:17.621573
0PU46,MASSAFRA,40.582779,17.091944,2026-05-21 09:40:00,ws_2m_hourly,3.3,m/s,2026-05-21T11:14:17.621570
0PU47,CASTELLANETA,40.494446,16.878889,2026-05-21 09:40:00,precip_10min_interval,0.0,mm,2026-05-21T11:14:12.089533
0PU47,CASTELLANETA,40.494446,16.878889,2026-05-21 09:40:00,ws_10m_hourly,4.0,m/s,2026-05-21T11:14:17.621669
0PU47,CASTELLANETA,40.494446,16.878889,2026-05-21 09:40:00,ws_2m_hourly,2.0,m/s,2026-05-21T11:14:17.621666
0PU48,BARI C.N.R. IRSA,41.116943,16.820557,2026-05-21 09:40:00,precip_10min_interval,0.0,mm,2026-05-21T11:14:12.089581
0PU48,BARI C.N.R. IRSA,41.116943,16.820557,2026-05-21 09:40:00,ws_10m_hourly,6.3,m/s,2026-05-21T11:14:17.621767
0PU48,BARI C.N.R. IRSA,41.116943,16.820557,2026-05-21 09:40:00,ws_2m_hourly,4.3,m/s,2026-05-21T11:14:17.621764
0PU49,LOCOROTONDO ITAS,40.757221,17.340834,2026-05-21 09:40:00,precip_10min_interval,0.0,mm,2026-05-21T11:14:12.089627
0PU49,LOCOROTONDO ITAS,40.757221,17.340834,2026-05-21 09:40:00,ws_10m_hourly,7.3,m/s,2026-05-21T11:14:17.621865
0PU49,LOCOROTONDO ITAS,40.757221,17.340834,2026-05-21 09:40:00,ws_2m_hourly,5.1,m/s,2026-05-21T11:14:17.621862
0PU53,TORITTO,40.957222,16.567223,2026-05-21 09:40:00,precip_10min_interval,0.0,mm,2026-05-21T11:14:12.089675
0PU53,TORITTO,40.957222,16.567223,2026-05-21 09:40:00,ws_10m_hourly,8.7,m/s,2026-05-21T11:14:17.621961
0PU53,TORITTO,40.957222,16.567223,2026-05-21 09:40:00,ws_2m_hourly,6.6,m/s,2026-05-21T11:14:17.621958
0PU54,TORRE SANTA SUSANNA,40.459442,17.724722,2026-05-21 09:40:00,precip_10min_interval,0.0,mm,2026-05-21T11:14:12.089725
0PU54,TORRE SANTA SUSANNA,40.459442,17.724722,2026-05-21 09:40:00,ws_10m_hourly,7.4,m/s,2026-05-21T11:14:17.622060
0PU54,TORRE SANTA SUSANNA,40.459442,17.724722,2026-05-21 09:40:00,ws_2m_hourly,1.6,m/s,2026-05-21T11:14:17.622057
0PU55,LESINA-RIPALTA,41.8475,15.266111,2026-05-21 09:40:00,precip_10min_interval,0.0,mm,2026-05-21T11:14:12.089773
0PU55,LESINA-RIPALTA,41.8475,15.266111,2026-05-21 09:40:00,ws_10m_hourly,8.0,m/s,2026-05-21T11:14:17.622159
0PU55,LESINA-RIPALTA,41.8475,15.266111,2026-05-21 09:40:00,ws_2m_hourly,6.0,m/s,2026-05-21T11:14:17.622156
0PU56,CARLANTINO,41.588333,14.983611,2026-05-21 09:40:00,precip_10min_interval,0.0,mm,2026-05-21T11:14:12.089822
0PU56,CARLANTINO,41.588333,14.983611,2026-05-21 09:40:00,ws_10m_hourly,7.9,m/s,2026-05-21T11:14:17.622268
0PU56,CARLANTINO,41.588333,14.983611,2026-05-21 09:40:00,ws_2m_hourly,6.5,m/s,2026-05-21T11:14:17.622265
0PU57,SANT'AGATA DI PUGLIA,41.150276,15.46,2026-05-21 09:40:00,precip_10min_interval,0.0,mm,2026-05-21T11:14:12.089868
0PU57,SANT'AGATA DI PUGLIA,41.150276,15.46,2026-05-21 09:40:00,ws_10m_hourly,5.5,m/s,2026-05-21T11:14:17.622379
0PU57,SANT'AGATA DI PUGLIA,41.150276,15.46,2026-05-21 09:40:00,ws_2m_hourly,3.5,m/s,2026-05-21T11:14:17.622375
0PU58,GINOSA,40.556389,16.843611,2026-05-21 09:40:00,precip_10min_interval,0.0,mm,2026-05-21T11:14:12.089924
0PU58,GINOSA,40.556389,16.843611,2026-05-21 09:40:00,ws_10m_hourly,7.2,m/s,2026-05-21T11:14:17.622488
0PU58,GINOSA,40.556389,16.843611,2026-05-21 09:40:00,ws_2m_hourly,5.2,m/s,2026-05-21T11:14:17.622485
0PU59,PALAGIANELLO,40.578335,16.975279,2026-05-21 09:40:00,precip_10min_interval,0.0,mm,2026-05-21T11:14:12.089978
0PU59,PALAGIANELLO,40.578335,16.975279,2026-05-21 09:40:00,ws_10m_hourly,7.6,m/s,2026-05-21T11:14:17.622659
0PU59,PALAGIANELLO,40.578335,16.975279,2026-05-21 09:40:00,ws_2m_hourly,5.3,m/s,2026-05-21T11:14:17.622656
0PU60,MINERVINO DI LECCE,40.093613,18.418612,2026-05-21 09:40:00,precip_10min_interval,0.0,mm,2026-05-21T11:14:12.090031
0PU60,MINERVINO DI LECCE,40.093613,18.418612,2026-05-21 09:40:00,ws_10m_hourly,7.4,m/s,2026-05-21T11:14:17.623096
0PU60,MINERVINO DI LECCE,40.093613,18.418612,2026-05-21 09:40:00,ws_2m_hourly,5.2,m/s,2026-05-21T11:14:17.623093
0PU61,NARDO',40.171391,17.976389,2026-05-21 09:40:00,precip_10min_interval,0.0,mm,2026-05-21T11:14:12.090090
0PU61,NARDO',40.171391,17.976389,2026-05-21 09:40:00,ws_10m_hourly,6.8,m/s,2026-05-21T11:14:17.623209
0PU61,NARDO',40.171391,17.976389,2026-05-21 09:40:00,ws_2m_hourly,2.9,m/s,2026-05-21T11:14:17.623203
MBA20,IPSAA,41.22139,16.049723,2026-05-21 09:40:00,precip_10min_interval,0.0,mm,2026-05-21T11:14:12.090144
MBA20,IPSAA,41.22139,16.049723,2026-05-21 09:40:00,ws_2m_hourly,2.7,m/s,2026-05-21T11:14:17.623298
MBA21,MONTEGROSSO,41.132778,16.185833,2026-05-21 09:40:00,precip_10min_interval,0.0,mm,2026-05-21T11:14:12.090201
MBA21,MONTEGROSSO,41.132778,16.185833,2026-05-21 09:40:00,ws_2m_hourly,1.3,m/s,2026-05-21T11:14:17.623357
MBA22,S.P. SANTERAMO,40.80611,16.591389,2026-05-21 09:40:00,precip_10min_interval,0.0,mm,2026-05-21T11:14:12.090272
MBA22,S.P. SANTERAMO,40.80611,16.591389,2026-05-21 09:40:00,ws_2m_hourly,6.2,m/s,2026-05-21T11:14:17.623415
MBA24,CASSANO DELLE MURGE,40.918888,16.78861,2026-05-21 09:40:00,precip_10min_interval,0.0,mm,2026-05-21T11:14:12.090326
MBA24,CASSANO DELLE MURGE,40.918888,16.78861,2026-05-21 09:40:00,ws_2m_hourly,7.3,m/s,2026-05-21T11:14:17.623473
MBA25,SANTERAMO IN COLLE,40.78611,16.775833,2026-05-21 09:40:00,precip_10min_interval,0.0,mm,2026-05-21T11:14:12.090390
MBA25,SANTERAMO IN COLLE,40.78611,16.775833,2026-05-21 09:40:00,ws_2m_hourly,4.6,m/s,2026-05-21T11:14:17.623533
MBA26,CAMPO SPER. UNIBA,41.023609,16.906389,2026-05-21 09:40:00,precip_10min_interval,0.0,mm,2026-05-21T11:14:12.090450
MBA26,CAMPO SPER. UNIBA,41.023609,16.906389,2026-05-21 09:40:00,ws_2m_hourly,3.4,m/s,2026-05-21T11:14:17.623591
MBA27,SERRONE(AZ.AGR.MANCINI),40.921391,16.947222,2026-05-21 09:40:00,precip_10min_interval,0.0,mm,2026-05-21T11:14:12.090511
MBA27,SERRONE(AZ.AGR.MANCINI),40.921391,16.947222,2026-05-21 09:40:00,ws_2m_hourly,4.9,m/s,2026-05-21T11:14:17.623653
MBA28,MURGIA ANTICI,40.715557,17.106667,2026-05-21 09:40:00,precip_10min_interval,0.0,mm,2026-05-21T11:14:12.090570
MBA28,MURGIA ANTICI,40.715557,17.106667,2026-05-21 09:40:00,ws_2m_hourly,5.1,m/s,2026-05-21T11:14:17.623711
MBA29,LAMENDOLA I,40.812222,17.164167,2026-05-21 09:40:00,precip_10min_interval,0.0,mm,2026-05-21T11:14:12.090633
MBA29,LAMENDOLA I,40.812222,17.164167,2026-05-21 09:40:00,ws_2m_hourly,5.4,m/s,2026-05-21T11:14:17.623774
MBR30,FASCIANELLO,40.860279,17.364166,2026-05-21 09:40:00,precip_10min_interval,0.0,mm,2026-05-21T11:14:12.090691
MBR30,FASCIANELLO,40.860279,17.364166,2026-05-21 09:40:00,ws_2m_hourly,6.9,m/s,2026-05-21T11:14:17.623835
MBR31,FERRUZZO,40.62389,17.497499,2026-05-21 09:40:00,precip_10min_interval,0.0,mm,2026-05-21T11:14:12.090807
MBR31,FERRUZZO,40.62389,17.497499,2026-05-21 09:40:00,ws_2m_hourly,3.2,m/s,2026-05-21T11:14:17.623895
MFG01,S. LUCIA,41.470554,15.363889,2026-05-21 09:40:00,precip_10min_interval,0.0,mm,2026-05-21T11:14:12.090875
MFG01,S. LUCIA,41.470554,15.363889,2026-05-21 09:40:00,ws_2m_hourly,1.8,m/s,2026-05-21T11:14:17.623959
MFG02,SERRA DEI BISI,41.347778,15.282778,2026-05-21 09:40:00,precip_10min_interval,0.0,mm,2026-05-21T11:14:12.090927
MFG02,SERRA DEI BISI,41.347778,15.282778,2026-05-21 09:40:00,ws_2m_hourly,4.7,m/s,2026-05-21T11:14:17.624015
MFG03,LA PESCIA,41.40889,15.756667,2026-05-21 09:40:00,precip_10min_interval,0.0,mm,2026-05-21T11:14:12.090984
MFG03,LA PESCIA,41.40889,15.756667,2026-05-21 09:40:00,ws_2m_hourly,4.0,m/s,2026-05-21T11:14:17.624069
MFG04,TRE SANTI,41.393612,15.848056,2026-05-21 09:40:00,precip_10min_interval,0.0,mm,2026-05-21T11:14:12.091039
MFG04,TRE SANTI,41.393612,15.848056,2026-05-21 09:40:00,ws_2m_hourly,4.5,m/s,2026-05-21T11:14:17.624121
MFG05,RIVOLI,41.470833,15.929444,2026-05-21 09:40:00,precip_10min_interval,0.0,mm,2026-05-21T11:14:12.091093
MFG05,RIVOLI,41.470833,15.929444,2026-05-21 09:40:00,ws_2m_hourly,4.8,m/s,2026-05-21T11:14:17.624176
MFG06,TAVOLETTA,41.194168,15.932222,2026-05-21 09:40:00,precip_10min_interval,0.0,mm,2026-05-21T11:14:12.091147
MFG06,TAVOLETTA,41.194168,15.932222,2026-05-21 09:40:00,ws_2m_hourly,5.3,m/s,2026-05-21T11:14:17.624241
MFG07,COPPA D'ORO,41.421665,15.606944,2026-05-21 09:40:00,ws_2m_hourly,5.3,m/s,2026-05-21T11:14:17.624302
MFG09,ARIOLA,41.8325,15.859722,2026-05-21 09:40:00,precip_10min_interval,0.0,mm,2026-05-21T11:14:12.091226
MFG09,ARIOLA,41.8325,15.859722,2026-05-21 09:40:00,ws_2m_hourly,0.9,m/s,2026-05-21T11:14:17.624356
MFG10,MATINE CARNE SALATA,41.651943,15.706389,2026-05-21 09:40:00,precip_10min_interval,0.0,mm,2026-05-21T11:14:12.091280
MFG10,MATINE CARNE SALATA,41.651943,15.706389,2026-05-21 09:40:00,ws_2m_hourly,3.1,m/s,2026-05-21T11:14:17.624449
MFG11,SELVA DELLE GROTTE,41.714722,15.148056,2026-05-21 09:40:00,precip_10min_interval,0.0,mm,2026-05-21T11:14:12.091336
MFG11,SELVA DELLE GROTTE,41.714722,15.148056,2026-05-21 09:40:00,ws_2m_hourly,8.0,m/s,2026-05-21T11:14:17.624566
MFG13,BISCIGLIETO,41.142502,15.662778,2026-05-21 09:40:00,precip_10min_interval,0.0,mm,2026-05-21T11:14:12.091390
MFG13,BISCIGLIETO,41.142502,15.662778,2026-05-21 09:40:00,ws_2m_hourly,6.4,m/s,2026-05-21T11:14:17.624674
MFG14,S. LUCIA,41.922779,15.874722,2026-05-21 09:40:00,precip_10min_interval,0.0,mm,2026-05-21T11:14:12.091438
MFG14,S. LUCIA,41.922779,15.874722,2026-05-21 09:40:00,ws_2m_hourly,1.2,m/s,2026-05-21T11:14:17.624770
MFG15,CASA LORDA,41.62389,15.403056,2026-05-21 09:40:00,precip_10min_interval,0.0,mm,2026-05-21T11:14:12.091495
MFG15,CASA LORDA,41.62389,15.403056,2026-05-21 09:40:00,ws_2m_hourly,4.4,m/s,2026-05-21T11:14:17.624881
MFG16,QUERCIA COPPE,41.693054,15.756944,2026-05-21 09:40:00,precip_10min_interval,0.0,mm,2026-05-21T11:14:12.091554
MFG16,QUERCIA COPPE,41.693054,15.756944,2026-05-21 09:40:00,ws_2m_hourly,4.5,m/s,2026-05-21T11:14:17.624991
MFG17,CARRO CHIUSO,41.284168,16.077223,2026-05-21 09:40:00,precip_10min_interval,0.0,mm,2026-05-21T11:14:12.091610
MFG17,CARRO CHIUSO,41.284168,16.077223,2026-05-21 09:40:00,ws_2m_hourly,2.3,m/s,2026-05-21T11:14:17.625097
MFG18,VIESTE,41.901669,16.080557,2026-05-21 09:40:00,precip_10min_interval,0.0,mm,2026-05-21T11:14:12.091673
MFG18,VIESTE,41.901669,16.080557,2026-05-21 09:40:00,ws_2m_hourly,2.2,m/s,2026-05-21T11:14:17.625202
MFG19,FOGGIA MONTEROZZI,41.521111,15.591944,2026-05-21 09:40:00,precip_10min_interval,0.0,mm,2026-05-21T11:14:12.091730
MFG19,FOGGIA MONTEROZZI,41.521111,15.591944,2026-05-21 09:40:00,ws_2m_hourly,5.9,m/s,2026-05-21T11:14:17.625357
MLE34,BARBARO,39.980831,18.1525,2026-05-21 09:40:00,precip_10min_interval,0.0,mm,2026-05-21T11:14:12.091785
MLE34,BARBARO,39.980831,18.1525,2026-05-21 09:40:00,ws_2m_hourly,5.1,m/s,2026-05-21T11:14:17.625478
MLE35,MALOPRA,40.225555,18.299168,2026-05-21 09:40:00,precip_10min_interval,0.0,mm,2026-05-21T11:14:12.091855
MLE35,MALOPRA,40.225555,18.299168,2026-05-21 09:40:00,ws_2m_hourly,4.6,m/s,2026-05-21T11:14:17.625621
MTA32,MARTINA FRANCA,40.634724,17.277779,2026-05-21 09:40:00,precip_10min_interval,0.0,mm,2026-05-21T11:14:12.091921
MTA32,MARTINA FRANCA,40.634724,17.277779,2026-05-21 09:40:00,ws_2m_hourly,2.3,m/s,2026-05-21T11:14:17.625751
0PU01,GUROLAMANNA,40.916111,16.447779,2026-05-21 09:50:00,precip_10min_interval,0.0,mm,2026-05-21T11:14:12.087709
0PU01,GUROLAMANNA,40.916111,16.447779,2026-05-21 09:50:00,ws_10m_hourly,9.5,m/s,2026-05-21T11:14:17.618093
0PU01,GUROLAMANNA,40.916111,16.447779,2026-05-21 09:50:00,ws_2m_hourly,7.2,m/s,2026-05-21T11:14:17.618087
0PU03,LIMELLI D'IMPERATORE,40.883057,16.3125,2026-05-21 09:50:00,precip_10min_interval,0.0,mm,2026-05-21T11:14:12.087801
0PU03,LIMELLI D'IMPERATORE,40.883057,16.3125,2026-05-21 09:50:00,ws_10m_hourly,6.3,m/s,2026-05-21T11:14:17.618266
0PU03,LIMELLI D'IMPERATORE,40.883057,16.3125,2026-05-21 09:50:00,ws_2m_hourly,4.1,m/s,2026-05-21T11:14:17.618260
0PU04,OTTAVA SEDICI,40.7925,17.481943,2026-05-21 09:50:00,precip_10min_interval,0.0,mm,2026-05-21T11:14:12.087868
0PU04,OTTAVA SEDICI,40.7925,17.481943,2026-05-21 09:50:00,ws_10m_hourly,6.2,m/s,2026-05-21T11:14:17.618375
0PU04,OTTAVA SEDICI,40.7925,17.481943,2026-05-21 09:50:00,ws_2m_hourly,2.4,m/s,2026-05-21T11:14:17.618372
0PU06,MAINE,40.543056,18.032223,2026-05-21 09:50:00,precip_10min_interval,0.0,mm,2026-05-21T11:14:12.087937
0PU06,MAINE,40.543056,18.032223,2026-05-21 09:50:00,ws_10m_hourly,4.8,m/s,2026-05-21T11:14:17.618450
0PU06,MAINE,40.543056,18.032223,2026-05-21 09:50:00,ws_2m_hourly,1.5,m/s,2026-05-21T11:14:17.618447
0PU07,TRIONFO,41.347221,15.744167,2026-05-21 09:50:00,precip_10min_interval,0.0,mm,2026-05-21T11:14:12.088012
0PU07,TRIONFO,41.347221,15.744167,2026-05-21 09:50:00,ws_10m_hourly,10.1,m/s,2026-05-21T11:14:17.618528
0PU07,TRIONFO,41.347221,15.744167,2026-05-21 09:50:00,ws_2m_hourly,3.1,m/s,2026-05-21T11:14:17.618525
0PU08,TORRETTA,41.542221,15.173889,2026-05-21 09:50:00,precip_10min_interval,0.0,mm,2026-05-21T11:14:12.088074
0PU08,TORRETTA,41.542221,15.173889,2026-05-21 09:50:00,ws_10m_hourly,6.4,m/s,2026-05-21T11:14:17.618609
0PU08,TORRETTA,41.542221,15.173889,2026-05-21 09:50:00,ws_2m_hourly,0.0,m/s,2026-05-21T11:14:17.618606
0PU10,FRASSANITO,40.237221,18.441389,2026-05-21 09:50:00,precip_10min_interval,0.0,mm,2026-05-21T11:14:12.088116
0PU10,FRASSANITO,40.237221,18.441389,2026-05-21 09:50:00,ws_10m_hourly,7.9,m/s,2026-05-21T11:14:17.618695
0PU10,FRASSANITO,40.237221,18.441389,2026-05-21 09:50:00,ws_2m_hourly,4.8,m/s,2026-05-21T11:14:17.618692
0PU11,BADESSA,40.470554,18.097221,2026-05-21 09:50:00,precip_10min_interval,0.0,mm,2026-05-21T11:14:12.088160
0PU11,BADESSA,40.470554,18.097221,2026-05-21 09:50:00,ws_10m_hourly,7.6,m/s,2026-05-21T11:14:17.618778
0PU11,BADESSA,40.470554,18.097221,2026-05-21 09:50:00,ws_2m_hourly,5.2,m/s,2026-05-21T11:14:17.618775
0PU12,CONTE,39.981945,18.067499,2026-05-21 09:50:00,precip_10min_interval,0.0,mm,2026-05-21T11:14:12.088201
0PU12,CONTE,39.981945,18.067499,2026-05-21 09:50:00,ws_10m_hourly,5.3,m/s,2026-05-21T11:14:17.618864
0PU12,CONTE,39.981945,18.067499,2026-05-21 09:50:00,ws_2m_hourly,1.3,m/s,2026-05-21T11:14:17.618861
0PU13,TORRICELLA,40.343334,17.487778,2026-05-21 09:50:00,precip_10min_interval,0.0,mm,2026-05-21T11:14:12.088263
0PU13,TORRICELLA,40.343334,17.487778,2026-05-21 09:50:00,ws_10m_hourly,7.9,m/s,2026-05-21T11:14:17.618950
0PU13,TORRICELLA,40.343334,17.487778,2026-05-21 09:50:00,ws_2m_hourly,4.7,m/s,2026-05-21T11:14:17.618947
0PU14,TAFURI,40.680832,16.867779,2026-05-21 09:50:00,precip_10min_interval,0.0,mm,2026-05-21T11:14:12.088307
0PU14,TAFURI,40.680832,16.867779,2026-05-21 09:50:00,ws_10m_hourly,8.9,m/s,2026-05-21T11:14:17.619036
0PU14,TAFURI,40.680832,16.867779,2026-05-21 09:50:00,ws_2m_hourly,4.7,m/s,2026-05-21T11:14:17.619034
0PU16,ANDRIA,41.202221,16.201944,2026-05-21 09:50:00,precip_10min_interval,0.0,mm,2026-05-21T11:14:12.088347
0PU16,ANDRIA,41.202221,16.201944,2026-05-21 09:50:00,ws_10m_hourly,3.0,m/s,2026-05-21T11:14:17.619120
0PU16,ANDRIA,41.202221,16.201944,2026-05-21 09:50:00,ws_2m_hourly,1.0,m/s,2026-05-21T11:14:17.619115
0PU17,OSTUNI-SAROLO,40.688332,17.413889,2026-05-21 09:50:00,precip_10min_interval,0.0,mm,2026-05-21T11:14:12.088391
0PU17,OSTUNI-SAROLO,40.688332,17.413889,2026-05-21 09:50:00,ws_10m_hourly,6.9,m/s,2026-05-21T11:14:17.619212
0PU17,OSTUNI-SAROLO,40.688332,17.413889,2026-05-21 09:50:00,ws_2m_hourly,4.0,m/s,2026-05-21T11:14:17.619209
0PU18,MONOPOLI,40.919445,17.294443,2026-05-21 09:50:00,precip_10min_interval,0.0,mm,2026-05-21T11:14:12.088438
0PU18,MONOPOLI,40.919445,17.294443,2026-05-21 09:50:00,ws_10m_hourly,6.9,m/s,2026-05-21T11:14:17.619319
0PU18,MONOPOLI,40.919445,17.294443,2026-05-21 09:50:00,ws_2m_hourly,4.1,m/s,2026-05-21T11:14:17.619316
0PU19,TERLIZZI,41.120834,16.549168,2026-05-21 09:50:00,precip_10min_interval,0.0,mm,2026-05-21T11:14:12.088483
0PU19,TERLIZZI,41.120834,16.549168,2026-05-21 09:50:00,ws_10m_hourly,3.9,m/s,2026-05-21T11:14:17.619410
0PU19,TERLIZZI,41.120834,16.549168,2026-05-21 09:50:00,ws_2m_hourly,1.1,m/s,2026-05-21T11:14:17.619407
0PU20,VILLA CASTELLI,40.553055,17.504444,2026-05-21 09:50:00,precip_10min_interval,0.0,mm,2026-05-21T11:14:12.088526
0PU20,VILLA CASTELLI,40.553055,17.504444,2026-05-21 09:50:00,ws_10m_hourly,6.8,m/s,2026-05-21T11:14:17.619501
0PU20,VILLA CASTELLI,40.553055,17.504444,2026-05-21 09:50:00,ws_2m_hourly,3.9,m/s,2026-05-21T11:14:17.619498
0PU21,CAROVIGNO,40.691944,17.630278,2026-05-21 09:50:00,precip_10min_interval,0.0,mm,2026-05-21T11:14:12.088575
0PU21,CAROVIGNO,40.691944,17.630278,2026-05-21 09:50:00,ws_10m_hourly,5.3,m/s,2026-05-21T11:14:17.619592
0PU21,CAROVIGNO,40.691944,17.630278,2026-05-21 09:50:00,ws_2m_hourly,1.8,m/s,2026-05-21T11:14:17.619589
0PU22,APRICENA,41.773335,15.438611,2026-05-21 09:50:00,precip_10min_interval,0.0,mm,2026-05-21T11:14:12.088620
0PU22,APRICENA,41.773335,15.438611,2026-05-21 09:50:00,ws_10m_hourly,6.2,m/s,2026-05-21T11:14:17.619682
0PU22,APRICENA,41.773335,15.438611,2026-05-21 09:50:00,ws_2m_hourly,1.1,m/s,2026-05-21T11:14:17.619679
0PU23,MANFREDONIA,41.541389,15.885833,2026-05-21 09:50:00,precip_10min_interval,0.0,mm,2026-05-21T11:14:12.088663
0PU23,MANFREDONIA,41.541389,15.885833,2026-05-21 09:50:00,ws_10m_hourly,5.2,m/s,2026-05-21T11:14:17.619774
0PU23,MANFREDONIA,41.541389,15.885833,2026-05-21 09:50:00,ws_2m_hourly,3.0,m/s,2026-05-21T11:14:17.619771
0PU25,NOCIGLIA,40.034443,18.313057,2026-05-21 09:50:00,precip_10min_interval,0.0,mm,2026-05-21T11:14:12.088710
0PU25,NOCIGLIA,40.034443,18.313057,2026-05-21 09:50:00,ws_10m_hourly,7.1,m/s,2026-05-21T11:14:17.619865
0PU25,NOCIGLIA,40.034443,18.313057,2026-05-21 09:50:00,ws_2m_hourly,4.4,m/s,2026-05-21T11:14:17.619862
0PU27,GROTTAGLIE,40.53389,17.362778,2026-05-21 09:50:00,ws_10m_hourly,3.6,m/s,2026-05-21T11:14:17.619953
0PU27,GROTTAGLIE,40.53389,17.362778,2026-05-21 09:50:00,ws_2m_hourly,2.3,m/s,2026-05-21T11:14:17.619950
0PU28,TRANI,41.247501,16.415556,2026-05-21 09:50:00,precip_10min_interval,0.0,mm,2026-05-21T11:14:12.088755
0PU28,TRANI,41.247501,16.415556,2026-05-21 09:50:00,ws_10m_hourly,4.0,m/s,2026-05-21T11:14:17.620097
0PU28,TRANI,41.247501,16.415556,2026-05-21 09:50:00,ws_2m_hourly,2.5,m/s,2026-05-21T11:14:17.620094
0PU30,NOICATTARO,41.021942,16.967777,2026-05-21 09:50:00,precip_10min_interval,0.0,mm,2026-05-21T11:14:12.088801
0PU30,NOICATTARO,41.021942,16.967777,2026-05-21 09:50:00,ws_10m_hourly,7.8,m/s,2026-05-21T11:14:17.620196
0PU30,NOICATTARO,41.021942,16.967777,2026-05-21 09:50:00,ws_2m_hourly,4.7,m/s,2026-05-21T11:14:17.620193
0PU31,ALBEROBELLO,40.790558,17.233334,2026-05-21 09:50:00,precip_10min_interval,0.0,mm,2026-05-21T11:14:12.088849
0PU31,ALBEROBELLO,40.790558,17.233334,2026-05-21 09:50:00,ws_10m_hourly,6.9,m/s,2026-05-21T11:14:17.620304
0PU31,ALBEROBELLO,40.790558,17.233334,2026-05-21 09:50:00,ws_2m_hourly,3.8,m/s,2026-05-21T11:14:17.620301
0PU33,MOCCARI,40.558334,17.851667,2026-05-21 09:50:00,precip_10min_interval,0.0,mm,2026-05-21T11:14:12.088899
0PU33,MOCCARI,40.558334,17.851667,2026-05-21 09:50:00,ws_10m_hourly,7.0,m/s,2026-05-21T11:14:17.620406
0PU33,MOCCARI,40.558334,17.851667,2026-05-21 09:50:00,ws_2m_hourly,5.2,m/s,2026-05-21T11:14:17.620403
0PU34,LATIANO,40.548332,17.688057,2026-05-21 09:50:00,precip_10min_interval,0.0,mm,2026-05-21T11:14:12.088948
0PU34,LATIANO,40.548332,17.688057,2026-05-21 09:50:00,ws_10m_hourly,3.4,m/s,2026-05-21T11:14:17.620505
0PU34,LATIANO,40.548332,17.688057,2026-05-21 09:50:00,ws_2m_hourly,2.9,m/s,2026-05-21T11:14:17.620502
0PU35,SAN VITO DEI NORMANNI,40.629166,17.73361,2026-05-21 09:50:00,precip_10min_interval,0.0,mm,2026-05-21T11:14:12.088996
0PU35,SAN VITO DEI NORMANNI,40.629166,17.73361,2026-05-21 09:50:00,ws_10m_hourly,7.8,m/s,2026-05-21T11:14:17.620602
0PU35,SAN VITO DEI NORMANNI,40.629166,17.73361,2026-05-21 09:50:00,ws_2m_hourly,5.3,m/s,2026-05-21T11:14:17.620600
0PU36,VILLANOVA,41.654167,15.586667,2026-05-21 09:50:00,precip_10min_interval,0.0,mm,2026-05-21T11:14:12.089042
0PU36,VILLANOVA,41.654167,15.586667,2026-05-21 09:50:00,ws_10m_hourly,7.6,m/s,2026-05-21T11:14:17.620701
0PU36,VILLANOVA,41.654167,15.586667,2026-05-21 09:50:00,ws_2m_hourly,3.8,m/s,2026-05-21T11:14:17.620698
0PU37,TROIA,41.336388,15.382778,2026-05-21 09:50:00,precip_10min_interval,0.0,mm,2026-05-21T11:14:12.089092
0PU37,TROIA,41.336388,15.382778,2026-05-21 09:50:00,ws_10m_hourly,8.1,m/s,2026-05-21T11:14:17.620796
0PU37,TROIA,41.336388,15.382778,2026-05-21 09:50:00,ws_2m_hourly,7.0,m/s,2026-05-21T11:14:17.620793
0PU38,BORGO LA ROCCA,41.558334,15.516111,2026-05-21 09:50:00,precip_10min_interval,0.0,mm,2026-05-21T11:14:12.089140
0PU38,BORGO LA ROCCA,41.558334,15.516111,2026-05-21 09:50:00,ws_10m_hourly,7.1,m/s,2026-05-21T11:14:17.620896
0PU38,BORGO LA ROCCA,41.558334,15.516111,2026-05-21 09:50:00,ws_2m_hourly,4.9,m/s,2026-05-21T11:14:17.620893
0PU40,ARCHE,40.273888,18.013611,2026-05-21 09:50:00,precip_10min_interval,0.0,mm,2026-05-21T11:14:12.089187
0PU40,ARCHE,40.273888,18.013611,2026-05-21 09:50:00,ws_10m_hourly,7.5,m/s,2026-05-21T11:14:17.620993
0PU40,ARCHE,40.273888,18.013611,2026-05-21 09:50:00,ws_2m_hourly,3.5,m/s,2026-05-21T11:14:17.620990
0PU41,LECCE,40.326668,18.139999,2026-05-21 09:50:00,precip_10min_interval,0.0,mm,2026-05-21T11:14:12.089242
0PU41,LECCE,40.326668,18.139999,2026-05-21 09:50:00,ws_10m_hourly,5.1,m/s,2026-05-21T11:14:17.621086
0PU41,LECCE,40.326668,18.139999,2026-05-21 09:50:00,ws_2m_hourly,3.9,m/s,2026-05-21T11:14:17.621083
0PU42,SALICE SALENTINO,40.390556,17.875278,2026-05-21 09:50:00,precip_10min_interval,0.0,mm,2026-05-21T11:14:12.089289
0PU42,SALICE SALENTINO,40.390556,17.875278,2026-05-21 09:50:00,ws_10m_hourly,8.1,m/s,2026-05-21T11:14:17.621176
0PU42,SALICE SALENTINO,40.390556,17.875278,2026-05-21 09:50:00,ws_2m_hourly,5.9,m/s,2026-05-21T11:14:17.621173
0PU43,LUCUGNANO,39.930279,18.3225,2026-05-21 09:50:00,precip_10min_interval,0.0,mm,2026-05-21T11:14:12.089341
0PU43,LUCUGNANO,39.930279,18.3225,2026-05-21 09:50:00,ws_10m_hourly,5.0,m/s,2026-05-21T11:14:17.621286
0PU43,LUCUGNANO,39.930279,18.3225,2026-05-21 09:50:00,ws_2m_hourly,3.2,m/s,2026-05-21T11:14:17.621283
0PU44,MANDURIA,40.381943,17.621111,2026-05-21 09:50:00,precip_10min_interval,0.0,mm,2026-05-21T11:14:12.089389
0PU44,MANDURIA,40.381943,17.621111,2026-05-21 09:50:00,ws_10m_hourly,7.4,m/s,2026-05-21T11:14:17.621385
0PU44,MANDURIA,40.381943,17.621111,2026-05-21 09:50:00,ws_2m_hourly,5.7,m/s,2026-05-21T11:14:17.621382
0PU45,MOTTOLA,40.675556,16.996111,2026-05-21 09:50:00,precip_10min_interval,0.0,mm,2026-05-21T11:14:12.089437
0PU45,MOTTOLA,40.675556,16.996111,2026-05-21 09:50:00,ws_10m_hourly,8.8,m/s,2026-05-21T11:14:17.621484
0PU45,MOTTOLA,40.675556,16.996111,2026-05-21 09:50:00,ws_2m_hourly,5.4,m/s,2026-05-21T11:14:17.621481
0PU46,MASSAFRA,40.582779,17.091944,2026-05-21 09:50:00,precip_10min_interval,0.0,mm,2026-05-21T11:14:12.089483
0PU46,MASSAFRA,40.582779,17.091944,2026-05-21 09:50:00,ws_10m_hourly,4.4,m/s,2026-05-21T11:14:17.621578
0PU46,MASSAFRA,40.582779,17.091944,2026-05-21 09:50:00,ws_2m_hourly,3.0,m/s,2026-05-21T11:14:17.621576
0PU47,CASTELLANETA,40.494446,16.878889,2026-05-21 09:50:00,precip_10min_interval,0.0,mm,2026-05-21T11:14:12.089536
0PU47,CASTELLANETA,40.494446,16.878889,2026-05-21 09:50:00,ws_10m_hourly,4.3,m/s,2026-05-21T11:14:17.621675
0PU47,CASTELLANETA,40.494446,16.878889,2026-05-21 09:50:00,ws_2m_hourly,2.3,m/s,2026-05-21T11:14:17.621672
0PU48,BARI C.N.R. IRSA,41.116943,16.820557,2026-05-21 09:50:00,precip_10min_interval,0.0,mm,2026-05-21T11:14:12.089584
0PU48,BARI C.N.R. IRSA,41.116943,16.820557,2026-05-21 09:50:00,ws_10m_hourly,6.8,m/s,2026-05-21T11:14:17.621775
0PU48,BARI C.N.R. IRSA,41.116943,16.820557,2026-05-21 09:50:00,ws_2m_hourly,4.3,m/s,2026-05-21T11:14:17.621770
0PU49,LOCOROTONDO ITAS,40.757221,17.340834,2026-05-21 09:50:00,precip_10min_interval,0.0,mm,2026-05-21T11:14:12.089630
0PU49,LOCOROTONDO ITAS,40.757221,17.340834,2026-05-21 09:50:00,ws_10m_hourly,7.2,m/s,2026-05-21T11:14:17.621872
0PU49,LOCOROTONDO ITAS,40.757221,17.340834,2026-05-21 09:50:00,ws_2m_hourly,4.9,m/s,2026-05-21T11:14:17.621868
0PU53,TORITTO,40.957222,16.567223,2026-05-21 09:50:00,precip_10min_interval,0.0,mm,2026-05-21T11:14:12.089678
0PU53,TORITTO,40.957222,16.567223,2026-05-21 09:50:00,ws_10m_hourly,8.2,m/s,2026-05-21T11:14:17.621967
0PU53,TORITTO,40.957222,16.567223,2026-05-21 09:50:00,ws_2m_hourly,6.1,m/s,2026-05-21T11:14:17.621964
0PU54,TORRE SANTA SUSANNA,40.459442,17.724722,2026-05-21 09:50:00,precip_10min_interval,0.0,mm,2026-05-21T11:14:12.089728
0PU54,TORRE SANTA SUSANNA,40.459442,17.724722,2026-05-21 09:50:00,ws_10m_hourly,7.5,m/s,2026-05-21T11:14:17.622066
0PU54,TORRE SANTA SUSANNA,40.459442,17.724722,2026-05-21 09:50:00,ws_2m_hourly,1.8,m/s,2026-05-21T11:14:17.622063
0PU55,LESINA-RIPALTA,41.8475,15.266111,2026-05-21 09:50:00,precip_10min_interval,0.0,mm,2026-05-21T11:14:12.089776
0PU55,LESINA-RIPALTA,41.8475,15.266111,2026-05-21 09:50:00,ws_10m_hourly,7.3,m/s,2026-05-21T11:14:17.622167
0PU55,LESINA-RIPALTA,41.8475,15.266111,2026-05-21 09:50:00,ws_2m_hourly,5.5,m/s,2026-05-21T11:14:17.622164
0PU56,CARLANTINO,41.588333,14.983611,2026-05-21 09:50:00,precip_10min_interval,0.0,mm,2026-05-21T11:14:12.089825
0PU56,CARLANTINO,41.588333,14.983611,2026-05-21 09:50:00,ws_10m_hourly,8.7,m/s,2026-05-21T11:14:17.622274
0PU56,CARLANTINO,41.588333,14.983611,2026-05-21 09:50:00,ws_2m_hourly,7.4,m/s,2026-05-21T11:14:17.622271
0PU57,SANT'AGATA DI PUGLIA,41.150276,15.46,2026-05-21 09:50:00,precip_10min_interval,0.0,mm,2026-05-21T11:14:12.089871
0PU57,SANT'AGATA DI PUGLIA,41.150276,15.46,2026-05-21 09:50:00,ws_10m_hourly,7.3,m/s,2026-05-21T11:14:17.622385
0PU57,SANT'AGATA DI PUGLIA,41.150276,15.46,2026-05-21 09:50:00,ws_2m_hourly,4.6,m/s,2026-05-21T11:14:17.622382
0PU58,GINOSA,40.556389,16.843611,2026-05-21 09:50:00,precip_10min_interval,0.0,mm,2026-05-21T11:14:12.089927
0PU58,GINOSA,40.556389,16.843611,2026-05-21 09:50:00,ws_10m_hourly,9.0,m/s,2026-05-21T11:14:17.622496
0PU58,GINOSA,40.556389,16.843611,2026-05-21 09:50:00,ws_2m_hourly,6.5,m/s,2026-05-21T11:14:17.622491
0PU59,PALAGIANELLO,40.578335,16.975279,2026-05-21 09:50:00,precip_10min_interval,0.0,mm,2026-05-21T11:14:12.089982
0PU59,PALAGIANELLO,40.578335,16.975279,2026-05-21 09:50:00,ws_10m_hourly,8.2,m/s,2026-05-21T11:14:17.622666
0PU59,PALAGIANELLO,40.578335,16.975279,2026-05-21 09:50:00,ws_2m_hourly,5.7,m/s,2026-05-21T11:14:17.622662
0PU60,MINERVINO DI LECCE,40.093613,18.418612,2026-05-21 09:50:00,precip_10min_interval,0.0,mm,2026-05-21T11:14:12.090034
0PU60,MINERVINO DI LECCE,40.093613,18.418612,2026-05-21 09:50:00,ws_10m_hourly,6.1,m/s,2026-05-21T11:14:17.623102
0PU60,MINERVINO DI LECCE,40.093613,18.418612,2026-05-21 09:50:00,ws_2m_hourly,4.1,m/s,2026-05-21T11:14:17.623099
0PU61,NARDO',40.171391,17.976389,2026-05-21 09:50:00,precip_10min_interval,0.0,mm,2026-05-21T11:14:12.090093
0PU61,NARDO',40.171391,17.976389,2026-05-21 09:50:00,ws_10m_hourly,7.2,m/s,2026-05-21T11:14:17.623229
0PU61,NARDO',40.171391,17.976389,2026-05-21 09:50:00,ws_2m_hourly,3.1,m/s,2026-05-21T11:14:17.623212
MBA20,IPSAA,41.22139,16.049723,2026-05-21 09:50:00,precip_10min_interval,0.0,mm,2026-05-21T11:14:12.090147
MBA20,IPSAA,41.22139,16.049723,2026-05-21 09:50:00,ws_2m_hourly,2.4,m/s,2026-05-21T11:14:17.623301
MBA21,MONTEGROSSO,41.132778,16.185833,2026-05-21 09:50:00,precip_10min_interval,0.0,mm,2026-05-21T11:14:12.090204
MBA21,MONTEGROSSO,41.132778,16.185833,2026-05-21 09:50:00,ws_2m_hourly,1.2,m/s,2026-05-21T11:14:17.623360
MBA22,S.P. SANTERAMO,40.80611,16.591389,2026-05-21 09:50:00,precip_10min_interval,0.0,mm,2026-05-21T11:14:12.090275
MBA22,S.P. SANTERAMO,40.80611,16.591389,2026-05-21 09:50:00,ws_2m_hourly,6.5,m/s,2026-05-21T11:14:17.623418
MBA24,CASSANO DELLE MURGE,40.918888,16.78861,2026-05-21 09:50:00,precip_10min_interval,0.0,mm,2026-05-21T11:14:12.090329
MBA24,CASSANO DELLE MURGE,40.918888,16.78861,2026-05-21 09:50:00,ws_2m_hourly,6.3,m/s,2026-05-21T11:14:17.623476
MBA25,SANTERAMO IN COLLE,40.78611,16.775833,2026-05-21 09:50:00,precip_10min_interval,0.0,mm,2026-05-21T11:14:12.090393
MBA25,SANTERAMO IN COLLE,40.78611,16.775833,2026-05-21 09:50:00,ws_2m_hourly,3.8,m/s,2026-05-21T11:14:17.623536
MBA26,CAMPO SPER. UNIBA,41.023609,16.906389,2026-05-21 09:50:00,precip_10min_interval,0.0,mm,2026-05-21T11:14:12.090452
MBA26,CAMPO SPER. UNIBA,41.023609,16.906389,2026-05-21 09:50:00,ws_2m_hourly,3.0,m/s,2026-05-21T11:14:17.623594
MBA27,SERRONE(AZ.AGR.MANCINI),40.921391,16.947222,2026-05-21 09:50:00,precip_10min_interval,0.0,mm,2026-05-21T11:14:12.090514
MBA27,SERRONE(AZ.AGR.MANCINI),40.921391,16.947222,2026-05-21 09:50:00,ws_2m_hourly,4.9,m/s,2026-05-21T11:14:17.623656
MBA28,MURGIA ANTICI,40.715557,17.106667,2026-05-21 09:50:00,precip_10min_interval,0.0,mm,2026-05-21T11:14:12.090575
MBA28,MURGIA ANTICI,40.715557,17.106667,2026-05-21 09:50:00,ws_2m_hourly,4.9,m/s,2026-05-21T11:14:17.623714
MBA29,LAMENDOLA I,40.812222,17.164167,2026-05-21 09:50:00,precip_10min_interval,0.0,mm,2026-05-21T11:14:12.090636
MBA29,LAMENDOLA I,40.812222,17.164167,2026-05-21 09:50:00,ws_2m_hourly,5.9,m/s,2026-05-21T11:14:17.623778
MBR30,FASCIANELLO,40.860279,17.364166,2026-05-21 09:50:00,precip_10min_interval,0.0,mm,2026-05-21T11:14:12.090694
MBR30,FASCIANELLO,40.860279,17.364166,2026-05-21 09:50:00,ws_2m_hourly,5.7,m/s,2026-05-21T11:14:17.623838
MBR31,FERRUZZO,40.62389,17.497499,2026-05-21 09:50:00,precip_10min_interval,0.0,mm,2026-05-21T11:14:12.090812
MBR31,FERRUZZO,40.62389,17.497499,2026-05-21 09:50:00,ws_2m_hourly,3.5,m/s,2026-05-21T11:14:17.623900
MFG01,S. LUCIA,41.470554,15.363889,2026-05-21 09:50:00,precip_10min_interval,0.0,mm,2026-05-21T11:14:12.090878
MFG01,S. LUCIA,41.470554,15.363889,2026-05-21 09:50:00,ws_2m_hourly,1.3,m/s,2026-05-21T11:14:17.623962
MFG02,SERRA DEI BISI,41.347778,15.282778,2026-05-21 09:50:00,precip_10min_interval,0.0,mm,2026-05-21T11:14:12.090930
MFG02,SERRA DEI BISI,41.347778,15.282778,2026-05-21 09:50:00,ws_2m_hourly,4.8,m/s,2026-05-21T11:14:17.624018
MFG03,LA PESCIA,41.40889,15.756667,2026-05-21 09:50:00,precip_10min_interval,0.0,mm,2026-05-21T11:14:12.090987
MFG03,LA PESCIA,41.40889,15.756667,2026-05-21 09:50:00,ws_2m_hourly,3.9,m/s,2026-05-21T11:14:17.624072
MFG04,TRE SANTI,41.393612,15.848056,2026-05-21 09:50:00,precip_10min_interval,0.0,mm,2026-05-21T11:14:12.091042
MFG04,TRE SANTI,41.393612,15.848056,2026-05-21 09:50:00,ws_2m_hourly,5.4,m/s,2026-05-21T11:14:17.624125
MFG05,RIVOLI,41.470833,15.929444,2026-05-21 09:50:00,precip_10min_interval,0.0,mm,2026-05-21T11:14:12.091096
MFG05,RIVOLI,41.470833,15.929444,2026-05-21 09:50:00,ws_2m_hourly,4.6,m/s,2026-05-21T11:14:17.624179
MFG06,TAVOLETTA,41.194168,15.932222,2026-05-21 09:50:00,precip_10min_interval,0.0,mm,2026-05-21T11:14:12.091150
MFG06,TAVOLETTA,41.194168,15.932222,2026-05-21 09:50:00,ws_2m_hourly,5.2,m/s,2026-05-21T11:14:17.624244
MFG07,COPPA D'ORO,41.421665,15.606944,2026-05-21 09:50:00,ws_2m_hourly,5.4,m/s,2026-05-21T11:14:17.624307
MFG09,ARIOLA,41.8325,15.859722,2026-05-21 09:50:00,precip_10min_interval,0.0,mm,2026-05-21T11:14:12.091229
MFG09,ARIOLA,41.8325,15.859722,2026-05-21 09:50:00,ws_2m_hourly,0.9,m/s,2026-05-21T11:14:17.624359
MFG10,MATINE CARNE SALATA,41.651943,15.706389,2026-05-21 09:50:00,precip_10min_interval,0.0,mm,2026-05-21T11:14:12.091283
MFG10,MATINE CARNE SALATA,41.651943,15.706389,2026-05-21 09:50:00,ws_2m_hourly,2.9,m/s,2026-05-21T11:14:17.624455
MFG11,SELVA DELLE GROTTE,41.714722,15.148056,2026-05-21 09:50:00,precip_10min_interval,0.0,mm,2026-05-21T11:14:12.091339
MFG11,SELVA DELLE GROTTE,41.714722,15.148056,2026-05-21 09:50:00,ws_2m_hourly,6.9,m/s,2026-05-21T11:14:17.624578
MFG13,BISCIGLIETO,41.142502,15.662778,2026-05-21 09:50:00,precip_10min_interval,0.0,mm,2026-05-21T11:14:12.091393
MFG13,BISCIGLIETO,41.142502,15.662778,2026-05-21 09:50:00,ws_2m_hourly,5.3,m/s,2026-05-21T11:14:17.624680
MFG14,S. LUCIA,41.922779,15.874722,2026-05-21 09:50:00,precip_10min_interval,0.0,mm,2026-05-21T11:14:12.091441
MFG14,S. LUCIA,41.922779,15.874722,2026-05-21 09:50:00,ws_2m_hourly,1.3,m/s,2026-05-21T11:14:17.624777
MFG15,CASA LORDA,41.62389,15.403056,2026-05-21 09:50:00,precip_10min_interval,0.0,mm,2026-05-21T11:14:12.091498
MFG15,CASA LORDA,41.62389,15.403056,2026-05-21 09:50:00,ws_2m_hourly,4.3,m/s,2026-05-21T11:14:17.624887
MFG16,QUERCIA COPPE,41.693054,15.756944,2026-05-21 09:50:00,precip_10min_interval,0.0,mm,2026-05-21T11:14:12.091557
MFG16,QUERCIA COPPE,41.693054,15.756944,2026-05-21 09:50:00,ws_2m_hourly,3.6,m/s,2026-05-21T11:14:17.624996
MFG17,CARRO CHIUSO,41.284168,16.077223,2026-05-21 09:50:00,precip_10min_interval,0.0,mm,2026-05-21T11:14:12.091613
MFG17,CARRO CHIUSO,41.284168,16.077223,2026-05-21 09:50:00,ws_2m_hourly,3.1,m/s,2026-05-21T11:14:17.625102
MFG18,VIESTE,41.901669,16.080557,2026-05-21 09:50:00,precip_10min_interval,0.0,mm,2026-05-21T11:14:12.091676
MFG18,VIESTE,41.901669,16.080557,2026-05-21 09:50:00,ws_2m_hourly,2.8,m/s,2026-05-21T11:14:17.625210
MFG19,FOGGIA MONTEROZZI,41.521111,15.591944,2026-05-21 09:50:00,precip_10min_interval,0.0,mm,2026-05-21T11:14:12.091733
MFG19,FOGGIA MONTEROZZI,41.521111,15.591944,2026-05-21 09:50:00,ws_2m_hourly,5.3,m/s,2026-05-21T11:14:17.625364
MLE34,BARBARO,39.980831,18.1525,2026-05-21 09:50:00,precip_10min_interval,0.0,mm,2026-05-21T11:14:12.091791
MLE34,BARBARO,39.980831,18.1525,2026-05-21 09:50:00,ws_2m_hourly,5.2,m/s,2026-05-21T11:14:17.625483
MLE35,MALOPRA,40.225555,18.299168,2026-05-21 09:50:00,precip_10min_interval,0.0,mm,2026-05-21T11:14:12.091859
MLE35,MALOPRA,40.225555,18.299168,2026-05-21 09:50:00,ws_2m_hourly,4.0,m/s,2026-05-21T11:14:17.625627
MTA32,MARTINA FRANCA,40.634724,17.277779,2026-05-21 09:50:00,precip_10min_interval,0.0,mm,2026-05-21T11:14:12.091926
MTA32,MARTINA FRANCA,40.634724,17.277779,2026-05-21 09:50:00,ws_2m_hourly,2.5,m/s,2026-05-21T11:14:17.625754
0PU01,GUROLAMANNA,40.916111,16.447779,2026-05-21 10:00:00,precip_10min_interval,0.0,mm,2026-05-21T11:14:12.087716
0PU01,GUROLAMANNA,40.916111,16.447779,2026-05-21 10:00:00,precip_today_accum,0.0,mm,2026-05-21T11:14:14.397724
0PU01,GUROLAMANNA,40.916111,16.447779,2026-05-21 10:00:00,rh_hourly,56.0,%,2026-05-21T11:14:10.043588
0PU01,GUROLAMANNA,40.916111,16.447779,2026-05-21 10:00:00,rs_hourly,2408.9,W/m²,2026-05-21T11:14:15.325318
0PU01,GUROLAMANNA,40.916111,16.447779,2026-05-21 10:00:00,tair_hourly,18.9,°C,2026-05-21T11:14:08.938456
0PU01,GUROLAMANNA,40.916111,16.447779,2026-05-21 10:00:00,wdir_hourly,,,2026-05-21T11:14:19.186485
0PU01,GUROLAMANNA,40.916111,16.447779,2026-05-21 10:00:00,ws_10m_hourly,8.8,m/s,2026-05-21T11:14:17.618104
0PU01,GUROLAMANNA,40.916111,16.447779,2026-05-21 10:00:00,ws_2m_hourly,6.6,m/s,2026-05-21T11:14:17.618098
0PU03,LIMELLI D'IMPERATORE,40.883057,16.3125,2026-05-21 10:00:00,precip_10min_interval,0.0,mm,2026-05-21T11:14:12.087806
0PU03,LIMELLI D'IMPERATORE,40.883057,16.3125,2026-05-21 10:00:00,precip_today_accum,0.0,mm,2026-05-21T11:14:14.397739
0PU03,LIMELLI D'IMPERATORE,40.883057,16.3125,2026-05-21 10:00:00,rh_hourly,65.0,%,2026-05-21T11:14:10.043596
0PU03,LIMELLI D'IMPERATORE,40.883057,16.3125,2026-05-21 10:00:00,rs_hourly,2468.0,W/m²,2026-05-21T11:14:15.325327
0PU03,LIMELLI D'IMPERATORE,40.883057,16.3125,2026-05-21 10:00:00,tair_hourly,19.3,°C,2026-05-21T11:14:08.938464
0PU03,LIMELLI D'IMPERATORE,40.883057,16.3125,2026-05-21 10:00:00,wdir_hourly,,,2026-05-21T11:14:19.186497
0PU03,LIMELLI D'IMPERATORE,40.883057,16.3125,2026-05-21 10:00:00,ws_10m_hourly,5.7,m/s,2026-05-21T11:14:17.618277
0PU03,LIMELLI D'IMPERATORE,40.883057,16.3125,2026-05-21 10:00:00,ws_2m_hourly,3.7,m/s,2026-05-21T11:14:17.618271
0PU04,OTTAVA SEDICI,40.7925,17.481943,2026-05-21 10:00:00,precip_10min_interval,0.0,mm,2026-05-21T11:14:12.087873
0PU04,OTTAVA SEDICI,40.7925,17.481943,2026-05-21 10:00:00,precip_today_accum,0.0,mm,2026-05-21T11:14:14.397744
0PU04,OTTAVA SEDICI,40.7925,17.481943,2026-05-21 10:00:00,rh_hourly,62.0,%,2026-05-21T11:14:10.043603
0PU04,OTTAVA SEDICI,40.7925,17.481943,2026-05-21 10:00:00,rs_hourly,2407.4,W/m²,2026-05-21T11:14:15.325347
0PU04,OTTAVA SEDICI,40.7925,17.481943,2026-05-21 10:00:00,tair_hourly,21.9,°C,2026-05-21T11:14:08.938471
0PU04,OTTAVA SEDICI,40.7925,17.481943,2026-05-21 10:00:00,wdir_hourly,,,2026-05-21T11:14:19.186500
0PU04,OTTAVA SEDICI,40.7925,17.481943,2026-05-21 10:00:00,ws_10m_hourly,6.6,m/s,2026-05-21T11:14:17.618381
0PU04,OTTAVA SEDICI,40.7925,17.481943,2026-05-21 10:00:00,ws_2m_hourly,2.6,m/s,2026-05-21T11:14:17.618378
0PU06,MAINE,40.543056,18.032223,2026-05-21 10:00:00,precip_10min_interval,0.0,mm,2026-05-21T11:14:12.087944
0PU06,MAINE,40.543056,18.032223,2026-05-21 10:00:00,precip_today_accum,0.0,mm,2026-05-21T11:14:14.397750
0PU06,MAINE,40.543056,18.032223,2026-05-21 10:00:00,rh_hourly,64.0,%,2026-05-21T11:14:10.043614
0PU06,MAINE,40.543056,18.032223,2026-05-21 10:00:00,rs_hourly,2364.6,W/m²,2026-05-21T11:14:15.325360
0PU06,MAINE,40.543056,18.032223,2026-05-21 10:00:00,tair_hourly,21.9,°C,2026-05-21T11:14:08.938478
0PU06,MAINE,40.543056,18.032223,2026-05-21 10:00:00,wdir_hourly,,,2026-05-21T11:14:19.186504
0PU06,MAINE,40.543056,18.032223,2026-05-21 10:00:00,ws_10m_hourly,4.8,m/s,2026-05-21T11:14:17.618458
0PU06,MAINE,40.543056,18.032223,2026-05-21 10:00:00,ws_2m_hourly,1.5,m/s,2026-05-21T11:14:17.618453
0PU07,TRIONFO,41.347221,15.744167,2026-05-21 10:00:00,precip_10min_interval,0.0,mm,2026-05-21T11:14:12.088018
0PU07,TRIONFO,41.347221,15.744167,2026-05-21 10:00:00,rh_hourly,54.0,%,2026-05-21T11:14:10.043620
0PU07,TRIONFO,41.347221,15.744167,2026-05-21 10:00:00,rs_hourly,2522.3,W/m²,2026-05-21T11:14:15.325372
0PU07,TRIONFO,41.347221,15.744167,2026-05-21 10:00:00,tair_hourly,24.6,°C,2026-05-21T11:14:08.938485
0PU07,TRIONFO,41.347221,15.744167,2026-05-21 10:00:00,ws_10m_hourly,9.4,m/s,2026-05-21T11:14:17.618534
0PU07,TRIONFO,41.347221,15.744167,2026-05-21 10:00:00,ws_2m_hourly,2.9,m/s,2026-05-21T11:14:17.618531
0PU08,TORRETTA,41.542221,15.173889,2026-05-21 10:00:00,precip_10min_interval,0.0,mm,2026-05-21T11:14:12.088077
0PU08,TORRETTA,41.542221,15.173889,2026-05-21 10:00:00,rh_hourly,59.0,%,2026-05-21T11:14:10.043634
0PU08,TORRETTA,41.542221,15.173889,2026-05-21 10:00:00,rs_hourly,2354.6,W/m²,2026-05-21T11:14:15.325384
0PU08,TORRETTA,41.542221,15.173889,2026-05-21 10:00:00,tair_hourly,20.0,°C,2026-05-21T11:14:08.938491
0PU08,TORRETTA,41.542221,15.173889,2026-05-21 10:00:00,ws_10m_hourly,6.5,m/s,2026-05-21T11:14:17.618615
0PU08,TORRETTA,41.542221,15.173889,2026-05-21 10:00:00,ws_2m_hourly,0.0,m/s,2026-05-21T11:14:17.618612
0PU10,FRASSANITO,40.237221,18.441389,2026-05-21 10:00:00,precip_10min_interval,0.0,mm,2026-05-21T11:14:12.088121
0PU10,FRASSANITO,40.237221,18.441389,2026-05-21 10:00:00,rh_hourly,71.0,%,2026-05-21T11:14:10.043647
0PU10,FRASSANITO,40.237221,18.441389,2026-05-21 10:00:00,rs_hourly,2447.2,W/m²,2026-05-21T11:14:15.325394
0PU10,FRASSANITO,40.237221,18.441389,2026-05-21 10:00:00,tair_hourly,22.5,°C,2026-05-21T11:14:08.938501
0PU10,FRASSANITO,40.237221,18.441389,2026-05-21 10:00:00,ws_10m_hourly,6.9,m/s,2026-05-21T11:14:17.618701
0PU10,FRASSANITO,40.237221,18.441389,2026-05-21 10:00:00,ws_2m_hourly,4.5,m/s,2026-05-21T11:14:17.618698
0PU11,BADESSA,40.470554,18.097221,2026-05-21 10:00:00,precip_10min_interval,0.0,mm,2026-05-21T11:14:12.088163
0PU11,BADESSA,40.470554,18.097221,2026-05-21 10:00:00,rh_hourly,63.0,%,2026-05-21T11:14:10.043661
0PU11,BADESSA,40.470554,18.097221,2026-05-21 10:00:00,rs_hourly,2464.6,W/m²,2026-05-21T11:14:15.325404
0PU11,BADESSA,40.470554,18.097221,2026-05-21 10:00:00,tair_hourly,22.1,°C,2026-05-21T11:14:08.938510
0PU11,BADESSA,40.470554,18.097221,2026-05-21 10:00:00,ws_10m_hourly,7.8,m/s,2026-05-21T11:14:17.618786
0PU11,BADESSA,40.470554,18.097221,2026-05-21 10:00:00,ws_2m_hourly,5.5,m/s,2026-05-21T11:14:17.618782
0PU12,CONTE,39.981945,18.067499,2026-05-21 10:00:00,precip_10min_interval,0.0,mm,2026-05-21T11:14:12.088204
0PU12,CONTE,39.981945,18.067499,2026-05-21 10:00:00,rh_hourly,46.0,%,2026-05-21T11:14:10.043672
0PU12,CONTE,39.981945,18.067499,2026-05-21 10:00:00,rs_hourly,2276.0,W/m²,2026-05-21T11:14:15.325417
0PU12,CONTE,39.981945,18.067499,2026-05-21 10:00:00,tair_hourly,24.5,°C,2026-05-21T11:14:08.938518
0PU12,CONTE,39.981945,18.067499,2026-05-21 10:00:00,ws_10m_hourly,5.3,m/s,2026-05-21T11:14:17.618870
0PU12,CONTE,39.981945,18.067499,2026-05-21 10:00:00,ws_2m_hourly,1.5,m/s,2026-05-21T11:14:17.618867
0PU13,TORRICELLA,40.343334,17.487778,2026-05-21 10:00:00,precip_10min_interval,0.0,mm,2026-05-21T11:14:12.088266
0PU13,TORRICELLA,40.343334,17.487778,2026-05-21 10:00:00,rh_hourly,49.0,%,2026-05-21T11:14:10.043688
0PU13,TORRICELLA,40.343334,17.487778,2026-05-21 10:00:00,rs_hourly,2129.7,W/m²,2026-05-21T11:14:15.325427
0PU13,TORRICELLA,40.343334,17.487778,2026-05-21 10:00:00,tair_hourly,23.8,°C,2026-05-21T11:14:08.938524
0PU13,TORRICELLA,40.343334,17.487778,2026-05-21 10:00:00,ws_10m_hourly,8.4,m/s,2026-05-21T11:14:17.618958
0PU13,TORRICELLA,40.343334,17.487778,2026-05-21 10:00:00,ws_2m_hourly,5.2,m/s,2026-05-21T11:14:17.618955
0PU14,TAFURI,40.680832,16.867779,2026-05-21 10:00:00,precip_10min_interval,0.0,mm,2026-05-21T11:14:12.088310
0PU14,TAFURI,40.680832,16.867779,2026-05-21 10:00:00,rh_hourly,54.0,%,2026-05-21T11:14:10.043700
0PU14,TAFURI,40.680832,16.867779,2026-05-21 10:00:00,rs_hourly,2432.8,W/m²,2026-05-21T11:14:15.325448
0PU14,TAFURI,40.680832,16.867779,2026-05-21 10:00:00,tair_hourly,21.0,°C,2026-05-21T11:14:08.938543
0PU14,TAFURI,40.680832,16.867779,2026-05-21 10:00:00,ws_10m_hourly,8.6,m/s,2026-05-21T11:14:17.619042
0PU14,TAFURI,40.680832,16.867779,2026-05-21 10:00:00,ws_2m_hourly,4.5,m/s,2026-05-21T11:14:17.619039
0PU16,ANDRIA,41.202221,16.201944,2026-05-21 10:00:00,precip_10min_interval,0.0,mm,2026-05-21T11:14:12.088350
0PU16,ANDRIA,41.202221,16.201944,2026-05-21 10:00:00,rh_hourly,59.0,%,2026-05-21T11:14:10.043710
0PU16,ANDRIA,41.202221,16.201944,2026-05-21 10:00:00,rs_hourly,1957.4,W/m²,2026-05-21T11:14:15.325458
0PU16,ANDRIA,41.202221,16.201944,2026-05-21 10:00:00,tair_hourly,22.3,°C,2026-05-21T11:14:08.938558
0PU16,ANDRIA,41.202221,16.201944,2026-05-21 10:00:00,ws_10m_hourly,3.7,m/s,2026-05-21T11:14:17.619126
0PU16,ANDRIA,41.202221,16.201944,2026-05-21 10:00:00,ws_2m_hourly,1.2,m/s,2026-05-21T11:14:17.619123
0PU17,OSTUNI-SAROLO,40.688332,17.413889,2026-05-21 10:00:00,precip_10min_interval,0.0,mm,2026-05-21T11:14:12.088394
0PU17,OSTUNI-SAROLO,40.688332,17.413889,2026-05-21 10:00:00,rh_hourly,60.0,%,2026-05-21T11:14:10.043720
0PU17,OSTUNI-SAROLO,40.688332,17.413889,2026-05-21 10:00:00,rs_hourly,0.0,W/m²,2026-05-21T11:14:15.325469
0PU17,OSTUNI-SAROLO,40.688332,17.413889,2026-05-21 10:00:00,tair_hourly,20.3,°C,2026-05-21T11:14:08.938570
0PU17,OSTUNI-SAROLO,40.688332,17.413889,2026-05-21 10:00:00,ws_10m_hourly,7.1,m/s,2026-05-21T11:14:17.619235
0PU17,OSTUNI-SAROLO,40.688332,17.413889,2026-05-21 10:00:00,ws_2m_hourly,4.1,m/s,2026-05-21T11:14:17.619215
0PU18,MONOPOLI,40.919445,17.294443,2026-05-21 10:00:00,precip_10min_interval,0.0,mm,2026-05-21T11:14:12.088441
0PU18,MONOPOLI,40.919445,17.294443,2026-05-21 10:00:00,rh_hourly,63.0,%,2026-05-21T11:14:10.043730
0PU18,MONOPOLI,40.919445,17.294443,2026-05-21 10:00:00,rs_hourly,2604.6,W/m²,2026-05-21T11:14:15.325480
0PU18,MONOPOLI,40.919445,17.294443,2026-05-21 10:00:00,tair_hourly,20.9,°C,2026-05-21T11:14:08.938584
0PU18,MONOPOLI,40.919445,17.294443,2026-05-21 10:00:00,ws_10m_hourly,6.5,m/s,2026-05-21T11:14:17.619325
0PU18,MONOPOLI,40.919445,17.294443,2026-05-21 10:00:00,ws_2m_hourly,4.2,m/s,2026-05-21T11:14:17.619322
0PU19,TERLIZZI,41.120834,16.549168,2026-05-21 10:00:00,precip_10min_interval,0.0,mm,2026-05-21T11:14:12.088486
0PU19,TERLIZZI,41.120834,16.549168,2026-05-21 10:00:00,rh_hourly,49.0,%,2026-05-21T11:14:10.043742
0PU19,TERLIZZI,41.120834,16.549168,2026-05-21 10:00:00,rs_hourly,2135.5,W/m²,2026-05-21T11:14:15.325492
0PU19,TERLIZZI,41.120834,16.549168,2026-05-21 10:00:00,tair_hourly,22.5,°C,2026-05-21T11:14:08.938595
0PU19,TERLIZZI,41.120834,16.549168,2026-05-21 10:00:00,ws_10m_hourly,3.8,m/s,2026-05-21T11:14:17.619417
0PU19,TERLIZZI,41.120834,16.549168,2026-05-21 10:00:00,ws_2m_hourly,1.1,m/s,2026-05-21T11:14:17.619413
0PU20,VILLA CASTELLI,40.553055,17.504444,2026-05-21 10:00:00,precip_10min_interval,0.0,mm,2026-05-21T11:14:12.088529
0PU20,VILLA CASTELLI,40.553055,17.504444,2026-05-21 10:00:00,rh_hourly,51.0,%,2026-05-21T11:14:10.043752
0PU20,VILLA CASTELLI,40.553055,17.504444,2026-05-21 10:00:00,rs_hourly,2695.8,W/m²,2026-05-21T11:14:15.325505
0PU20,VILLA CASTELLI,40.553055,17.504444,2026-05-21 10:00:00,tair_hourly,22.0,°C,2026-05-21T11:14:08.938606
0PU20,VILLA CASTELLI,40.553055,17.504444,2026-05-21 10:00:00,ws_10m_hourly,6.2,m/s,2026-05-21T11:14:17.619508
0PU20,VILLA CASTELLI,40.553055,17.504444,2026-05-21 10:00:00,ws_2m_hourly,3.6,m/s,2026-05-21T11:14:17.619505
0PU21,CAROVIGNO,40.691944,17.630278,2026-05-21 10:00:00,precip_10min_interval,0.0,mm,2026-05-21T11:14:12.088578
0PU21,CAROVIGNO,40.691944,17.630278,2026-05-21 10:00:00,rh_hourly,66.0,%,2026-05-21T11:14:10.043767
0PU21,CAROVIGNO,40.691944,17.630278,2026-05-21 10:00:00,rs_hourly,2485.7,W/m²,2026-05-21T11:14:15.325524
0PU21,CAROVIGNO,40.691944,17.630278,2026-05-21 10:00:00,tair_hourly,21.5,°C,2026-05-21T11:14:08.938618
0PU21,CAROVIGNO,40.691944,17.630278,2026-05-21 10:00:00,ws_10m_hourly,4.9,m/s,2026-05-21T11:14:17.619598
0PU21,CAROVIGNO,40.691944,17.630278,2026-05-21 10:00:00,ws_2m_hourly,1.7,m/s,2026-05-21T11:14:17.619595
0PU22,APRICENA,41.773335,15.438611,2026-05-21 10:00:00,precip_10min_interval,0.0,mm,2026-05-21T11:14:12.088623
0PU22,APRICENA,41.773335,15.438611,2026-05-21 10:00:00,rh_hourly,62.0,%,2026-05-21T11:14:10.043777
0PU22,APRICENA,41.773335,15.438611,2026-05-21 10:00:00,rs_hourly,2409.1,W/m²,2026-05-21T11:14:15.325537
0PU22,APRICENA,41.773335,15.438611,2026-05-21 10:00:00,tair_hourly,22.1,°C,2026-05-21T11:14:08.938628
0PU22,APRICENA,41.773335,15.438611,2026-05-21 10:00:00,ws_10m_hourly,6.1,m/s,2026-05-21T11:14:17.619688
0PU22,APRICENA,41.773335,15.438611,2026-05-21 10:00:00,ws_2m_hourly,2.4,m/s,2026-05-21T11:14:17.619685
0PU23,MANFREDONIA,41.541389,15.885833,2026-05-21 10:00:00,precip_10min_interval,0.0,mm,2026-05-21T11:14:12.088668
0PU23,MANFREDONIA,41.541389,15.885833,2026-05-21 10:00:00,rh_hourly,47.0,%,2026-05-21T11:14:10.043791
0PU23,MANFREDONIA,41.541389,15.885833,2026-05-21 10:00:00,rs_hourly,2342.9,W/m²,2026-05-21T11:14:15.325548
0PU23,MANFREDONIA,41.541389,15.885833,2026-05-21 10:00:00,tair_hourly,24.1,°C,2026-05-21T11:14:08.938639
0PU23,MANFREDONIA,41.541389,15.885833,2026-05-21 10:00:00,ws_10m_hourly,5.2,m/s,2026-05-21T11:14:17.619780
0PU23,MANFREDONIA,41.541389,15.885833,2026-05-21 10:00:00,ws_2m_hourly,3.0,m/s,2026-05-21T11:14:17.619777
0PU25,NOCIGLIA,40.034443,18.313057,2026-05-21 10:00:00,precip_10min_interval,0.0,mm,2026-05-21T11:14:12.088713
0PU25,NOCIGLIA,40.034443,18.313057,2026-05-21 10:00:00,rh_hourly,49.0,%,2026-05-21T11:14:10.043801
0PU25,NOCIGLIA,40.034443,18.313057,2026-05-21 10:00:00,rs_hourly,2429.4,W/m²,2026-05-21T11:14:15.325561
0PU25,NOCIGLIA,40.034443,18.313057,2026-05-21 10:00:00,tair_hourly,22.6,°C,2026-05-21T11:14:08.938653
0PU25,NOCIGLIA,40.034443,18.313057,2026-05-21 10:00:00,ws_10m_hourly,7.4,m/s,2026-05-21T11:14:17.619871
0PU25,NOCIGLIA,40.034443,18.313057,2026-05-21 10:00:00,ws_2m_hourly,5.0,m/s,2026-05-21T11:14:17.619868
0PU27,GROTTAGLIE,40.53389,17.362778,2026-05-21 10:00:00,rh_hourly,44.0,%,2026-05-21T11:14:10.043813
0PU27,GROTTAGLIE,40.53389,17.362778,2026-05-21 10:00:00,rs_hourly,2486.4,W/m²,2026-05-21T11:14:15.325573
0PU27,GROTTAGLIE,40.53389,17.362778,2026-05-21 10:00:00,tair_hourly,23.4,°C,2026-05-21T11:14:08.938666
0PU27,GROTTAGLIE,40.53389,17.362778,2026-05-21 10:00:00,ws_10m_hourly,3.8,m/s,2026-05-21T11:14:17.619959
0PU27,GROTTAGLIE,40.53389,17.362778,2026-05-21 10:00:00,ws_2m_hourly,2.6,m/s,2026-05-21T11:14:17.619956
0PU28,TRANI,41.247501,16.415556,2026-05-21 10:00:00,precip_10min_interval,0.0,mm,2026-05-21T11:14:12.088758
0PU28,TRANI,41.247501,16.415556,2026-05-21 10:00:00,rh_hourly,53.0,%,2026-05-21T11:14:10.043831
0PU28,TRANI,41.247501,16.415556,2026-05-21 10:00:00,rs_hourly,2298.8,W/m²,2026-05-21T11:14:15.325589
0PU28,TRANI,41.247501,16.415556,2026-05-21 10:00:00,tair_hourly,22.9,°C,2026-05-21T11:14:08.938681
0PU28,TRANI,41.247501,16.415556,2026-05-21 10:00:00,ws_10m_hourly,4.4,m/s,2026-05-21T11:14:17.620104
0PU28,TRANI,41.247501,16.415556,2026-05-21 10:00:00,ws_2m_hourly,2.5,m/s,2026-05-21T11:14:17.620100
0PU30,NOICATTARO,41.021942,16.967777,2026-05-21 10:00:00,precip_10min_interval,0.0,mm,2026-05-21T11:14:12.088804
0PU30,NOICATTARO,41.021942,16.967777,2026-05-21 10:00:00,rh_hourly,59.0,%,2026-05-21T11:14:10.043851
0PU30,NOICATTARO,41.021942,16.967777,2026-05-21 10:00:00,rs_hourly,737.8,W/m²,2026-05-21T11:14:15.325603
0PU30,NOICATTARO,41.021942,16.967777,2026-05-21 10:00:00,tair_hourly,21.4,°C,2026-05-21T11:14:08.938687
0PU30,NOICATTARO,41.021942,16.967777,2026-05-21 10:00:00,ws_10m_hourly,8.0,m/s,2026-05-21T11:14:17.620204
0PU30,NOICATTARO,41.021942,16.967777,2026-05-21 10:00:00,ws_2m_hourly,5.0,m/s,2026-05-21T11:14:17.620201
0PU31,ALBEROBELLO,40.790558,17.233334,2026-05-21 10:00:00,precip_10min_interval,0.0,mm,2026-05-21T11:14:12.088852
0PU31,ALBEROBELLO,40.790558,17.233334,2026-05-21 10:00:00,rh_hourly,60.0,%,2026-05-21T11:14:10.043867
0PU31,ALBEROBELLO,40.790558,17.233334,2026-05-21 10:00:00,rs_hourly,2690.7,W/m²,2026-05-21T11:14:15.325614
0PU31,ALBEROBELLO,40.790558,17.233334,2026-05-21 10:00:00,tair_hourly,19.4,°C,2026-05-21T11:14:08.938693
0PU31,ALBEROBELLO,40.790558,17.233334,2026-05-21 10:00:00,ws_10m_hourly,6.0,m/s,2026-05-21T11:14:17.620316
0PU31,ALBEROBELLO,40.790558,17.233334,2026-05-21 10:00:00,ws_2m_hourly,3.1,m/s,2026-05-21T11:14:17.620309
0PU33,MOCCARI,40.558334,17.851667,2026-05-21 10:00:00,precip_10min_interval,0.0,mm,2026-05-21T11:14:12.088902
0PU33,MOCCARI,40.558334,17.851667,2026-05-21 10:00:00,rh_hourly,64.0,%,2026-05-21T11:14:10.043878
0PU33,MOCCARI,40.558334,17.851667,2026-05-21 10:00:00,rs_hourly,2653.5,W/m²,2026-05-21T11:14:15.325625
0PU33,MOCCARI,40.558334,17.851667,2026-05-21 10:00:00,tair_hourly,21.9,°C,2026-05-21T11:14:08.938699
0PU33,MOCCARI,40.558334,17.851667,2026-05-21 10:00:00,ws_10m_hourly,7.3,m/s,2026-05-21T11:14:17.620412
0PU33,MOCCARI,40.558334,17.851667,2026-05-21 10:00:00,ws_2m_hourly,5.3,m/s,2026-05-21T11:14:17.620409
0PU34,LATIANO,40.548332,17.688057,2026-05-21 10:00:00,precip_10min_interval,0.0,mm,2026-05-21T11:14:12.088951
0PU34,LATIANO,40.548332,17.688057,2026-05-21 10:00:00,rh_hourly,55.0,%,2026-05-21T11:14:10.043889
0PU34,LATIANO,40.548332,17.688057,2026-05-21 10:00:00,rs_hourly,2392.5,W/m²,2026-05-21T11:14:15.325637
0PU34,LATIANO,40.548332,17.688057,2026-05-21 10:00:00,tair_hourly,21.4,°C,2026-05-21T11:14:08.938705
0PU34,LATIANO,40.548332,17.688057,2026-05-21 10:00:00,ws_10m_hourly,3.6,m/s,2026-05-21T11:14:17.620516
0PU34,LATIANO,40.548332,17.688057,2026-05-21 10:00:00,ws_2m_hourly,2.9,m/s,2026-05-21T11:14:17.620508
0PU35,SAN VITO DEI NORMANNI,40.629166,17.73361,2026-05-21 10:00:00,precip_10min_interval,0.0,mm,2026-05-21T11:14:12.088999
0PU35,SAN VITO DEI NORMANNI,40.629166,17.73361,2026-05-21 10:00:00,rs_hourly,2465.3,W/m²,2026-05-21T11:14:15.325653
0PU35,SAN VITO DEI NORMANNI,40.629166,17.73361,2026-05-21 10:00:00,tair_hourly,21.5,°C,2026-05-21T11:14:08.938716
0PU35,SAN VITO DEI NORMANNI,40.629166,17.73361,2026-05-21 10:00:00,ws_10m_hourly,7.6,m/s,2026-05-21T11:14:17.620608
0PU35,SAN VITO DEI NORMANNI,40.629166,17.73361,2026-05-21 10:00:00,ws_2m_hourly,5.3,m/s,2026-05-21T11:14:17.620605
0PU36,VILLANOVA,41.654167,15.586667,2026-05-21 10:00:00,precip_10min_interval,0.0,mm,2026-05-21T11:14:12.089045
0PU36,VILLANOVA,41.654167,15.586667,2026-05-21 10:00:00,rh_hourly,61.0,%,2026-05-21T11:14:10.043903
0PU36,VILLANOVA,41.654167,15.586667,2026-05-21 10:00:00,rs_hourly,2332.3,W/m²,2026-05-21T11:14:15.325659
0PU36,VILLANOVA,41.654167,15.586667,2026-05-21 10:00:00,tair_hourly,22.7,°C,2026-05-21T11:14:08.938722
0PU36,VILLANOVA,41.654167,15.586667,2026-05-21 10:00:00,ws_10m_hourly,6.9,m/s,2026-05-21T11:14:17.620707
0PU36,VILLANOVA,41.654167,15.586667,2026-05-21 10:00:00,ws_2m_hourly,2.6,m/s,2026-05-21T11:14:17.620704
0PU37,TROIA,41.336388,15.382778,2026-05-21 10:00:00,precip_10min_interval,0.0,mm,2026-05-21T11:14:12.089095
0PU37,TROIA,41.336388,15.382778,2026-05-21 10:00:00,rh_hourly,57.0,%,2026-05-21T11:14:10.043914
0PU37,TROIA,41.336388,15.382778,2026-05-21 10:00:00,rs_hourly,2334.8,W/m²,2026-05-21T11:14:15.325665
0PU37,TROIA,41.336388,15.382778,2026-05-21 10:00:00,tair_hourly,20.5,°C,2026-05-21T11:14:08.938730
0PU37,TROIA,41.336388,15.382778,2026-05-21 10:00:00,ws_10m_hourly,9.1,m/s,2026-05-21T11:14:17.620802
0PU37,TROIA,41.336388,15.382778,2026-05-21 10:00:00,ws_2m_hourly,8.1,m/s,2026-05-21T11:14:17.620799
0PU38,BORGO LA ROCCA,41.558334,15.516111,2026-05-21 10:00:00,precip_10min_interval,0.0,mm,2026-05-21T11:14:12.089143
0PU38,BORGO LA ROCCA,41.558334,15.516111,2026-05-21 10:00:00,rh_hourly,60.0,%,2026-05-21T11:14:10.043924
0PU38,BORGO LA ROCCA,41.558334,15.516111,2026-05-21 10:00:00,rs_hourly,2391.2,W/m²,2026-05-21T11:14:15.325673
0PU38,BORGO LA ROCCA,41.558334,15.516111,2026-05-21 10:00:00,tair_hourly,22.1,°C,2026-05-21T11:14:08.938736
0PU38,BORGO LA ROCCA,41.558334,15.516111,2026-05-21 10:00:00,ws_10m_hourly,8.0,m/s,2026-05-21T11:14:17.620904
0PU38,BORGO LA ROCCA,41.558334,15.516111,2026-05-21 10:00:00,ws_2m_hourly,5.4,m/s,2026-05-21T11:14:17.620901
0PU40,ARCHE,40.273888,18.013611,2026-05-21 10:00:00,precip_10min_interval,0.0,mm,2026-05-21T11:14:12.089190
0PU40,ARCHE,40.273888,18.013611,2026-05-21 10:00:00,rh_hourly,52.0,%,2026-05-21T11:14:10.043938
0PU40,ARCHE,40.273888,18.013611,2026-05-21 10:00:00,rs_hourly,2344.6,W/m²,2026-05-21T11:14:15.325680
0PU40,ARCHE,40.273888,18.013611,2026-05-21 10:00:00,tair_hourly,23.4,°C,2026-05-21T11:14:08.938742
0PU40,ARCHE,40.273888,18.013611,2026-05-21 10:00:00,ws_10m_hourly,6.4,m/s,2026-05-21T11:14:17.620999
0PU40,ARCHE,40.273888,18.013611,2026-05-21 10:00:00,ws_2m_hourly,3.2,m/s,2026-05-21T11:14:17.620995
0PU41,LECCE,40.326668,18.139999,2026-05-21 10:00:00,precip_10min_interval,0.0,mm,2026-05-21T11:14:12.089249
0PU41,LECCE,40.326668,18.139999,2026-05-21 10:00:00,rh_hourly,53.0,%,2026-05-21T11:14:10.043949
0PU41,LECCE,40.326668,18.139999,2026-05-21 10:00:00,rs_hourly,2454.6,W/m²,2026-05-21T11:14:15.325686
0PU41,LECCE,40.326668,18.139999,2026-05-21 10:00:00,tair_hourly,23.0,°C,2026-05-21T11:14:08.938748
0PU41,LECCE,40.326668,18.139999,2026-05-21 10:00:00,ws_10m_hourly,4.8,m/s,2026-05-21T11:14:17.621092
0PU41,LECCE,40.326668,18.139999,2026-05-21 10:00:00,ws_2m_hourly,3.4,m/s,2026-05-21T11:14:17.621089
0PU42,SALICE SALENTINO,40.390556,17.875278,2026-05-21 10:00:00,precip_10min_interval,0.0,mm,2026-05-21T11:14:12.089293
0PU42,SALICE SALENTINO,40.390556,17.875278,2026-05-21 10:00:00,rh_hourly,58.0,%,2026-05-21T11:14:10.043961
0PU42,SALICE SALENTINO,40.390556,17.875278,2026-05-21 10:00:00,rs_hourly,2533.7,W/m²,2026-05-21T11:14:15.325692
0PU42,SALICE SALENTINO,40.390556,17.875278,2026-05-21 10:00:00,tair_hourly,22.6,°C,2026-05-21T11:14:08.938755
0PU42,SALICE SALENTINO,40.390556,17.875278,2026-05-21 10:00:00,ws_10m_hourly,7.8,m/s,2026-05-21T11:14:17.621182
0PU42,SALICE SALENTINO,40.390556,17.875278,2026-05-21 10:00:00,ws_2m_hourly,5.2,m/s,2026-05-21T11:14:17.621179
0PU43,LUCUGNANO,39.930279,18.3225,2026-05-21 10:00:00,precip_10min_interval,0.0,mm,2026-05-21T11:14:12.089344
0PU43,LUCUGNANO,39.930279,18.3225,2026-05-21 10:00:00,rh_hourly,50.0,%,2026-05-21T11:14:10.043974
0PU43,LUCUGNANO,39.930279,18.3225,2026-05-21 10:00:00,rs_hourly,2617.6,W/m²,2026-05-21T11:14:15.325698
0PU43,LUCUGNANO,39.930279,18.3225,2026-05-21 10:00:00,tair_hourly,23.1,°C,2026-05-21T11:14:08.938761
0PU43,LUCUGNANO,39.930279,18.3225,2026-05-21 10:00:00,ws_10m_hourly,5.4,m/s,2026-05-21T11:14:17.621292
0PU43,LUCUGNANO,39.930279,18.3225,2026-05-21 10:00:00,ws_2m_hourly,3.4,m/s,2026-05-21T11:14:17.621289
0PU44,MANDURIA,40.381943,17.621111,2026-05-21 10:00:00,precip_10min_interval,0.0,mm,2026-05-21T11:14:12.089392
0PU44,MANDURIA,40.381943,17.621111,2026-05-21 10:00:00,rh_hourly,50.0,%,2026-05-21T11:14:10.043980
0PU44,MANDURIA,40.381943,17.621111,2026-05-21 10:00:00,rs_hourly,2290.8,W/m²,2026-05-21T11:14:15.325705
0PU44,MANDURIA,40.381943,17.621111,2026-05-21 10:00:00,tair_hourly,22.4,°C,2026-05-21T11:14:08.938767
0PU44,MANDURIA,40.381943,17.621111,2026-05-21 10:00:00,ws_10m_hourly,7.2,m/s,2026-05-21T11:14:17.621393
0PU44,MANDURIA,40.381943,17.621111,2026-05-21 10:00:00,ws_2m_hourly,5.5,m/s,2026-05-21T11:14:17.621390
0PU45,MOTTOLA,40.675556,16.996111,2026-05-21 10:00:00,precip_10min_interval,0.0,mm,2026-05-21T11:14:12.089440
0PU45,MOTTOLA,40.675556,16.996111,2026-05-21 10:00:00,rh_hourly,53.0,%,2026-05-21T11:14:10.043986
0PU45,MOTTOLA,40.675556,16.996111,2026-05-21 10:00:00,rs_hourly,2354.9,W/m²,2026-05-21T11:14:15.325711
0PU45,MOTTOLA,40.675556,16.996111,2026-05-21 10:00:00,tair_hourly,21.3,°C,2026-05-21T11:14:08.938775
0PU45,MOTTOLA,40.675556,16.996111,2026-05-21 10:00:00,ws_10m_hourly,8.2,m/s,2026-05-21T11:14:17.621490
0PU45,MOTTOLA,40.675556,16.996111,2026-05-21 10:00:00,ws_2m_hourly,4.9,m/s,2026-05-21T11:14:17.621487
0PU46,MASSAFRA,40.582779,17.091944,2026-05-21 10:00:00,precip_10min_interval,0.0,mm,2026-05-21T11:14:12.089486
0PU46,MASSAFRA,40.582779,17.091944,2026-05-21 10:00:00,rh_hourly,43.0,%,2026-05-21T11:14:10.043994
0PU46,MASSAFRA,40.582779,17.091944,2026-05-21 10:00:00,rs_hourly,2485.0,W/m²,2026-05-21T11:14:15.325719
0PU46,MASSAFRA,40.582779,17.091944,2026-05-21 10:00:00,tair_hourly,22.3,°C,2026-05-21T11:14:08.938781
0PU46,MASSAFRA,40.582779,17.091944,2026-05-21 10:00:00,ws_10m_hourly,5.0,m/s,2026-05-21T11:14:17.621585
0PU46,MASSAFRA,40.582779,17.091944,2026-05-21 10:00:00,ws_2m_hourly,3.1,m/s,2026-05-21T11:14:17.621582
0PU47,CASTELLANETA,40.494446,16.878889,2026-05-21 10:00:00,precip_10min_interval,0.0,mm,2026-05-21T11:14:12.089539
0PU47,CASTELLANETA,40.494446,16.878889,2026-05-21 10:00:00,rh_hourly,30.0,%,2026-05-21T11:14:10.044000
0PU47,CASTELLANETA,40.494446,16.878889,2026-05-21 10:00:00,rs_hourly,2173.7,W/m²,2026-05-21T11:14:15.325725
0PU47,CASTELLANETA,40.494446,16.878889,2026-05-21 10:00:00,tair_hourly,24.6,°C,2026-05-21T11:14:08.938787
0PU47,CASTELLANETA,40.494446,16.878889,2026-05-21 10:00:00,ws_10m_hourly,3.9,m/s,2026-05-21T11:14:17.621683
0PU47,CASTELLANETA,40.494446,16.878889,2026-05-21 10:00:00,ws_2m_hourly,2.2,m/s,2026-05-21T11:14:17.621678
0PU48,BARI C.N.R. IRSA,41.116943,16.820557,2026-05-21 10:00:00,precip_10min_interval,0.0,mm,2026-05-21T11:14:12.089587
0PU48,BARI C.N.R. IRSA,41.116943,16.820557,2026-05-21 10:00:00,rh_hourly,55.0,%,2026-05-21T11:14:10.044006
0PU48,BARI C.N.R. IRSA,41.116943,16.820557,2026-05-21 10:00:00,rs_hourly,2428.9,W/m²,2026-05-21T11:14:15.325732
0PU48,BARI C.N.R. IRSA,41.116943,16.820557,2026-05-21 10:00:00,tair_hourly,22.0,°C,2026-05-21T11:14:08.938794
0PU48,BARI C.N.R. IRSA,41.116943,16.820557,2026-05-21 10:00:00,ws_10m_hourly,6.4,m/s,2026-05-21T11:14:17.621781
0PU48,BARI C.N.R. IRSA,41.116943,16.820557,2026-05-21 10:00:00,ws_2m_hourly,4.1,m/s,2026-05-21T11:14:17.621778
0PU49,LOCOROTONDO ITAS,40.757221,17.340834,2026-05-21 10:00:00,precip_10min_interval,0.0,mm,2026-05-21T11:14:12.089633
0PU49,LOCOROTONDO ITAS,40.757221,17.340834,2026-05-21 10:00:00,rh_hourly,54.0,%,2026-05-21T11:14:10.044013
0PU49,LOCOROTONDO ITAS,40.757221,17.340834,2026-05-21 10:00:00,rs_hourly,2448.0,W/m²,2026-05-21T11:14:15.325738
0PU49,LOCOROTONDO ITAS,40.757221,17.340834,2026-05-21 10:00:00,tair_hourly,19.8,°C,2026-05-21T11:14:08.938803
0PU49,LOCOROTONDO ITAS,40.757221,17.340834,2026-05-21 10:00:00,ws_10m_hourly,7.5,m/s,2026-05-21T11:14:17.621878
0PU49,LOCOROTONDO ITAS,40.757221,17.340834,2026-05-21 10:00:00,ws_2m_hourly,5.0,m/s,2026-05-21T11:14:17.621875
0PU53,TORITTO,40.957222,16.567223,2026-05-21 10:00:00,precip_10min_interval,0.0,mm,2026-05-21T11:14:12.089683
0PU53,TORITTO,40.957222,16.567223,2026-05-21 10:00:00,rh_hourly,55.0,%,2026-05-21T11:14:10.044019
0PU53,TORITTO,40.957222,16.567223,2026-05-21 10:00:00,rs_hourly,2373.6,W/m²,2026-05-21T11:14:15.325747
0PU53,TORITTO,40.957222,16.567223,2026-05-21 10:00:00,tair_hourly,19.7,°C,2026-05-21T11:14:08.938809
0PU53,TORITTO,40.957222,16.567223,2026-05-21 10:00:00,ws_10m_hourly,9.2,m/s,2026-05-21T11:14:17.621973
0PU53,TORITTO,40.957222,16.567223,2026-05-21 10:00:00,ws_2m_hourly,7.2,m/s,2026-05-21T11:14:17.621970
0PU54,TORRE SANTA SUSANNA,40.459442,17.724722,2026-05-21 10:00:00,precip_10min_interval,0.0,mm,2026-05-21T11:14:12.089731
0PU54,TORRE SANTA SUSANNA,40.459442,17.724722,2026-05-21 10:00:00,rh_hourly,48.0,%,2026-05-21T11:14:10.044025
0PU54,TORRE SANTA SUSANNA,40.459442,17.724722,2026-05-21 10:00:00,rs_hourly,2647.9,W/m²,2026-05-21T11:14:15.325755
0PU54,TORRE SANTA SUSANNA,40.459442,17.724722,2026-05-21 10:00:00,tair_hourly,24.1,°C,2026-05-21T11:14:08.938818
0PU54,TORRE SANTA SUSANNA,40.459442,17.724722,2026-05-21 10:00:00,ws_10m_hourly,6.8,m/s,2026-05-21T11:14:17.622072
0PU54,TORRE SANTA SUSANNA,40.459442,17.724722,2026-05-21 10:00:00,ws_2m_hourly,1.7,m/s,2026-05-21T11:14:17.622069
0PU55,LESINA-RIPALTA,41.8475,15.266111,2026-05-21 10:00:00,precip_10min_interval,0.0,mm,2026-05-21T11:14:12.089779
0PU55,LESINA-RIPALTA,41.8475,15.266111,2026-05-21 10:00:00,rh_hourly,71.0,%,2026-05-21T11:14:10.044031
0PU55,LESINA-RIPALTA,41.8475,15.266111,2026-05-21 10:00:00,rs_hourly,1756.9,W/m²,2026-05-21T11:14:15.325761
0PU55,LESINA-RIPALTA,41.8475,15.266111,2026-05-21 10:00:00,tair_hourly,20.9,°C,2026-05-21T11:14:08.938824
0PU55,LESINA-RIPALTA,41.8475,15.266111,2026-05-21 10:00:00,ws_10m_hourly,7.7,m/s,2026-05-21T11:14:17.622173
0PU55,LESINA-RIPALTA,41.8475,15.266111,2026-05-21 10:00:00,ws_2m_hourly,5.7,m/s,2026-05-21T11:14:17.622170
0PU56,CARLANTINO,41.588333,14.983611,2026-05-21 10:00:00,precip_10min_interval,0.0,mm,2026-05-21T11:14:12.089828
0PU56,CARLANTINO,41.588333,14.983611,2026-05-21 10:00:00,rh_hourly,61.0,%,2026-05-21T11:14:10.044039
0PU56,CARLANTINO,41.588333,14.983611,2026-05-21 10:00:00,tair_hourly,17.2,°C,2026-05-21T11:14:08.938831
0PU56,CARLANTINO,41.588333,14.983611,2026-05-21 10:00:00,ws_10m_hourly,8.6,m/s,2026-05-21T11:14:17.622280
0PU56,CARLANTINO,41.588333,14.983611,2026-05-21 10:00:00,ws_2m_hourly,7.1,m/s,2026-05-21T11:14:17.622277
0PU57,SANT'AGATA DI PUGLIA,41.150276,15.46,2026-05-21 10:00:00,precip_10min_interval,0.0,mm,2026-05-21T11:14:12.089874
0PU57,SANT'AGATA DI PUGLIA,41.150276,15.46,2026-05-21 10:00:00,rh_hourly,54.0,%,2026-05-21T11:14:10.044046
0PU57,SANT'AGATA DI PUGLIA,41.150276,15.46,2026-05-21 10:00:00,rs_hourly,2171.1,W/m²,2026-05-21T11:14:15.325767
0PU57,SANT'AGATA DI PUGLIA,41.150276,15.46,2026-05-21 10:00:00,tair_hourly,20.5,°C,2026-05-21T11:14:08.938837
0PU57,SANT'AGATA DI PUGLIA,41.150276,15.46,2026-05-21 10:00:00,ws_10m_hourly,6.7,m/s,2026-05-21T11:14:17.622393
0PU57,SANT'AGATA DI PUGLIA,41.150276,15.46,2026-05-21 10:00:00,ws_2m_hourly,4.4,m/s,2026-05-21T11:14:17.622390
0PU58,GINOSA,40.556389,16.843611,2026-05-21 10:00:00,precip_10min_interval,0.0,mm,2026-05-21T11:14:12.089930
0PU58,GINOSA,40.556389,16.843611,2026-05-21 10:00:00,rh_hourly,45.0,%,2026-05-21T11:14:10.044052
0PU58,GINOSA,40.556389,16.843611,2026-05-21 10:00:00,rs_hourly,2381.9,W/m²,2026-05-21T11:14:15.325773
0PU58,GINOSA,40.556389,16.843611,2026-05-21 10:00:00,tair_hourly,23.1,°C,2026-05-21T11:14:08.938845
0PU58,GINOSA,40.556389,16.843611,2026-05-21 10:00:00,ws_10m_hourly,9.0,m/s,2026-05-21T11:14:17.622502
0PU58,GINOSA,40.556389,16.843611,2026-05-21 10:00:00,ws_2m_hourly,6.1,m/s,2026-05-21T11:14:17.622499
0PU59,PALAGIANELLO,40.578335,16.975279,2026-05-21 10:00:00,precip_10min_interval,0.0,mm,2026-05-21T11:14:12.089985
0PU59,PALAGIANELLO,40.578335,16.975279,2026-05-21 10:00:00,rh_hourly,50.0,%,2026-05-21T11:14:10.044058
0PU59,PALAGIANELLO,40.578335,16.975279,2026-05-21 10:00:00,rs_hourly,2378.5,W/m²,2026-05-21T11:14:15.325779
0PU59,PALAGIANELLO,40.578335,16.975279,2026-05-21 10:00:00,tair_hourly,22.9,°C,2026-05-21T11:14:08.938851
0PU59,PALAGIANELLO,40.578335,16.975279,2026-05-21 10:00:00,ws_10m_hourly,8.3,m/s,2026-05-21T11:14:17.622672
0PU59,PALAGIANELLO,40.578335,16.975279,2026-05-21 10:00:00,ws_2m_hourly,5.7,m/s,2026-05-21T11:14:17.622669
0PU60,MINERVINO DI LECCE,40.093613,18.418612,2026-05-21 10:00:00,precip_10min_interval,0.0,mm,2026-05-21T11:14:12.090037
0PU60,MINERVINO DI LECCE,40.093613,18.418612,2026-05-21 10:00:00,rh_hourly,54.0,%,2026-05-21T11:14:10.044065
0PU60,MINERVINO DI LECCE,40.093613,18.418612,2026-05-21 10:00:00,rs_hourly,2479.2,W/m²,2026-05-21T11:14:15.325786
0PU60,MINERVINO DI LECCE,40.093613,18.418612,2026-05-21 10:00:00,tair_hourly,22.6,°C,2026-05-21T11:14:08.938857
0PU60,MINERVINO DI LECCE,40.093613,18.418612,2026-05-21 10:00:00,ws_10m_hourly,7.8,m/s,2026-05-21T11:14:17.623108
0PU60,MINERVINO DI LECCE,40.093613,18.418612,2026-05-21 10:00:00,ws_2m_hourly,5.4,m/s,2026-05-21T11:14:17.623105
0PU61,NARDO',40.171391,17.976389,2026-05-21 10:00:00,precip_10min_interval,0.0,mm,2026-05-21T11:14:12.090096
0PU61,NARDO',40.171391,17.976389,2026-05-21 10:00:00,rh_hourly,46.0,%,2026-05-21T11:14:10.044071
0PU61,NARDO',40.171391,17.976389,2026-05-21 10:00:00,rs_hourly,2495.7,W/m²,2026-05-21T11:14:15.325792
0PU61,NARDO',40.171391,17.976389,2026-05-21 10:00:00,tair_hourly,24.3,°C,2026-05-21T11:14:08.938863
0PU61,NARDO',40.171391,17.976389,2026-05-21 10:00:00,ws_10m_hourly,7.2,m/s,2026-05-21T11:14:17.623236
0PU61,NARDO',40.171391,17.976389,2026-05-21 10:00:00,ws_2m_hourly,3.1,m/s,2026-05-21T11:14:17.623233
MBA20,IPSAA,41.22139,16.049723,2026-05-21 10:00:00,precip_10min_interval,0.0,mm,2026-05-21T11:14:12.090150
MBA20,IPSAA,41.22139,16.049723,2026-05-21 10:00:00,rh_hourly,56.0,%,2026-05-21T11:14:10.044077
MBA20,IPSAA,41.22139,16.049723,2026-05-21 10:00:00,tair_hourly,22.7,°C,2026-05-21T11:14:08.938871
MBA20,IPSAA,41.22139,16.049723,2026-05-21 10:00:00,ws_2m_hourly,2.8,m/s,2026-05-21T11:14:17.623304
MBA21,MONTEGROSSO,41.132778,16.185833,2026-05-21 10:00:00,precip_10min_interval,0.0,mm,2026-05-21T11:14:12.090209
MBA21,MONTEGROSSO,41.132778,16.185833,2026-05-21 10:00:00,rh_hourly,52.0,%,2026-05-21T11:14:10.044087
MBA21,MONTEGROSSO,41.132778,16.185833,2026-05-21 10:00:00,tair_hourly,21.7,°C,2026-05-21T11:14:08.938881
MBA21,MONTEGROSSO,41.132778,16.185833,2026-05-21 10:00:00,ws_2m_hourly,1.9,m/s,2026-05-21T11:14:17.623363
MBA22,S.P. SANTERAMO,40.80611,16.591389,2026-05-21 10:00:00,precip_10min_interval,0.0,mm,2026-05-21T11:14:12.090278
MBA22,S.P. SANTERAMO,40.80611,16.591389,2026-05-21 10:00:00,rh_hourly,52.0,%,2026-05-21T11:14:10.044096
MBA22,S.P. SANTERAMO,40.80611,16.591389,2026-05-21 10:00:00,tair_hourly,20.2,°C,2026-05-21T11:14:08.938891
MBA22,S.P. SANTERAMO,40.80611,16.591389,2026-05-21 10:00:00,ws_2m_hourly,6.1,m/s,2026-05-21T11:14:17.623421
MBA24,CASSANO DELLE MURGE,40.918888,16.78861,2026-05-21 10:00:00,precip_10min_interval,0.0,mm,2026-05-21T11:14:12.090336
MBA24,CASSANO DELLE MURGE,40.918888,16.78861,2026-05-21 10:00:00,rh_hourly,54.0,%,2026-05-21T11:14:10.044105
MBA24,CASSANO DELLE MURGE,40.918888,16.78861,2026-05-21 10:00:00,tair_hourly,20.6,°C,2026-05-21T11:14:08.938901
MBA24,CASSANO DELLE MURGE,40.918888,16.78861,2026-05-21 10:00:00,ws_2m_hourly,6.1,m/s,2026-05-21T11:14:17.623481
MBA25,SANTERAMO IN COLLE,40.78611,16.775833,2026-05-21 10:00:00,precip_10min_interval,0.0,mm,2026-05-21T11:14:12.090396
MBA25,SANTERAMO IN COLLE,40.78611,16.775833,2026-05-21 10:00:00,rh_hourly,50.0,%,2026-05-21T11:14:10.044115
MBA25,SANTERAMO IN COLLE,40.78611,16.775833,2026-05-21 10:00:00,tair_hourly,19.6,°C,2026-05-21T11:14:08.938910
MBA25,SANTERAMO IN COLLE,40.78611,16.775833,2026-05-21 10:00:00,ws_2m_hourly,4.6,m/s,2026-05-21T11:14:17.623539
MBA26,CAMPO SPER. UNIBA,41.023609,16.906389,2026-05-21 10:00:00,precip_10min_interval,0.0,mm,2026-05-21T11:14:12.090455
MBA26,CAMPO SPER. UNIBA,41.023609,16.906389,2026-05-21 10:00:00,rh_hourly,60.0,%,2026-05-21T11:14:10.044127
MBA26,CAMPO SPER. UNIBA,41.023609,16.906389,2026-05-21 10:00:00,tair_hourly,21.8,°C,2026-05-21T11:14:08.938919
MBA26,CAMPO SPER. UNIBA,41.023609,16.906389,2026-05-21 10:00:00,ws_2m_hourly,2.8,m/s,2026-05-21T11:14:17.623599
MBA27,SERRONE(AZ.AGR.MANCINI),40.921391,16.947222,2026-05-21 10:00:00,precip_10min_interval,0.0,mm,2026-05-21T11:14:12.090517
MBA27,SERRONE(AZ.AGR.MANCINI),40.921391,16.947222,2026-05-21 10:00:00,rh_hourly,59.0,%,2026-05-21T11:14:10.044136
MBA27,SERRONE(AZ.AGR.MANCINI),40.921391,16.947222,2026-05-21 10:00:00,tair_hourly,21.1,°C,2026-05-21T11:14:08.938928
MBA27,SERRONE(AZ.AGR.MANCINI),40.921391,16.947222,2026-05-21 10:00:00,ws_2m_hourly,4.8,m/s,2026-05-21T11:14:17.623659
MBA28,MURGIA ANTICI,40.715557,17.106667,2026-05-21 10:00:00,precip_10min_interval,0.0,mm,2026-05-21T11:14:12.090578
MBA28,MURGIA ANTICI,40.715557,17.106667,2026-05-21 10:00:00,rh_hourly,60.0,%,2026-05-21T11:14:10.044145
MBA28,MURGIA ANTICI,40.715557,17.106667,2026-05-21 10:00:00,tair_hourly,20.4,°C,2026-05-21T11:14:08.938939
MBA28,MURGIA ANTICI,40.715557,17.106667,2026-05-21 10:00:00,ws_2m_hourly,5.2,m/s,2026-05-21T11:14:17.623717
MBA29,LAMENDOLA I,40.812222,17.164167,2026-05-21 10:00:00,precip_10min_interval,0.0,mm,2026-05-21T11:14:12.090639
MBA29,LAMENDOLA I,40.812222,17.164167,2026-05-21 10:00:00,rh_hourly,63.0,%,2026-05-21T11:14:10.044154
MBA29,LAMENDOLA I,40.812222,17.164167,2026-05-21 10:00:00,tair_hourly,19.4,°C,2026-05-21T11:14:08.938950
MBA29,LAMENDOLA I,40.812222,17.164167,2026-05-21 10:00:00,ws_2m_hourly,6.2,m/s,2026-05-21T11:14:17.623781
MBR30,FASCIANELLO,40.860279,17.364166,2026-05-21 10:00:00,precip_10min_interval,0.0,mm,2026-05-21T11:14:12.090697
MBR30,FASCIANELLO,40.860279,17.364166,2026-05-21 10:00:00,rh_hourly,60.0,%,2026-05-21T11:14:10.044165
MBR30,FASCIANELLO,40.860279,17.364166,2026-05-21 10:00:00,tair_hourly,21.8,°C,2026-05-21T11:14:08.938960
MBR30,FASCIANELLO,40.860279,17.364166,2026-05-21 10:00:00,ws_2m_hourly,6.0,m/s,2026-05-21T11:14:17.623841
MBR31,FERRUZZO,40.62389,17.497499,2026-05-21 10:00:00,precip_10min_interval,0.0,mm,2026-05-21T11:14:12.090815
MBR31,FERRUZZO,40.62389,17.497499,2026-05-21 10:00:00,rh_hourly,59.0,%,2026-05-21T11:14:10.044174
MBR31,FERRUZZO,40.62389,17.497499,2026-05-21 10:00:00,tair_hourly,21.2,°C,2026-05-21T11:14:08.938969
MBR31,FERRUZZO,40.62389,17.497499,2026-05-21 10:00:00,ws_2m_hourly,3.7,m/s,2026-05-21T11:14:17.623903
MFG01,S. LUCIA,41.470554,15.363889,2026-05-21 10:00:00,precip_10min_interval,0.0,mm,2026-05-21T11:14:12.090881
MFG01,S. LUCIA,41.470554,15.363889,2026-05-21 10:00:00,rh_hourly,54.0,%,2026-05-21T11:14:10.044183
MFG01,S. LUCIA,41.470554,15.363889,2026-05-21 10:00:00,tair_hourly,22.2,°C,2026-05-21T11:14:08.938982
MFG01,S. LUCIA,41.470554,15.363889,2026-05-21 10:00:00,ws_2m_hourly,1.6,m/s,2026-05-21T11:14:17.623966
MFG02,SERRA DEI BISI,41.347778,15.282778,2026-05-21 10:00:00,precip_10min_interval,0.0,mm,2026-05-21T11:14:12.090933
MFG02,SERRA DEI BISI,41.347778,15.282778,2026-05-21 10:00:00,rh_hourly,55.0,%,2026-05-21T11:14:10.044190
MFG02,SERRA DEI BISI,41.347778,15.282778,2026-05-21 10:00:00,tair_hourly,19.0,°C,2026-05-21T11:14:08.938988
MFG02,SERRA DEI BISI,41.347778,15.282778,2026-05-21 10:00:00,ws_2m_hourly,5.0,m/s,2026-05-21T11:14:17.624021
MFG03,LA PESCIA,41.40889,15.756667,2026-05-21 10:00:00,precip_10min_interval,0.0,mm,2026-05-21T11:14:12.090990
MFG03,LA PESCIA,41.40889,15.756667,2026-05-21 10:00:00,rh_hourly,61.0,%,2026-05-21T11:14:10.044196
MFG03,LA PESCIA,41.40889,15.756667,2026-05-21 10:00:00,tair_hourly,23.6,°C,2026-05-21T11:14:08.938994
MFG03,LA PESCIA,41.40889,15.756667,2026-05-21 10:00:00,ws_2m_hourly,3.6,m/s,2026-05-21T11:14:17.624074
MFG04,TRE SANTI,41.393612,15.848056,2026-05-21 10:00:00,precip_10min_interval,0.0,mm,2026-05-21T11:14:12.091045
MFG04,TRE SANTI,41.393612,15.848056,2026-05-21 10:00:00,rh_hourly,48.0,%,2026-05-21T11:14:10.044202
MFG04,TRE SANTI,41.393612,15.848056,2026-05-21 10:00:00,tair_hourly,24.3,°C,2026-05-21T11:14:08.939000
MFG04,TRE SANTI,41.393612,15.848056,2026-05-21 10:00:00,ws_2m_hourly,5.7,m/s,2026-05-21T11:14:17.624128
MFG05,RIVOLI,41.470833,15.929444,2026-05-21 10:00:00,precip_10min_interval,0.0,mm,2026-05-21T11:14:12.091099
MFG05,RIVOLI,41.470833,15.929444,2026-05-21 10:00:00,rh_hourly,39.0,%,2026-05-21T11:14:10.044212
MFG05,RIVOLI,41.470833,15.929444,2026-05-21 10:00:00,ws_2m_hourly,4.2,m/s,2026-05-21T11:14:17.624182
MFG06,TAVOLETTA,41.194168,15.932222,2026-05-21 10:00:00,precip_10min_interval,0.0,mm,2026-05-21T11:14:12.091154
MFG06,TAVOLETTA,41.194168,15.932222,2026-05-21 10:00:00,rh_hourly,59.0,%,2026-05-21T11:14:10.044236
MFG06,TAVOLETTA,41.194168,15.932222,2026-05-21 10:00:00,tair_hourly,23.1,°C,2026-05-21T11:14:08.939006
MFG06,TAVOLETTA,41.194168,15.932222,2026-05-21 10:00:00,ws_2m_hourly,5.3,m/s,2026-05-21T11:14:17.624249
MFG07,COPPA D'ORO,41.421665,15.606944,2026-05-21 10:00:00,rh_hourly,60.0,%,2026-05-21T11:14:10.044242
MFG07,COPPA D'ORO,41.421665,15.606944,2026-05-21 10:00:00,tair_hourly,22.7,°C,2026-05-21T11:14:08.939014
MFG07,COPPA D'ORO,41.421665,15.606944,2026-05-21 10:00:00,ws_2m_hourly,4.7,m/s,2026-05-21T11:14:17.624310
MFG09,ARIOLA,41.8325,15.859722,2026-05-21 10:00:00,precip_10min_interval,0.0,mm,2026-05-21T11:14:12.091232
MFG09,ARIOLA,41.8325,15.859722,2026-05-21 10:00:00,rh_hourly,56.0,%,2026-05-21T11:14:10.044248
MFG09,ARIOLA,41.8325,15.859722,2026-05-21 10:00:00,tair_hourly,21.5,°C,2026-05-21T11:14:08.939024
MFG09,ARIOLA,41.8325,15.859722,2026-05-21 10:00:00,ws_2m_hourly,0.8,m/s,2026-05-21T11:14:17.624362
MFG10,MATINE CARNE SALATA,41.651943,15.706389,2026-05-21 10:00:00,precip_10min_interval,0.0,mm,2026-05-21T11:14:12.091286
MFG10,MATINE CARNE SALATA,41.651943,15.706389,2026-05-21 10:00:00,rh_hourly,45.0,%,2026-05-21T11:14:10.044254
MFG10,MATINE CARNE SALATA,41.651943,15.706389,2026-05-21 10:00:00,tair_hourly,23.0,°C,2026-05-21T11:14:08.939030
MFG10,MATINE CARNE SALATA,41.651943,15.706389,2026-05-21 10:00:00,ws_2m_hourly,2.9,m/s,2026-05-21T11:14:17.624458
MFG11,SELVA DELLE GROTTE,41.714722,15.148056,2026-05-21 10:00:00,precip_10min_interval,0.0,mm,2026-05-21T11:14:12.091342
MFG11,SELVA DELLE GROTTE,41.714722,15.148056,2026-05-21 10:00:00,rh_hourly,56.0,%,2026-05-21T11:14:10.044260
MFG11,SELVA DELLE GROTTE,41.714722,15.148056,2026-05-21 10:00:00,tair_hourly,22.2,°C,2026-05-21T11:14:08.939036
MFG11,SELVA DELLE GROTTE,41.714722,15.148056,2026-05-21 10:00:00,ws_2m_hourly,6.5,m/s,2026-05-21T11:14:17.624584
MFG13,BISCIGLIETO,41.142502,15.662778,2026-05-21 10:00:00,precip_10min_interval,0.0,mm,2026-05-21T11:14:12.091396
MFG13,BISCIGLIETO,41.142502,15.662778,2026-05-21 10:00:00,rh_hourly,65.0,%,2026-05-21T11:14:10.044266
MFG13,BISCIGLIETO,41.142502,15.662778,2026-05-21 10:00:00,tair_hourly,20.2,°C,2026-05-21T11:14:08.939043
MFG13,BISCIGLIETO,41.142502,15.662778,2026-05-21 10:00:00,ws_2m_hourly,5.8,m/s,2026-05-21T11:14:17.624686
MFG14,S. LUCIA,41.922779,15.874722,2026-05-21 10:00:00,precip_10min_interval,0.0,mm,2026-05-21T11:14:12.091444
MFG14,S. LUCIA,41.922779,15.874722,2026-05-21 10:00:00,rh_hourly,71.0,%,2026-05-21T11:14:10.044278
MFG14,S. LUCIA,41.922779,15.874722,2026-05-21 10:00:00,tair_hourly,21.1,°C,2026-05-21T11:14:08.939049
MFG14,S. LUCIA,41.922779,15.874722,2026-05-21 10:00:00,ws_2m_hourly,1.6,m/s,2026-05-21T11:14:17.624783
MFG15,CASA LORDA,41.62389,15.403056,2026-05-21 10:00:00,precip_10min_interval,0.0,mm,2026-05-21T11:14:12.091501
MFG15,CASA LORDA,41.62389,15.403056,2026-05-21 10:00:00,rh_hourly,59.0,%,2026-05-21T11:14:10.044287
MFG15,CASA LORDA,41.62389,15.403056,2026-05-21 10:00:00,tair_hourly,22.1,°C,2026-05-21T11:14:08.939058
MFG15,CASA LORDA,41.62389,15.403056,2026-05-21 10:00:00,ws_2m_hourly,4.4,m/s,2026-05-21T11:14:17.624898
MFG16,QUERCIA COPPE,41.693054,15.756944,2026-05-21 10:00:00,precip_10min_interval,0.0,mm,2026-05-21T11:14:12.091560
MFG16,QUERCIA COPPE,41.693054,15.756944,2026-05-21 10:00:00,rh_hourly,57.0,%,2026-05-21T11:14:10.044295
MFG16,QUERCIA COPPE,41.693054,15.756944,2026-05-21 10:00:00,tair_hourly,18.2,°C,2026-05-21T11:14:08.939069
MFG16,QUERCIA COPPE,41.693054,15.756944,2026-05-21 10:00:00,ws_2m_hourly,4.0,m/s,2026-05-21T11:14:17.625002
MFG17,CARRO CHIUSO,41.284168,16.077223,2026-05-21 10:00:00,precip_10min_interval,0.0,mm,2026-05-21T11:14:12.091615
MFG17,CARRO CHIUSO,41.284168,16.077223,2026-05-21 10:00:00,rh_hourly,43.0,%,2026-05-21T11:14:10.044304
MFG17,CARRO CHIUSO,41.284168,16.077223,2026-05-21 10:00:00,tair_hourly,24.8,°C,2026-05-21T11:14:08.939078
MFG17,CARRO CHIUSO,41.284168,16.077223,2026-05-21 10:00:00,ws_2m_hourly,3.0,m/s,2026-05-21T11:14:17.625107
MFG18,VIESTE,41.901669,16.080557,2026-05-21 10:00:00,precip_10min_interval,0.0,mm,2026-05-21T11:14:12.091681
MFG18,VIESTE,41.901669,16.080557,2026-05-21 10:00:00,rh_hourly,54.0,%,2026-05-21T11:14:10.044316
MFG18,VIESTE,41.901669,16.080557,2026-05-21 10:00:00,tair_hourly,22.4,°C,2026-05-21T11:14:08.939087
MFG18,VIESTE,41.901669,16.080557,2026-05-21 10:00:00,ws_2m_hourly,1.8,m/s,2026-05-21T11:14:17.625242
MFG19,FOGGIA MONTEROZZI,41.521111,15.591944,2026-05-21 10:00:00,precip_10min_interval,0.0,mm,2026-05-21T11:14:12.091736
MFG19,FOGGIA MONTEROZZI,41.521111,15.591944,2026-05-21 10:00:00,tair_hourly,21.8,°C,2026-05-21T11:14:08.939096
MFG19,FOGGIA MONTEROZZI,41.521111,15.591944,2026-05-21 10:00:00,ws_2m_hourly,4.6,m/s,2026-05-21T11:14:17.625371
MLE34,BARBARO,39.980831,18.1525,2026-05-21 10:00:00,precip_10min_interval,0.0,mm,2026-05-21T11:14:12.091794
MLE34,BARBARO,39.980831,18.1525,2026-05-21 10:00:00,rh_hourly,46.0,%,2026-05-21T11:14:10.044325
MLE34,BARBARO,39.980831,18.1525,2026-05-21 10:00:00,tair_hourly,23.4,°C,2026-05-21T11:14:08.939105
MLE34,BARBARO,39.980831,18.1525,2026-05-21 10:00:00,ws_2m_hourly,5.3,m/s,2026-05-21T11:14:17.625489
MLE35,MALOPRA,40.225555,18.299168,2026-05-21 10:00:00,precip_10min_interval,0.0,mm,2026-05-21T11:14:12.091862
MLE35,MALOPRA,40.225555,18.299168,2026-05-21 10:00:00,rh_hourly,56.0,%,2026-05-21T11:14:10.044333
MLE35,MALOPRA,40.225555,18.299168,2026-05-21 10:00:00,tair_hourly,23.4,°C,2026-05-21T11:14:08.939121
MLE35,MALOPRA,40.225555,18.299168,2026-05-21 10:00:00,ws_2m_hourly,4.6,m/s,2026-05-21T11:14:17.625633
MTA32,MARTINA FRANCA,40.634724,17.277779,2026-05-21 10:00:00,precip_10min_interval,0.0,mm,2026-05-21T11:14:12.091929
MTA32,MARTINA FRANCA,40.634724,17.277779,2026-05-21 10:00:00,rh_hourly,51.0,%,2026-05-21T11:14:10.044346
MTA32,MARTINA FRANCA,40.634724,17.277779,2026-05-21 10:00:00,tair_hourly,21.2,°C,2026-05-21T11:14:08.939130
MTA32,MARTINA FRANCA,40.634724,17.277779,2026-05-21 10:00:00,ws_2m_hourly,2.2,m/s,2026-05-21T11:14:17.625758
0PU07,TRIONFO,41.347221,15.744167,2026-05-21 10:10:00,precip_10min_interval,0.0,mm,2026-05-21T11:14:12.088023
0PU07,TRIONFO,41.347221,15.744167,2026-05-21 10:10:00,precip_today_accum,0.0,mm,2026-05-21T11:14:14.397754
0PU07,TRIONFO,41.347221,15.744167,2026-05-21 10:10:00,wdir_hourly,,,2026-05-21T11:14:19.186506
0PU07,TRIONFO,41.347221,15.744167,2026-05-21 10:10:00,ws_10m_hourly,9.9,m/s,2026-05-21T11:14:17.618542
0PU07,TRIONFO,41.347221,15.744167,2026-05-21 10:10:00,ws_2m_hourly,2.9,m/s,2026-05-21T11:14:17.618539
0PU08,TORRETTA,41.542221,15.173889,2026-05-21 10:10:00,precip_10min_interval,0.0,mm,2026-05-21T11:14:12.088081
0PU08,TORRETTA,41.542221,15.173889,2026-05-21 10:10:00,precip_today_accum,0.0,mm,2026-05-21T11:14:14.397758
0PU08,TORRETTA,41.542221,15.173889,2026-05-21 10:10:00,wdir_hourly,,,2026-05-21T11:14:19.186510
0PU08,TORRETTA,41.542221,15.173889,2026-05-21 10:10:00,ws_10m_hourly,6.1,m/s,2026-05-21T11:14:17.618625
0PU08,TORRETTA,41.542221,15.173889,2026-05-21 10:10:00,ws_2m_hourly,0.0,m/s,2026-05-21T11:14:17.618620
0PU10,FRASSANITO,40.237221,18.441389,2026-05-21 10:10:00,precip_10min_interval,0.0,mm,2026-05-21T11:14:12.088124
0PU10,FRASSANITO,40.237221,18.441389,2026-05-21 10:10:00,precip_today_accum,0.0,mm,2026-05-21T11:14:14.397763
0PU10,FRASSANITO,40.237221,18.441389,2026-05-21 10:10:00,wdir_hourly,,,2026-05-21T11:14:19.186512
0PU10,FRASSANITO,40.237221,18.441389,2026-05-21 10:10:00,ws_10m_hourly,8.2,m/s,2026-05-21T11:14:17.618708
0PU10,FRASSANITO,40.237221,18.441389,2026-05-21 10:10:00,ws_2m_hourly,5.1,m/s,2026-05-21T11:14:17.618704
0PU11,BADESSA,40.470554,18.097221,2026-05-21 10:10:00,precip_10min_interval,0.0,mm,2026-05-21T11:14:12.088166
0PU11,BADESSA,40.470554,18.097221,2026-05-21 10:10:00,precip_today_accum,0.0,mm,2026-05-21T11:14:14.397766
0PU11,BADESSA,40.470554,18.097221,2026-05-21 10:10:00,wdir_hourly,,,2026-05-21T11:14:19.186515
0PU11,BADESSA,40.470554,18.097221,2026-05-21 10:10:00,ws_10m_hourly,8.1,m/s,2026-05-21T11:14:17.618794
0PU11,BADESSA,40.470554,18.097221,2026-05-21 10:10:00,ws_2m_hourly,5.7,m/s,2026-05-21T11:14:17.618791
0PU12,CONTE,39.981945,18.067499,2026-05-21 10:10:00,precip_10min_interval,0.0,mm,2026-05-21T11:14:12.088207
0PU12,CONTE,39.981945,18.067499,2026-05-21 10:10:00,precip_today_accum,0.0,mm,2026-05-21T11:14:14.397770
0PU12,CONTE,39.981945,18.067499,2026-05-21 10:10:00,wdir_hourly,,,2026-05-21T11:14:19.186518
0PU12,CONTE,39.981945,18.067499,2026-05-21 10:10:00,ws_10m_hourly,5.3,m/s,2026-05-21T11:14:17.618876
0PU12,CONTE,39.981945,18.067499,2026-05-21 10:10:00,ws_2m_hourly,1.6,m/s,2026-05-21T11:14:17.618873
0PU13,TORRICELLA,40.343334,17.487778,2026-05-21 10:10:00,precip_10min_interval,0.0,mm,2026-05-21T11:14:12.088269
0PU13,TORRICELLA,40.343334,17.487778,2026-05-21 10:10:00,precip_today_accum,0.0,mm,2026-05-21T11:14:14.397774
0PU13,TORRICELLA,40.343334,17.487778,2026-05-21 10:10:00,wdir_hourly,,,2026-05-21T11:14:19.186525
0PU13,TORRICELLA,40.343334,17.487778,2026-05-21 10:10:00,ws_10m_hourly,7.5,m/s,2026-05-21T11:14:17.618964
0PU13,TORRICELLA,40.343334,17.487778,2026-05-21 10:10:00,ws_2m_hourly,4.2,m/s,2026-05-21T11:14:17.618961
0PU14,TAFURI,40.680832,16.867779,2026-05-21 10:10:00,precip_10min_interval,0.0,mm,2026-05-21T11:14:12.088313
0PU14,TAFURI,40.680832,16.867779,2026-05-21 10:10:00,precip_today_accum,0.0,mm,2026-05-21T11:14:14.397778
0PU14,TAFURI,40.680832,16.867779,2026-05-21 10:10:00,wdir_hourly,,,2026-05-21T11:14:19.186527
0PU14,TAFURI,40.680832,16.867779,2026-05-21 10:10:00,ws_10m_hourly,10.4,m/s,2026-05-21T11:14:17.619048
0PU14,TAFURI,40.680832,16.867779,2026-05-21 10:10:00,ws_2m_hourly,5.3,m/s,2026-05-21T11:14:17.619045
0PU16,ANDRIA,41.202221,16.201944,2026-05-21 10:10:00,precip_10min_interval,0.0,mm,2026-05-21T11:14:12.088354
0PU16,ANDRIA,41.202221,16.201944,2026-05-21 10:10:00,ws_10m_hourly,3.2,m/s,2026-05-21T11:14:17.619132
0PU16,ANDRIA,41.202221,16.201944,2026-05-21 10:10:00,ws_2m_hourly,1.1,m/s,2026-05-21T11:14:17.619129
0PU17,OSTUNI-SAROLO,40.688332,17.413889,2026-05-21 10:10:00,precip_10min_interval,0.0,mm,2026-05-21T11:14:12.088397
0PU17,OSTUNI-SAROLO,40.688332,17.413889,2026-05-21 10:10:00,ws_10m_hourly,6.5,m/s,2026-05-21T11:14:17.619241
0PU17,OSTUNI-SAROLO,40.688332,17.413889,2026-05-21 10:10:00,ws_2m_hourly,3.8,m/s,2026-05-21T11:14:17.619238
0PU18,MONOPOLI,40.919445,17.294443,2026-05-21 10:10:00,precip_10min_interval,0.0,mm,2026-05-21T11:14:12.088444
0PU18,MONOPOLI,40.919445,17.294443,2026-05-21 10:10:00,ws_10m_hourly,6.8,m/s,2026-05-21T11:14:17.619332
0PU18,MONOPOLI,40.919445,17.294443,2026-05-21 10:10:00,ws_2m_hourly,4.2,m/s,2026-05-21T11:14:17.619328
0PU19,TERLIZZI,41.120834,16.549168,2026-05-21 10:10:00,precip_10min_interval,0.0,mm,2026-05-21T11:14:12.088489
0PU19,TERLIZZI,41.120834,16.549168,2026-05-21 10:10:00,ws_10m_hourly,3.9,m/s,2026-05-21T11:14:17.619423
0PU19,TERLIZZI,41.120834,16.549168,2026-05-21 10:10:00,ws_2m_hourly,1.2,m/s,2026-05-21T11:14:17.619420
0PU20,VILLA CASTELLI,40.553055,17.504444,2026-05-21 10:10:00,precip_10min_interval,0.0,mm,2026-05-21T11:14:12.088532
0PU20,VILLA CASTELLI,40.553055,17.504444,2026-05-21 10:10:00,ws_10m_hourly,6.2,m/s,2026-05-21T11:14:17.619514
0PU20,VILLA CASTELLI,40.553055,17.504444,2026-05-21 10:10:00,ws_2m_hourly,3.4,m/s,2026-05-21T11:14:17.619511
0PU21,CAROVIGNO,40.691944,17.630278,2026-05-21 10:10:00,precip_10min_interval,0.0,mm,2026-05-21T11:14:12.088583
0PU21,CAROVIGNO,40.691944,17.630278,2026-05-21 10:10:00,ws_10m_hourly,5.9,m/s,2026-05-21T11:14:17.619604
0PU21,CAROVIGNO,40.691944,17.630278,2026-05-21 10:10:00,ws_2m_hourly,1.9,m/s,2026-05-21T11:14:17.619601
0PU22,APRICENA,41.773335,15.438611,2026-05-21 10:10:00,precip_10min_interval,0.0,mm,2026-05-21T11:14:12.088626
0PU22,APRICENA,41.773335,15.438611,2026-05-21 10:10:00,ws_10m_hourly,6.4,m/s,2026-05-21T11:14:17.619694
0PU22,APRICENA,41.773335,15.438611,2026-05-21 10:10:00,ws_2m_hourly,1.9,m/s,2026-05-21T11:14:17.619691
0PU23,MANFREDONIA,41.541389,15.885833,2026-05-21 10:10:00,precip_10min_interval,0.0,mm,2026-05-21T11:14:12.088671
0PU23,MANFREDONIA,41.541389,15.885833,2026-05-21 10:10:00,ws_10m_hourly,4.7,m/s,2026-05-21T11:14:17.619788
0PU23,MANFREDONIA,41.541389,15.885833,2026-05-21 10:10:00,ws_2m_hourly,2.8,m/s,2026-05-21T11:14:17.619783
0PU25,NOCIGLIA,40.034443,18.313057,2026-05-21 10:10:00,precip_10min_interval,0.0,mm,2026-05-21T11:14:12.088716
0PU25,NOCIGLIA,40.034443,18.313057,2026-05-21 10:10:00,ws_10m_hourly,7.1,m/s,2026-05-21T11:14:17.619877
0PU25,NOCIGLIA,40.034443,18.313057,2026-05-21 10:10:00,ws_2m_hourly,4.5,m/s,2026-05-21T11:14:17.619874
0PU27,GROTTAGLIE,40.53389,17.362778,2026-05-21 10:10:00,ws_10m_hourly,4.5,m/s,2026-05-21T11:14:17.619967
0PU27,GROTTAGLIE,40.53389,17.362778,2026-05-21 10:10:00,ws_2m_hourly,2.9,m/s,2026-05-21T11:14:17.619964
0PU28,TRANI,41.247501,16.415556,2026-05-21 10:10:00,precip_10min_interval,0.0,mm,2026-05-21T11:14:12.088761
0PU28,TRANI,41.247501,16.415556,2026-05-21 10:10:00,ws_10m_hourly,5.4,m/s,2026-05-21T11:14:17.620110
0PU28,TRANI,41.247501,16.415556,2026-05-21 10:10:00,ws_2m_hourly,3.4,m/s,2026-05-21T11:14:17.620107
0PU30,NOICATTARO,41.021942,16.967777,2026-05-21 10:10:00,precip_10min_interval,0.0,mm,2026-05-21T11:14:12.088807
0PU30,NOICATTARO,41.021942,16.967777,2026-05-21 10:10:00,ws_10m_hourly,8.2,m/s,2026-05-21T11:14:17.620210
0PU30,NOICATTARO,41.021942,16.967777,2026-05-21 10:10:00,ws_2m_hourly,4.8,m/s,2026-05-21T11:14:17.620207
0PU31,ALBEROBELLO,40.790558,17.233334,2026-05-21 10:10:00,precip_10min_interval,0.0,mm,2026-05-21T11:14:12.088857
0PU31,ALBEROBELLO,40.790558,17.233334,2026-05-21 10:10:00,ws_10m_hourly,7.8,m/s,2026-05-21T11:14:17.620322
0PU31,ALBEROBELLO,40.790558,17.233334,2026-05-21 10:10:00,ws_2m_hourly,4.3,m/s,2026-05-21T11:14:17.620319
0PU33,MOCCARI,40.558334,17.851667,2026-05-21 10:10:00,precip_10min_interval,0.0,mm,2026-05-21T11:14:12.088905
0PU33,MOCCARI,40.558334,17.851667,2026-05-21 10:10:00,ws_10m_hourly,8.4,m/s,2026-05-21T11:14:17.620418
0PU33,MOCCARI,40.558334,17.851667,2026-05-21 10:10:00,ws_2m_hourly,6.6,m/s,2026-05-21T11:14:17.620415
0PU34,LATIANO,40.548332,17.688057,2026-05-21 10:10:00,precip_10min_interval,0.0,mm,2026-05-21T11:14:12.088954
0PU34,LATIANO,40.548332,17.688057,2026-05-21 10:10:00,ws_10m_hourly,3.9,m/s,2026-05-21T11:14:17.620522
0PU34,LATIANO,40.548332,17.688057,2026-05-21 10:10:00,ws_2m_hourly,3.2,m/s,2026-05-21T11:14:17.620519
0PU35,SAN VITO DEI NORMANNI,40.629166,17.73361,2026-05-21 10:10:00,precip_10min_interval,0.0,mm,2026-05-21T11:14:12.089002
0PU35,SAN VITO DEI NORMANNI,40.629166,17.73361,2026-05-21 10:10:00,ws_10m_hourly,6.9,m/s,2026-05-21T11:14:17.620616
0PU35,SAN VITO DEI NORMANNI,40.629166,17.73361,2026-05-21 10:10:00,ws_2m_hourly,4.7,m/s,2026-05-21T11:14:17.620613
0PU36,VILLANOVA,41.654167,15.586667,2026-05-21 10:10:00,precip_10min_interval,0.0,mm,2026-05-21T11:14:12.089048
0PU36,VILLANOVA,41.654167,15.586667,2026-05-21 10:10:00,ws_10m_hourly,7.8,m/s,2026-05-21T11:14:17.620713
0PU36,VILLANOVA,41.654167,15.586667,2026-05-21 10:10:00,ws_2m_hourly,2.6,m/s,2026-05-21T11:14:17.620710
0PU37,TROIA,41.336388,15.382778,2026-05-21 10:10:00,precip_10min_interval,0.0,mm,2026-05-21T11:14:12.089100
0PU37,TROIA,41.336388,15.382778,2026-05-21 10:10:00,ws_10m_hourly,8.3,m/s,2026-05-21T11:14:17.620810
0PU37,TROIA,41.336388,15.382778,2026-05-21 10:10:00,ws_2m_hourly,7.1,m/s,2026-05-21T11:14:17.620805
0PU38,BORGO LA ROCCA,41.558334,15.516111,2026-05-21 10:10:00,precip_10min_interval,0.0,mm,2026-05-21T11:14:12.089146
0PU38,BORGO LA ROCCA,41.558334,15.516111,2026-05-21 10:10:00,ws_10m_hourly,8.8,m/s,2026-05-21T11:14:17.620910
0PU38,BORGO LA ROCCA,41.558334,15.516111,2026-05-21 10:10:00,ws_2m_hourly,6.2,m/s,2026-05-21T11:14:17.620907
0PU40,ARCHE,40.273888,18.013611,2026-05-21 10:10:00,precip_10min_interval,0.0,mm,2026-05-21T11:14:12.089193
0PU40,ARCHE,40.273888,18.013611,2026-05-21 10:10:00,ws_10m_hourly,5.8,m/s,2026-05-21T11:14:17.621005
0PU40,ARCHE,40.273888,18.013611,2026-05-21 10:10:00,ws_2m_hourly,3.1,m/s,2026-05-21T11:14:17.621002
0PU41,LECCE,40.326668,18.139999,2026-05-21 10:10:00,precip_10min_interval,0.0,mm,2026-05-21T11:14:12.089253
0PU41,LECCE,40.326668,18.139999,2026-05-21 10:10:00,ws_10m_hourly,4.7,m/s,2026-05-21T11:14:17.621098
0PU41,LECCE,40.326668,18.139999,2026-05-21 10:10:00,ws_2m_hourly,3.5,m/s,2026-05-21T11:14:17.621095
0PU42,SALICE SALENTINO,40.390556,17.875278,2026-05-21 10:10:00,precip_10min_interval,0.0,mm,2026-05-21T11:14:12.089301
0PU42,SALICE SALENTINO,40.390556,17.875278,2026-05-21 10:10:00,ws_10m_hourly,8.1,m/s,2026-05-21T11:14:17.621188
0PU42,SALICE SALENTINO,40.390556,17.875278,2026-05-21 10:10:00,ws_2m_hourly,5.5,m/s,2026-05-21T11:14:17.621185
0PU43,LUCUGNANO,39.930279,18.3225,2026-05-21 10:10:00,precip_10min_interval,0.0,mm,2026-05-21T11:14:12.089347
0PU43,LUCUGNANO,39.930279,18.3225,2026-05-21 10:10:00,ws_10m_hourly,5.3,m/s,2026-05-21T11:14:17.621303
0PU43,LUCUGNANO,39.930279,18.3225,2026-05-21 10:10:00,ws_2m_hourly,3.3,m/s,2026-05-21T11:14:17.621295
0PU44,MANDURIA,40.381943,17.621111,2026-05-21 10:10:00,precip_10min_interval,0.0,mm,2026-05-21T11:14:12.089395
0PU44,MANDURIA,40.381943,17.621111,2026-05-21 10:10:00,ws_10m_hourly,7.4,m/s,2026-05-21T11:14:17.621399
0PU44,MANDURIA,40.381943,17.621111,2026-05-21 10:10:00,ws_2m_hourly,5.7,m/s,2026-05-21T11:14:17.621396
0PU45,MOTTOLA,40.675556,16.996111,2026-05-21 10:10:00,precip_10min_interval,0.0,mm,2026-05-21T11:14:12.089443
0PU45,MOTTOLA,40.675556,16.996111,2026-05-21 10:10:00,ws_10m_hourly,7.5,m/s,2026-05-21T11:14:17.621498
0PU45,MOTTOLA,40.675556,16.996111,2026-05-21 10:10:00,ws_2m_hourly,4.8,m/s,2026-05-21T11:14:17.621495
0PU46,MASSAFRA,40.582779,17.091944,2026-05-21 10:10:00,precip_10min_interval,0.0,mm,2026-05-21T11:14:12.089489
0PU46,MASSAFRA,40.582779,17.091944,2026-05-21 10:10:00,ws_10m_hourly,4.6,m/s,2026-05-21T11:14:17.621590
0PU46,MASSAFRA,40.582779,17.091944,2026-05-21 10:10:00,ws_2m_hourly,3.0,m/s,2026-05-21T11:14:17.621588
0PU47,CASTELLANETA,40.494446,16.878889,2026-05-21 10:10:00,precip_10min_interval,0.0,mm,2026-05-21T11:14:12.089542
0PU47,CASTELLANETA,40.494446,16.878889,2026-05-21 10:10:00,ws_10m_hourly,4.3,m/s,2026-05-21T11:14:17.621691
0PU47,CASTELLANETA,40.494446,16.878889,2026-05-21 10:10:00,ws_2m_hourly,2.3,m/s,2026-05-21T11:14:17.621688
0PU48,BARI C.N.R. IRSA,41.116943,16.820557,2026-05-21 10:10:00,precip_10min_interval,0.0,mm,2026-05-21T11:14:12.089590
0PU48,BARI C.N.R. IRSA,41.116943,16.820557,2026-05-21 10:10:00,ws_10m_hourly,5.9,m/s,2026-05-21T11:14:17.621787
0PU48,BARI C.N.R. IRSA,41.116943,16.820557,2026-05-21 10:10:00,ws_2m_hourly,4.2,m/s,2026-05-21T11:14:17.621784
0PU49,LOCOROTONDO ITAS,40.757221,17.340834,2026-05-21 10:10:00,precip_10min_interval,0.0,mm,2026-05-21T11:14:12.089636
0PU49,LOCOROTONDO ITAS,40.757221,17.340834,2026-05-21 10:10:00,ws_10m_hourly,7.4,m/s,2026-05-21T11:14:17.621884
0PU49,LOCOROTONDO ITAS,40.757221,17.340834,2026-05-21 10:10:00,ws_2m_hourly,5.1,m/s,2026-05-21T11:14:17.621881
0PU53,TORITTO,40.957222,16.567223,2026-05-21 10:10:00,precip_10min_interval,0.0,mm,2026-05-21T11:14:12.089686
0PU53,TORITTO,40.957222,16.567223,2026-05-21 10:10:00,ws_10m_hourly,8.1,m/s,2026-05-21T11:14:17.621979
0PU53,TORITTO,40.957222,16.567223,2026-05-21 10:10:00,ws_2m_hourly,5.9,m/s,2026-05-21T11:14:17.621976
0PU54,TORRE SANTA SUSANNA,40.459442,17.724722,2026-05-21 10:10:00,precip_10min_interval,0.0,mm,2026-05-21T11:14:12.089734
0PU54,TORRE SANTA SUSANNA,40.459442,17.724722,2026-05-21 10:10:00,ws_10m_hourly,6.4,m/s,2026-05-21T11:14:17.622080
0PU54,TORRE SANTA SUSANNA,40.459442,17.724722,2026-05-21 10:10:00,ws_2m_hourly,1.3,m/s,2026-05-21T11:14:17.622077
0PU55,LESINA-RIPALTA,41.8475,15.266111,2026-05-21 10:10:00,precip_10min_interval,0.0,mm,2026-05-21T11:14:12.089782
0PU55,LESINA-RIPALTA,41.8475,15.266111,2026-05-21 10:10:00,ws_10m_hourly,8.4,m/s,2026-05-21T11:14:17.622179
0PU55,LESINA-RIPALTA,41.8475,15.266111,2026-05-21 10:10:00,ws_2m_hourly,6.3,m/s,2026-05-21T11:14:17.622176
0PU56,CARLANTINO,41.588333,14.983611,2026-05-21 10:10:00,precip_10min_interval,0.0,mm,2026-05-21T11:14:12.089831
0PU56,CARLANTINO,41.588333,14.983611,2026-05-21 10:10:00,ws_10m_hourly,8.4,m/s,2026-05-21T11:14:17.622286
0PU56,CARLANTINO,41.588333,14.983611,2026-05-21 10:10:00,ws_2m_hourly,7.0,m/s,2026-05-21T11:14:17.622283
0PU57,SANT'AGATA DI PUGLIA,41.150276,15.46,2026-05-21 10:10:00,precip_10min_interval,0.0,mm,2026-05-21T11:14:12.089877
0PU57,SANT'AGATA DI PUGLIA,41.150276,15.46,2026-05-21 10:10:00,ws_10m_hourly,6.7,m/s,2026-05-21T11:14:17.622399
0PU57,SANT'AGATA DI PUGLIA,41.150276,15.46,2026-05-21 10:10:00,ws_2m_hourly,4.4,m/s,2026-05-21T11:14:17.622396
0PU58,GINOSA,40.556389,16.843611,2026-05-21 10:10:00,precip_10min_interval,0.0,mm,2026-05-21T11:14:12.089935
0PU58,GINOSA,40.556389,16.843611,2026-05-21 10:10:00,ws_10m_hourly,9.1,m/s,2026-05-21T11:14:17.622508
0PU58,GINOSA,40.556389,16.843611,2026-05-21 10:10:00,ws_2m_hourly,6.7,m/s,2026-05-21T11:14:17.622505
0PU59,PALAGIANELLO,40.578335,16.975279,2026-05-21 10:10:00,precip_10min_interval,0.0,mm,2026-05-21T11:14:12.089988
0PU59,PALAGIANELLO,40.578335,16.975279,2026-05-21 10:10:00,ws_10m_hourly,8.5,m/s,2026-05-21T11:14:17.623008
0PU59,PALAGIANELLO,40.578335,16.975279,2026-05-21 10:10:00,ws_2m_hourly,6.0,m/s,2026-05-21T11:14:17.622675
0PU60,MINERVINO DI LECCE,40.093613,18.418612,2026-05-21 10:10:00,precip_10min_interval,0.0,mm,2026-05-21T11:14:12.090040
0PU60,MINERVINO DI LECCE,40.093613,18.418612,2026-05-21 10:10:00,ws_10m_hourly,6.6,m/s,2026-05-21T11:14:17.623114
0PU60,MINERVINO DI LECCE,40.093613,18.418612,2026-05-21 10:10:00,ws_2m_hourly,4.7,m/s,2026-05-21T11:14:17.623111
0PU61,NARDO',40.171391,17.976389,2026-05-21 10:10:00,precip_10min_interval,0.0,mm,2026-05-21T11:14:12.090099
0PU61,NARDO',40.171391,17.976389,2026-05-21 10:10:00,ws_10m_hourly,7.5,m/s,2026-05-21T11:14:17.623242
0PU61,NARDO',40.171391,17.976389,2026-05-21 10:10:00,ws_2m_hourly,3.2,m/s,2026-05-21T11:14:17.623239
MBA20,IPSAA,41.22139,16.049723,2026-05-21 10:10:00,precip_10min_interval,0.0,mm,2026-05-21T11:14:12.090155
MBA20,IPSAA,41.22139,16.049723,2026-05-21 10:10:00,ws_2m_hourly,2.8,m/s,2026-05-21T11:14:17.623309
MBA21,MONTEGROSSO,41.132778,16.185833,2026-05-21 10:10:00,precip_10min_interval,0.0,mm,2026-05-21T11:14:12.090212
MBA21,MONTEGROSSO,41.132778,16.185833,2026-05-21 10:10:00,ws_2m_hourly,1.7,m/s,2026-05-21T11:14:17.623366
MBA22,S.P. SANTERAMO,40.80611,16.591389,2026-05-21 10:10:00,precip_10min_interval,0.0,mm,2026-05-21T11:14:12.090281
MBA22,S.P. SANTERAMO,40.80611,16.591389,2026-05-21 10:10:00,ws_2m_hourly,6.8,m/s,2026-05-21T11:14:17.623424
MBA24,CASSANO DELLE MURGE,40.918888,16.78861,2026-05-21 10:10:00,precip_10min_interval,0.0,mm,2026-05-21T11:14:12.090339
MBA24,CASSANO DELLE MURGE,40.918888,16.78861,2026-05-21 10:10:00,ws_2m_hourly,6.5,m/s,2026-05-21T11:14:17.623484
MBA25,SANTERAMO IN COLLE,40.78611,16.775833,2026-05-21 10:10:00,precip_10min_interval,0.0,mm,2026-05-21T11:14:12.090399
MBA25,SANTERAMO IN COLLE,40.78611,16.775833,2026-05-21 10:10:00,ws_2m_hourly,4.7,m/s,2026-05-21T11:14:17.623542
MBA26,CAMPO SPER. UNIBA,41.023609,16.906389,2026-05-21 10:10:00,precip_10min_interval,0.0,mm,2026-05-21T11:14:12.090460
MBA26,CAMPO SPER. UNIBA,41.023609,16.906389,2026-05-21 10:10:00,ws_2m_hourly,3.4,m/s,2026-05-21T11:14:17.623603
MBA27,SERRONE(AZ.AGR.MANCINI),40.921391,16.947222,2026-05-21 10:10:00,precip_10min_interval,0.0,mm,2026-05-21T11:14:12.090519
MBA27,SERRONE(AZ.AGR.MANCINI),40.921391,16.947222,2026-05-21 10:10:00,ws_2m_hourly,4.6,m/s,2026-05-21T11:14:17.623662
MBA28,MURGIA ANTICI,40.715557,17.106667,2026-05-21 10:10:00,precip_10min_interval,0.0,mm,2026-05-21T11:14:12.090581
MBA28,MURGIA ANTICI,40.715557,17.106667,2026-05-21 10:10:00,ws_2m_hourly,5.7,m/s,2026-05-21T11:14:17.623720
MBA29,LAMENDOLA I,40.812222,17.164167,2026-05-21 10:10:00,precip_10min_interval,0.0,mm,2026-05-21T11:14:12.090642
MBA29,LAMENDOLA I,40.812222,17.164167,2026-05-21 10:10:00,ws_2m_hourly,6.1,m/s,2026-05-21T11:14:17.623784
MBR30,FASCIANELLO,40.860279,17.364166,2026-05-21 10:10:00,precip_10min_interval,0.0,mm,2026-05-21T11:14:12.090700
MBR30,FASCIANELLO,40.860279,17.364166,2026-05-21 10:10:00,ws_2m_hourly,6.5,m/s,2026-05-21T11:14:17.623844
MBR31,FERRUZZO,40.62389,17.497499,2026-05-21 10:10:00,precip_10min_interval,0.0,mm,2026-05-21T11:14:12.090819
MBR31,FERRUZZO,40.62389,17.497499,2026-05-21 10:10:00,ws_2m_hourly,3.0,m/s,2026-05-21T11:14:17.623906
MFG01,S. LUCIA,41.470554,15.363889,2026-05-21 10:10:00,precip_10min_interval,0.0,mm,2026-05-21T11:14:12.090884
MFG01,S. LUCIA,41.470554,15.363889,2026-05-21 10:10:00,ws_2m_hourly,1.8,m/s,2026-05-21T11:14:17.623970
MFG02,SERRA DEI BISI,41.347778,15.282778,2026-05-21 10:10:00,precip_10min_interval,0.0,mm,2026-05-21T11:14:12.090936
MFG02,SERRA DEI BISI,41.347778,15.282778,2026-05-21 10:10:00,ws_2m_hourly,3.2,m/s,2026-05-21T11:14:17.624024
MFG03,LA PESCIA,41.40889,15.756667,2026-05-21 10:10:00,precip_10min_interval,0.0,mm,2026-05-21T11:14:12.090993
MFG03,LA PESCIA,41.40889,15.756667,2026-05-21 10:10:00,ws_2m_hourly,4.0,m/s,2026-05-21T11:14:17.624077
MFG04,TRE SANTI,41.393612,15.848056,2026-05-21 10:10:00,precip_10min_interval,0.0,mm,2026-05-21T11:14:12.091048
MFG04,TRE SANTI,41.393612,15.848056,2026-05-21 10:10:00,ws_2m_hourly,5.5,m/s,2026-05-21T11:14:17.624131
MFG05,RIVOLI,41.470833,15.929444,2026-05-21 10:10:00,precip_10min_interval,0.0,mm,2026-05-21T11:14:12.091102
MFG05,RIVOLI,41.470833,15.929444,2026-05-21 10:10:00,ws_2m_hourly,3.9,m/s,2026-05-21T11:14:17.624185
MFG06,TAVOLETTA,41.194168,15.932222,2026-05-21 10:10:00,precip_10min_interval,0.0,mm,2026-05-21T11:14:12.091157
MFG06,TAVOLETTA,41.194168,15.932222,2026-05-21 10:10:00,ws_2m_hourly,5.4,m/s,2026-05-21T11:14:17.624252
MFG07,COPPA D'ORO,41.421665,15.606944,2026-05-21 10:10:00,ws_2m_hourly,4.9,m/s,2026-05-21T11:14:17.624313
MFG09,ARIOLA,41.8325,15.859722,2026-05-21 10:10:00,precip_10min_interval,0.0,mm,2026-05-21T11:14:12.091235
MFG09,ARIOLA,41.8325,15.859722,2026-05-21 10:10:00,ws_2m_hourly,0.7,m/s,2026-05-21T11:14:17.624365
MFG10,MATINE CARNE SALATA,41.651943,15.706389,2026-05-21 10:10:00,precip_10min_interval,0.0,mm,2026-05-21T11:14:12.091289
MFG10,MATINE CARNE SALATA,41.651943,15.706389,2026-05-21 10:10:00,ws_2m_hourly,2.1,m/s,2026-05-21T11:14:17.624461
MFG11,SELVA DELLE GROTTE,41.714722,15.148056,2026-05-21 10:10:00,precip_10min_interval,0.0,mm,2026-05-21T11:14:12.091345
MFG11,SELVA DELLE GROTTE,41.714722,15.148056,2026-05-21 10:10:00,ws_2m_hourly,6.5,m/s,2026-05-21T11:14:17.624590
MFG13,BISCIGLIETO,41.142502,15.662778,2026-05-21 10:10:00,precip_10min_interval,0.0,mm,2026-05-21T11:14:12.091399
MFG13,BISCIGLIETO,41.142502,15.662778,2026-05-21 10:10:00,ws_2m_hourly,6.3,m/s,2026-05-21T11:14:17.624692
MFG14,S. LUCIA,41.922779,15.874722,2026-05-21 10:10:00,precip_10min_interval,0.0,mm,2026-05-21T11:14:12.091447
MFG14,S. LUCIA,41.922779,15.874722,2026-05-21 10:10:00,ws_2m_hourly,1.6,m/s,2026-05-21T11:14:17.624789
MFG15,CASA LORDA,41.62389,15.403056,2026-05-21 10:10:00,precip_10min_interval,0.0,mm,2026-05-21T11:14:12.091506
MFG15,CASA LORDA,41.62389,15.403056,2026-05-21 10:10:00,ws_2m_hourly,4.0,m/s,2026-05-21T11:14:17.624904
MFG16,QUERCIA COPPE,41.693054,15.756944,2026-05-21 10:10:00,precip_10min_interval,0.0,mm,2026-05-21T11:14:12.091563
MFG16,QUERCIA COPPE,41.693054,15.756944,2026-05-21 10:10:00,ws_2m_hourly,4.3,m/s,2026-05-21T11:14:17.625007
MFG17,CARRO CHIUSO,41.284168,16.077223,2026-05-21 10:10:00,precip_10min_interval,0.0,mm,2026-05-21T11:14:12.091618
MFG17,CARRO CHIUSO,41.284168,16.077223,2026-05-21 10:10:00,ws_2m_hourly,3.2,m/s,2026-05-21T11:14:17.625113
MFG18,VIESTE,41.901669,16.080557,2026-05-21 10:10:00,precip_10min_interval,0.0,mm,2026-05-21T11:14:12.091684
MFG18,VIESTE,41.901669,16.080557,2026-05-21 10:10:00,ws_2m_hourly,2.7,m/s,2026-05-21T11:14:17.625250
MFG19,FOGGIA MONTEROZZI,41.521111,15.591944,2026-05-21 10:10:00,precip_10min_interval,0.0,mm,2026-05-21T11:14:12.091739
MFG19,FOGGIA MONTEROZZI,41.521111,15.591944,2026-05-21 10:10:00,ws_2m_hourly,4.5,m/s,2026-05-21T11:14:17.625378
MLE34,BARBARO,39.980831,18.1525,2026-05-21 10:10:00,precip_10min_interval,0.0,mm,2026-05-21T11:14:12.091797
MLE34,BARBARO,39.980831,18.1525,2026-05-21 10:10:00,ws_2m_hourly,5.4,m/s,2026-05-21T11:14:17.625495
MLE35,MALOPRA,40.225555,18.299168,2026-05-21 10:10:00,precip_10min_interval,0.0,mm,2026-05-21T11:14:12.091865
MLE35,MALOPRA,40.225555,18.299168,2026-05-21 10:10:00,ws_2m_hourly,4.2,m/s,2026-05-21T11:14:17.625639
MTA32,MARTINA FRANCA,40.634724,17.277779,2026-05-21 10:10:00,precip_10min_interval,0.0,mm,2026-05-21T11:14:12.091932
MTA32,MARTINA FRANCA,40.634724,17.277779,2026-05-21 10:10:00,ws_2m_hourly,2.5,m/s,2026-05-21T11:14:17.625763
0PU16,ANDRIA,41.202221,16.201944,2026-05-21 10:20:00,precip_10min_interval,0.0,mm,2026-05-21T11:14:12.088356
0PU16,ANDRIA,41.202221,16.201944,2026-05-21 10:20:00,precip_today_accum,0.0,mm,2026-05-21T11:14:14.397782
0PU16,ANDRIA,41.202221,16.201944,2026-05-21 10:20:00,wdir_hourly,,,2026-05-21T11:14:19.186532
0PU16,ANDRIA,41.202221,16.201944,2026-05-21 10:20:00,ws_10m_hourly,3.6,m/s,2026-05-21T11:14:17.619138
0PU16,ANDRIA,41.202221,16.201944,2026-05-21 10:20:00,ws_2m_hourly,1.3,m/s,2026-05-21T11:14:17.619135
0PU17,OSTUNI-SAROLO,40.688332,17.413889,2026-05-21 10:20:00,precip_10min_interval,0.0,mm,2026-05-21T11:14:12.088400
0PU17,OSTUNI-SAROLO,40.688332,17.413889,2026-05-21 10:20:00,precip_today_accum,0.0,mm,2026-05-21T11:14:14.397785
0PU17,OSTUNI-SAROLO,40.688332,17.413889,2026-05-21 10:20:00,wdir_hourly,,,2026-05-21T11:14:19.186535
0PU17,OSTUNI-SAROLO,40.688332,17.413889,2026-05-21 10:20:00,ws_10m_hourly,7.8,m/s,2026-05-21T11:14:17.619249
0PU17,OSTUNI-SAROLO,40.688332,17.413889,2026-05-21 10:20:00,ws_2m_hourly,4.5,m/s,2026-05-21T11:14:17.619246
0PU18,MONOPOLI,40.919445,17.294443,2026-05-21 10:20:00,precip_10min_interval,0.0,mm,2026-05-21T11:14:12.088447
0PU18,MONOPOLI,40.919445,17.294443,2026-05-21 10:20:00,precip_today_accum,0.0,mm,2026-05-21T11:14:14.397789
0PU18,MONOPOLI,40.919445,17.294443,2026-05-21 10:20:00,wdir_hourly,,,2026-05-21T11:14:19.186538
0PU18,MONOPOLI,40.919445,17.294443,2026-05-21 10:20:00,ws_10m_hourly,6.4,m/s,2026-05-21T11:14:17.619338
0PU18,MONOPOLI,40.919445,17.294443,2026-05-21 10:20:00,ws_2m_hourly,4.3,m/s,2026-05-21T11:14:17.619335
0PU19,TERLIZZI,41.120834,16.549168,2026-05-21 10:20:00,precip_10min_interval,0.0,mm,2026-05-21T11:14:12.088492
0PU19,TERLIZZI,41.120834,16.549168,2026-05-21 10:20:00,precip_today_accum,0.0,mm,2026-05-21T11:14:14.397793
0PU19,TERLIZZI,41.120834,16.549168,2026-05-21 10:20:00,wdir_hourly,,,2026-05-21T11:14:19.186541
0PU19,TERLIZZI,41.120834,16.549168,2026-05-21 10:20:00,ws_10m_hourly,4.1,m/s,2026-05-21T11:14:17.619429
0PU19,TERLIZZI,41.120834,16.549168,2026-05-21 10:20:00,ws_2m_hourly,1.1,m/s,2026-05-21T11:14:17.619426
0PU20,VILLA CASTELLI,40.553055,17.504444,2026-05-21 10:20:00,precip_10min_interval,0.0,mm,2026-05-21T11:14:12.088535
0PU20,VILLA CASTELLI,40.553055,17.504444,2026-05-21 10:20:00,precip_today_accum,0.0,mm,2026-05-21T11:14:14.397804
0PU20,VILLA CASTELLI,40.553055,17.504444,2026-05-21 10:20:00,wdir_hourly,,,2026-05-21T11:14:19.186543
0PU20,VILLA CASTELLI,40.553055,17.504444,2026-05-21 10:20:00,ws_10m_hourly,7.1,m/s,2026-05-21T11:14:17.619520
0PU20,VILLA CASTELLI,40.553055,17.504444,2026-05-21 10:20:00,ws_2m_hourly,3.7,m/s,2026-05-21T11:14:17.619517
0PU21,CAROVIGNO,40.691944,17.630278,2026-05-21 10:20:00,precip_10min_interval,0.0,mm,2026-05-21T11:14:12.088586
0PU21,CAROVIGNO,40.691944,17.630278,2026-05-21 10:20:00,precip_today_accum,0.0,mm,2026-05-21T11:14:14.397814
0PU21,CAROVIGNO,40.691944,17.630278,2026-05-21 10:20:00,wdir_hourly,,,2026-05-21T11:14:19.186546
0PU21,CAROVIGNO,40.691944,17.630278,2026-05-21 10:20:00,ws_10m_hourly,5.3,m/s,2026-05-21T11:14:17.619610
0PU21,CAROVIGNO,40.691944,17.630278,2026-05-21 10:20:00,ws_2m_hourly,2.0,m/s,2026-05-21T11:14:17.619607
0PU22,APRICENA,41.773335,15.438611,2026-05-21 10:20:00,precip_10min_interval,0.0,mm,2026-05-21T11:14:12.088629
0PU22,APRICENA,41.773335,15.438611,2026-05-21 10:20:00,precip_today_accum,0.0,mm,2026-05-21T11:14:14.397823
0PU22,APRICENA,41.773335,15.438611,2026-05-21 10:20:00,wdir_hourly,,,2026-05-21T11:14:19.186549
0PU22,APRICENA,41.773335,15.438611,2026-05-21 10:20:00,ws_10m_hourly,5.9,m/s,2026-05-21T11:14:17.619700
0PU22,APRICENA,41.773335,15.438611,2026-05-21 10:20:00,ws_2m_hourly,1.8,m/s,2026-05-21T11:14:17.619697
0PU23,MANFREDONIA,41.541389,15.885833,2026-05-21 10:20:00,precip_10min_interval,0.0,mm,2026-05-21T11:14:12.088674
0PU23,MANFREDONIA,41.541389,15.885833,2026-05-21 10:20:00,precip_today_accum,0.0,mm,2026-05-21T11:14:14.397832
0PU23,MANFREDONIA,41.541389,15.885833,2026-05-21 10:20:00,wdir_hourly,,,2026-05-21T11:14:19.186552
0PU23,MANFREDONIA,41.541389,15.885833,2026-05-21 10:20:00,ws_10m_hourly,3.5,m/s,2026-05-21T11:14:17.619794
0PU23,MANFREDONIA,41.541389,15.885833,2026-05-21 10:20:00,ws_2m_hourly,1.9,m/s,2026-05-21T11:14:17.619791
0PU25,NOCIGLIA,40.034443,18.313057,2026-05-21 10:20:00,precip_10min_interval,0.0,mm,2026-05-21T11:14:12.088719
0PU25,NOCIGLIA,40.034443,18.313057,2026-05-21 10:20:00,precip_today_accum,0.0,mm,2026-05-21T11:14:14.397860
0PU25,NOCIGLIA,40.034443,18.313057,2026-05-21 10:20:00,wdir_hourly,,,2026-05-21T11:14:19.186554
0PU25,NOCIGLIA,40.034443,18.313057,2026-05-21 10:20:00,ws_10m_hourly,7.6,m/s,2026-05-21T11:14:17.619883
0PU25,NOCIGLIA,40.034443,18.313057,2026-05-21 10:20:00,ws_2m_hourly,4.9,m/s,2026-05-21T11:14:17.619880
0PU27,GROTTAGLIE,40.53389,17.362778,2026-05-21 10:20:00,ws_10m_hourly,4.0,m/s,2026-05-21T11:14:17.619973
0PU27,GROTTAGLIE,40.53389,17.362778,2026-05-21 10:20:00,ws_2m_hourly,2.1,m/s,2026-05-21T11:14:17.619970
0PU28,TRANI,41.247501,16.415556,2026-05-21 10:20:00,precip_10min_interval,0.0,mm,2026-05-21T11:14:12.088764
0PU28,TRANI,41.247501,16.415556,2026-05-21 10:20:00,ws_10m_hourly,5.5,m/s,2026-05-21T11:14:17.620116
0PU28,TRANI,41.247501,16.415556,2026-05-21 10:20:00,ws_2m_hourly,3.6,m/s,2026-05-21T11:14:17.620113
0PU30,NOICATTARO,41.021942,16.967777,2026-05-21 10:20:00,precip_10min_interval,0.0,mm,2026-05-21T11:14:12.088810
0PU30,NOICATTARO,41.021942,16.967777,2026-05-21 10:20:00,ws_10m_hourly,8.9,m/s,2026-05-21T11:14:17.620228
0PU30,NOICATTARO,41.021942,16.967777,2026-05-21 10:20:00,ws_2m_hourly,5.2,m/s,2026-05-21T11:14:17.620224
0PU31,ALBEROBELLO,40.790558,17.233334,2026-05-21 10:20:00,precip_10min_interval,0.0,mm,2026-05-21T11:14:12.088860
0PU31,ALBEROBELLO,40.790558,17.233334,2026-05-21 10:20:00,ws_10m_hourly,7.5,m/s,2026-05-21T11:14:17.620328
0PU31,ALBEROBELLO,40.790558,17.233334,2026-05-21 10:20:00,ws_2m_hourly,4.1,m/s,2026-05-21T11:14:17.620325
0PU33,MOCCARI,40.558334,17.851667,2026-05-21 10:20:00,precip_10min_interval,0.0,mm,2026-05-21T11:14:12.088910
0PU33,MOCCARI,40.558334,17.851667,2026-05-21 10:20:00,ws_10m_hourly,8.2,m/s,2026-05-21T11:14:17.620427
0PU33,MOCCARI,40.558334,17.851667,2026-05-21 10:20:00,ws_2m_hourly,6.0,m/s,2026-05-21T11:14:17.620424
0PU34,LATIANO,40.548332,17.688057,2026-05-21 10:20:00,precip_10min_interval,0.0,mm,2026-05-21T11:14:12.088957
0PU34,LATIANO,40.548332,17.688057,2026-05-21 10:20:00,ws_10m_hourly,2.6,m/s,2026-05-21T11:14:17.620528
0PU34,LATIANO,40.548332,17.688057,2026-05-21 10:20:00,ws_2m_hourly,2.3,m/s,2026-05-21T11:14:17.620525
0PU35,SAN VITO DEI NORMANNI,40.629166,17.73361,2026-05-21 10:20:00,precip_10min_interval,0.0,mm,2026-05-21T11:14:12.089005
0PU35,SAN VITO DEI NORMANNI,40.629166,17.73361,2026-05-21 10:20:00,ws_10m_hourly,8.4,m/s,2026-05-21T11:14:17.620622
0PU35,SAN VITO DEI NORMANNI,40.629166,17.73361,2026-05-21 10:20:00,ws_2m_hourly,5.8,m/s,2026-05-21T11:14:17.620619
0PU36,VILLANOVA,41.654167,15.586667,2026-05-21 10:20:00,precip_10min_interval,0.0,mm,2026-05-21T11:14:12.089051
0PU36,VILLANOVA,41.654167,15.586667,2026-05-21 10:20:00,ws_10m_hourly,7.2,m/s,2026-05-21T11:14:17.620718
0PU36,VILLANOVA,41.654167,15.586667,2026-05-21 10:20:00,ws_2m_hourly,2.0,m/s,2026-05-21T11:14:17.620716
0PU37,TROIA,41.336388,15.382778,2026-05-21 10:20:00,precip_10min_interval,0.0,mm,2026-05-21T11:14:12.089103
0PU37,TROIA,41.336388,15.382778,2026-05-21 10:20:00,ws_10m_hourly,8.6,m/s,2026-05-21T11:14:17.620818
0PU37,TROIA,41.336388,15.382778,2026-05-21 10:20:00,ws_2m_hourly,7.5,m/s,2026-05-21T11:14:17.620815
0PU38,BORGO LA ROCCA,41.558334,15.516111,2026-05-21 10:20:00,precip_10min_interval,0.0,mm,2026-05-21T11:14:12.089149
0PU38,BORGO LA ROCCA,41.558334,15.516111,2026-05-21 10:20:00,ws_10m_hourly,8.1,m/s,2026-05-21T11:14:17.620916
0PU38,BORGO LA ROCCA,41.558334,15.516111,2026-05-21 10:20:00,ws_2m_hourly,5.9,m/s,2026-05-21T11:14:17.620913
0PU40,ARCHE,40.273888,18.013611,2026-05-21 10:20:00,precip_10min_interval,0.0,mm,2026-05-21T11:14:12.089197
0PU40,ARCHE,40.273888,18.013611,2026-05-21 10:20:00,precip_today_accum,0.0,mm,2026-05-21T11:14:14.397900
0PU40,ARCHE,40.273888,18.013611,2026-05-21 10:20:00,wdir_hourly,,,2026-05-21T11:14:19.186613
0PU40,ARCHE,40.273888,18.013611,2026-05-21 10:20:00,ws_10m_hourly,6.4,m/s,2026-05-21T11:14:17.621011
0PU40,ARCHE,40.273888,18.013611,2026-05-21 10:20:00,ws_2m_hourly,3.2,m/s,2026-05-21T11:14:17.621008
0PU41,LECCE,40.326668,18.139999,2026-05-21 10:20:00,precip_10min_interval,0.0,mm,2026-05-21T11:14:12.089256
0PU41,LECCE,40.326668,18.139999,2026-05-21 10:20:00,precip_today_accum,0.0,mm,2026-05-21T11:14:14.397903
0PU41,LECCE,40.326668,18.139999,2026-05-21 10:20:00,wdir_hourly,,,2026-05-21T11:14:19.186618
0PU41,LECCE,40.326668,18.139999,2026-05-21 10:20:00,ws_10m_hourly,4.2,m/s,2026-05-21T11:14:17.621104
0PU41,LECCE,40.326668,18.139999,2026-05-21 10:20:00,ws_2m_hourly,2.9,m/s,2026-05-21T11:14:17.621101
0PU42,SALICE SALENTINO,40.390556,17.875278,2026-05-21 10:20:00,precip_10min_interval,0.0,mm,2026-05-21T11:14:12.089304
0PU42,SALICE SALENTINO,40.390556,17.875278,2026-05-21 10:20:00,ws_10m_hourly,7.0,m/s,2026-05-21T11:14:17.621194
0PU42,SALICE SALENTINO,40.390556,17.875278,2026-05-21 10:20:00,ws_2m_hourly,4.8,m/s,2026-05-21T11:14:17.621191
0PU43,LUCUGNANO,39.930279,18.3225,2026-05-21 10:20:00,precip_10min_interval,0.0,mm,2026-05-21T11:14:12.089350
0PU43,LUCUGNANO,39.930279,18.3225,2026-05-21 10:20:00,ws_10m_hourly,5.8,m/s,2026-05-21T11:14:17.621309
0PU43,LUCUGNANO,39.930279,18.3225,2026-05-21 10:20:00,ws_2m_hourly,4.0,m/s,2026-05-21T11:14:17.621306
0PU44,MANDURIA,40.381943,17.621111,2026-05-21 10:20:00,precip_10min_interval,0.0,mm,2026-05-21T11:14:12.089398
0PU44,MANDURIA,40.381943,17.621111,2026-05-21 10:20:00,ws_10m_hourly,7.3,m/s,2026-05-21T11:14:17.621405
0PU44,MANDURIA,40.381943,17.621111,2026-05-21 10:20:00,ws_2m_hourly,5.7,m/s,2026-05-21T11:14:17.621402
0PU45,MOTTOLA,40.675556,16.996111,2026-05-21 10:20:00,precip_10min_interval,0.0,mm,2026-05-21T11:14:12.089446
0PU45,MOTTOLA,40.675556,16.996111,2026-05-21 10:20:00,ws_10m_hourly,7.9,m/s,2026-05-21T11:14:17.621504
0PU45,MOTTOLA,40.675556,16.996111,2026-05-21 10:20:00,ws_2m_hourly,4.9,m/s,2026-05-21T11:14:17.621501
0PU46,MASSAFRA,40.582779,17.091944,2026-05-21 10:20:00,precip_10min_interval,0.0,mm,2026-05-21T11:14:12.089492
0PU46,MASSAFRA,40.582779,17.091944,2026-05-21 10:20:00,ws_10m_hourly,5.9,m/s,2026-05-21T11:14:17.621598
0PU46,MASSAFRA,40.582779,17.091944,2026-05-21 10:20:00,ws_2m_hourly,3.9,m/s,2026-05-21T11:14:17.621595
0PU47,CASTELLANETA,40.494446,16.878889,2026-05-21 10:20:00,precip_10min_interval,0.0,mm,2026-05-21T11:14:12.089545
0PU47,CASTELLANETA,40.494446,16.878889,2026-05-21 10:20:00,ws_10m_hourly,4.3,m/s,2026-05-21T11:14:17.621697
0PU47,CASTELLANETA,40.494446,16.878889,2026-05-21 10:20:00,ws_2m_hourly,2.7,m/s,2026-05-21T11:14:17.621694
0PU48,BARI C.N.R. IRSA,41.116943,16.820557,2026-05-21 10:20:00,precip_10min_interval,0.0,mm,2026-05-21T11:14:12.089593
0PU48,BARI C.N.R. IRSA,41.116943,16.820557,2026-05-21 10:20:00,ws_10m_hourly,5.7,m/s,2026-05-21T11:14:17.621793
0PU48,BARI C.N.R. IRSA,41.116943,16.820557,2026-05-21 10:20:00,ws_2m_hourly,4.0,m/s,2026-05-21T11:14:17.621790
0PU49,LOCOROTONDO ITAS,40.757221,17.340834,2026-05-21 10:20:00,precip_10min_interval,0.0,mm,2026-05-21T11:14:12.089641
0PU49,LOCOROTONDO ITAS,40.757221,17.340834,2026-05-21 10:20:00,ws_10m_hourly,7.1,m/s,2026-05-21T11:14:17.621892
0PU49,LOCOROTONDO ITAS,40.757221,17.340834,2026-05-21 10:20:00,ws_2m_hourly,5.0,m/s,2026-05-21T11:14:17.621889
0PU53,TORITTO,40.957222,16.567223,2026-05-21 10:20:00,precip_10min_interval,0.0,mm,2026-05-21T11:14:12.089688
0PU53,TORITTO,40.957222,16.567223,2026-05-21 10:20:00,ws_10m_hourly,8.1,m/s,2026-05-21T11:14:17.621988
0PU53,TORITTO,40.957222,16.567223,2026-05-21 10:20:00,ws_2m_hourly,6.3,m/s,2026-05-21T11:14:17.621983
0PU54,TORRE SANTA SUSANNA,40.459442,17.724722,2026-05-21 10:20:00,precip_10min_interval,0.0,mm,2026-05-21T11:14:12.089737
0PU54,TORRE SANTA SUSANNA,40.459442,17.724722,2026-05-21 10:20:00,ws_10m_hourly,6.7,m/s,2026-05-21T11:14:17.622086
0PU54,TORRE SANTA SUSANNA,40.459442,17.724722,2026-05-21 10:20:00,ws_2m_hourly,1.5,m/s,2026-05-21T11:14:17.622083
0PU55,LESINA-RIPALTA,41.8475,15.266111,2026-05-21 10:20:00,precip_10min_interval,0.0,mm,2026-05-21T11:14:12.089785
0PU55,LESINA-RIPALTA,41.8475,15.266111,2026-05-21 10:20:00,ws_10m_hourly,7.8,m/s,2026-05-21T11:14:17.622184
0PU55,LESINA-RIPALTA,41.8475,15.266111,2026-05-21 10:20:00,ws_2m_hourly,5.7,m/s,2026-05-21T11:14:17.622182
0PU56,CARLANTINO,41.588333,14.983611,2026-05-21 10:20:00,precip_10min_interval,0.0,mm,2026-05-21T11:14:12.089834
0PU56,CARLANTINO,41.588333,14.983611,2026-05-21 10:20:00,ws_10m_hourly,9.8,m/s,2026-05-21T11:14:17.622292
0PU56,CARLANTINO,41.588333,14.983611,2026-05-21 10:20:00,ws_2m_hourly,7.8,m/s,2026-05-21T11:14:17.622290
0PU57,SANT'AGATA DI PUGLIA,41.150276,15.46,2026-05-21 10:20:00,precip_10min_interval,0.0,mm,2026-05-21T11:14:12.089880
0PU57,SANT'AGATA DI PUGLIA,41.150276,15.46,2026-05-21 10:20:00,ws_10m_hourly,6.8,m/s,2026-05-21T11:14:17.622405
0PU57,SANT'AGATA DI PUGLIA,41.150276,15.46,2026-05-21 10:20:00,ws_2m_hourly,4.4,m/s,2026-05-21T11:14:17.622402
0PU58,GINOSA,40.556389,16.843611,2026-05-21 10:20:00,precip_10min_interval,0.0,mm,2026-05-21T11:14:12.089940
0PU58,GINOSA,40.556389,16.843611,2026-05-21 10:20:00,ws_10m_hourly,8.6,m/s,2026-05-21T11:14:17.622514
0PU58,GINOSA,40.556389,16.843611,2026-05-21 10:20:00,ws_2m_hourly,6.2,m/s,2026-05-21T11:14:17.622511
0PU59,PALAGIANELLO,40.578335,16.975279,2026-05-21 10:20:00,precip_10min_interval,0.0,mm,2026-05-21T11:14:12.089991
0PU59,PALAGIANELLO,40.578335,16.975279,2026-05-21 10:20:00,ws_10m_hourly,9.0,m/s,2026-05-21T11:14:17.623019
0PU59,PALAGIANELLO,40.578335,16.975279,2026-05-21 10:20:00,ws_2m_hourly,6.3,m/s,2026-05-21T11:14:17.623015
0PU60,MINERVINO DI LECCE,40.093613,18.418612,2026-05-21 10:20:00,precip_10min_interval,0.0,mm,2026-05-21T11:14:12.090043
0PU60,MINERVINO DI LECCE,40.093613,18.418612,2026-05-21 10:20:00,ws_10m_hourly,7.6,m/s,2026-05-21T11:14:17.623120
0PU60,MINERVINO DI LECCE,40.093613,18.418612,2026-05-21 10:20:00,ws_2m_hourly,5.4,m/s,2026-05-21T11:14:17.623117
0PU61,NARDO',40.171391,17.976389,2026-05-21 10:20:00,precip_10min_interval,0.0,mm,2026-05-21T11:14:12.090102
0PU61,NARDO',40.171391,17.976389,2026-05-21 10:20:00,ws_10m_hourly,7.3,m/s,2026-05-21T11:14:17.623248
0PU61,NARDO',40.171391,17.976389,2026-05-21 10:20:00,ws_2m_hourly,3.2,m/s,2026-05-21T11:14:17.623245
MBA20,IPSAA,41.22139,16.049723,2026-05-21 10:20:00,precip_10min_interval,0.0,mm,2026-05-21T11:14:12.090158
MBA20,IPSAA,41.22139,16.049723,2026-05-21 10:20:00,ws_2m_hourly,2.6,m/s,2026-05-21T11:14:17.623311
MBA21,MONTEGROSSO,41.132778,16.185833,2026-05-21 10:20:00,precip_10min_interval,0.0,mm,2026-05-21T11:14:12.090226
MBA21,MONTEGROSSO,41.132778,16.185833,2026-05-21 10:20:00,ws_2m_hourly,1.5,m/s,2026-05-21T11:14:17.623369
MBA22,S.P. SANTERAMO,40.80611,16.591389,2026-05-21 10:20:00,precip_10min_interval,0.0,mm,2026-05-21T11:14:12.090284
MBA22,S.P. SANTERAMO,40.80611,16.591389,2026-05-21 10:20:00,ws_2m_hourly,6.5,m/s,2026-05-21T11:14:17.623427
MBA24,CASSANO DELLE MURGE,40.918888,16.78861,2026-05-21 10:20:00,precip_10min_interval,0.0,mm,2026-05-21T11:14:12.090342
MBA24,CASSANO DELLE MURGE,40.918888,16.78861,2026-05-21 10:20:00,ws_2m_hourly,6.8,m/s,2026-05-21T11:14:17.623487
MBA25,SANTERAMO IN COLLE,40.78611,16.775833,2026-05-21 10:20:00,precip_10min_interval,0.0,mm,2026-05-21T11:14:12.090402
MBA25,SANTERAMO IN COLLE,40.78611,16.775833,2026-05-21 10:20:00,ws_2m_hourly,4.8,m/s,2026-05-21T11:14:17.623545
MBA26,CAMPO SPER. UNIBA,41.023609,16.906389,2026-05-21 10:20:00,precip_10min_interval,0.0,mm,2026-05-21T11:14:12.090463
MBA26,CAMPO SPER. UNIBA,41.023609,16.906389,2026-05-21 10:20:00,ws_2m_hourly,2.9,m/s,2026-05-21T11:14:17.623606
MBA27,SERRONE(AZ.AGR.MANCINI),40.921391,16.947222,2026-05-21 10:20:00,precip_10min_interval,0.0,mm,2026-05-21T11:14:12.090522
MBA27,SERRONE(AZ.AGR.MANCINI),40.921391,16.947222,2026-05-21 10:20:00,ws_2m_hourly,5.8,m/s,2026-05-21T11:14:17.623665
MBA28,MURGIA ANTICI,40.715557,17.106667,2026-05-21 10:20:00,precip_10min_interval,0.0,mm,2026-05-21T11:14:12.090584
MBA28,MURGIA ANTICI,40.715557,17.106667,2026-05-21 10:20:00,ws_2m_hourly,5.2,m/s,2026-05-21T11:14:17.623723
MBA29,LAMENDOLA I,40.812222,17.164167,2026-05-21 10:20:00,precip_10min_interval,0.0,mm,2026-05-21T11:14:12.090645
MBA29,LAMENDOLA I,40.812222,17.164167,2026-05-21 10:20:00,ws_2m_hourly,6.4,m/s,2026-05-21T11:14:17.623787
MBR30,FASCIANELLO,40.860279,17.364166,2026-05-21 10:20:00,precip_10min_interval,0.0,mm,2026-05-21T11:14:12.090703
MBR30,FASCIANELLO,40.860279,17.364166,2026-05-21 10:20:00,ws_2m_hourly,6.2,m/s,2026-05-21T11:14:17.623847
MBR31,FERRUZZO,40.62389,17.497499,2026-05-21 10:20:00,precip_10min_interval,0.0,mm,2026-05-21T11:14:12.090822
MBR31,FERRUZZO,40.62389,17.497499,2026-05-21 10:20:00,ws_2m_hourly,3.8,m/s,2026-05-21T11:14:17.623909
MFG01,S. LUCIA,41.470554,15.363889,2026-05-21 10:20:00,precip_10min_interval,0.0,mm,2026-05-21T11:14:12.090886
MFG01,S. LUCIA,41.470554,15.363889,2026-05-21 10:20:00,ws_2m_hourly,1.4,m/s,2026-05-21T11:14:17.623973
MFG02,SERRA DEI BISI,41.347778,15.282778,2026-05-21 10:20:00,precip_10min_interval,0.0,mm,2026-05-21T11:14:12.090940
MFG02,SERRA DEI BISI,41.347778,15.282778,2026-05-21 10:20:00,ws_2m_hourly,4.6,m/s,2026-05-21T11:14:17.624028
MFG03,LA PESCIA,41.40889,15.756667,2026-05-21 10:20:00,precip_10min_interval,0.0,mm,2026-05-21T11:14:12.090996
MFG03,LA PESCIA,41.40889,15.756667,2026-05-21 10:20:00,ws_2m_hourly,3.6,m/s,2026-05-21T11:14:17.624080
MFG04,TRE SANTI,41.393612,15.848056,2026-05-21 10:20:00,precip_10min_interval,0.0,mm,2026-05-21T11:14:12.091051
MFG04,TRE SANTI,41.393612,15.848056,2026-05-21 10:20:00,ws_2m_hourly,5.1,m/s,2026-05-21T11:14:17.624134
MFG05,RIVOLI,41.470833,15.929444,2026-05-21 10:20:00,precip_10min_interval,0.0,mm,2026-05-21T11:14:12.091105
MFG05,RIVOLI,41.470833,15.929444,2026-05-21 10:20:00,ws_2m_hourly,3.8,m/s,2026-05-21T11:14:17.624188
MFG06,TAVOLETTA,41.194168,15.932222,2026-05-21 10:20:00,precip_10min_interval,0.0,mm,2026-05-21T11:14:12.091160
MFG06,TAVOLETTA,41.194168,15.932222,2026-05-21 10:20:00,ws_2m_hourly,5.6,m/s,2026-05-21T11:14:17.624255
MFG07,COPPA D'ORO,41.421665,15.606944,2026-05-21 10:20:00,ws_2m_hourly,4.9,m/s,2026-05-21T11:14:17.624316
MFG09,ARIOLA,41.8325,15.859722,2026-05-21 10:20:00,precip_10min_interval,0.0,mm,2026-05-21T11:14:12.091238
MFG09,ARIOLA,41.8325,15.859722,2026-05-21 10:20:00,ws_2m_hourly,1.0,m/s,2026-05-21T11:14:17.624368
MFG10,MATINE CARNE SALATA,41.651943,15.706389,2026-05-21 10:20:00,precip_10min_interval,0.0,mm,2026-05-21T11:14:12.091294
MFG10,MATINE CARNE SALATA,41.651943,15.706389,2026-05-21 10:20:00,ws_2m_hourly,2.4,m/s,2026-05-21T11:14:17.624473
MFG11,SELVA DELLE GROTTE,41.714722,15.148056,2026-05-21 10:20:00,precip_10min_interval,0.0,mm,2026-05-21T11:14:12.091348
MFG11,SELVA DELLE GROTTE,41.714722,15.148056,2026-05-21 10:20:00,ws_2m_hourly,7.5,m/s,2026-05-21T11:14:17.624596
MFG13,BISCIGLIETO,41.142502,15.662778,2026-05-21 10:20:00,precip_10min_interval,0.0,mm,2026-05-21T11:14:12.091402
MFG13,BISCIGLIETO,41.142502,15.662778,2026-05-21 10:20:00,ws_2m_hourly,6.4,m/s,2026-05-21T11:14:17.624698
MFG14,S. LUCIA,41.922779,15.874722,2026-05-21 10:20:00,precip_10min_interval,0.0,mm,2026-05-21T11:14:12.091450
MFG14,S. LUCIA,41.922779,15.874722,2026-05-21 10:20:00,ws_2m_hourly,1.9,m/s,2026-05-21T11:14:17.624795
MFG15,CASA LORDA,41.62389,15.403056,2026-05-21 10:20:00,precip_10min_interval,0.0,mm,2026-05-21T11:14:12.091509
MFG15,CASA LORDA,41.62389,15.403056,2026-05-21 10:20:00,ws_2m_hourly,4.4,m/s,2026-05-21T11:14:17.624910
MFG16,QUERCIA COPPE,41.693054,15.756944,2026-05-21 10:20:00,precip_10min_interval,0.0,mm,2026-05-21T11:14:12.091566
MFG16,QUERCIA COPPE,41.693054,15.756944,2026-05-21 10:20:00,ws_2m_hourly,4.2,m/s,2026-05-21T11:14:17.625013
MFG17,CARRO CHIUSO,41.284168,16.077223,2026-05-21 10:20:00,precip_10min_interval,0.0,mm,2026-05-21T11:14:12.091623
MFG17,CARRO CHIUSO,41.284168,16.077223,2026-05-21 10:20:00,ws_2m_hourly,3.1,m/s,2026-05-21T11:14:17.625119
MFG18,VIESTE,41.901669,16.080557,2026-05-21 10:20:00,precip_10min_interval,0.0,mm,2026-05-21T11:14:12.091687
MFG18,VIESTE,41.901669,16.080557,2026-05-21 10:20:00,ws_2m_hourly,2.1,m/s,2026-05-21T11:14:17.625256
MFG19,FOGGIA MONTEROZZI,41.521111,15.591944,2026-05-21 10:20:00,precip_10min_interval,0.0,mm,2026-05-21T11:14:12.091742
MFG19,FOGGIA MONTEROZZI,41.521111,15.591944,2026-05-21 10:20:00,ws_2m_hourly,5.1,m/s,2026-05-21T11:14:17.625384
MLE34,BARBARO,39.980831,18.1525,2026-05-21 10:20:00,precip_10min_interval,0.0,mm,2026-05-21T11:14:12.091800
MLE34,BARBARO,39.980831,18.1525,2026-05-21 10:20:00,ws_2m_hourly,5.4,m/s,2026-05-21T11:14:17.625500
MLE35,MALOPRA,40.225555,18.299168,2026-05-21 10:20:00,precip_10min_interval,0.0,mm,2026-05-21T11:14:12.091868
MLE35,MALOPRA,40.225555,18.299168,2026-05-21 10:20:00,ws_2m_hourly,4.6,m/s,2026-05-21T11:14:17.625645
MTA32,MARTINA FRANCA,40.634724,17.277779,2026-05-21 10:20:00,precip_10min_interval,0.0,mm,2026-05-21T11:14:12.091937
MTA32,MARTINA FRANCA,40.634724,17.277779,2026-05-21 10:20:00,ws_2m_hourly,2.4,m/s,2026-05-21T11:14:17.625767
0PU27,GROTTAGLIE,40.53389,17.362778,2026-05-21 10:30:00,ws_10m_hourly,4.3,m/s,2026-05-21T11:14:17.619980
0PU27,GROTTAGLIE,40.53389,17.362778,2026-05-21 10:30:00,ws_2m_hourly,2.7,m/s,2026-05-21T11:14:17.619977
0PU28,TRANI,41.247501,16.415556,2026-05-21 10:30:00,precip_10min_interval,0.0,mm,2026-05-21T11:14:12.088767
0PU28,TRANI,41.247501,16.415556,2026-05-21 10:30:00,precip_today_accum,0.0,mm,2026-05-21T11:14:14.397865
0PU28,TRANI,41.247501,16.415556,2026-05-21 10:30:00,wdir_hourly,,,2026-05-21T11:14:19.186560
0PU28,TRANI,41.247501,16.415556,2026-05-21 10:30:00,ws_10m_hourly,6.2,m/s,2026-05-21T11:14:17.620122
0PU28,TRANI,41.247501,16.415556,2026-05-21 10:30:00,ws_2m_hourly,4.1,m/s,2026-05-21T11:14:17.620119
0PU30,NOICATTARO,41.021942,16.967777,2026-05-21 10:30:00,precip_10min_interval,0.0,mm,2026-05-21T11:14:12.088814
0PU30,NOICATTARO,41.021942,16.967777,2026-05-21 10:30:00,precip_today_accum,0.0,mm,2026-05-21T11:14:14.397869
0PU30,NOICATTARO,41.021942,16.967777,2026-05-21 10:30:00,wdir_hourly,,,2026-05-21T11:14:19.186565
0PU30,NOICATTARO,41.021942,16.967777,2026-05-21 10:30:00,ws_10m_hourly,8.0,m/s,2026-05-21T11:14:17.620234
0PU30,NOICATTARO,41.021942,16.967777,2026-05-21 10:30:00,ws_2m_hourly,4.7,m/s,2026-05-21T11:14:17.620231
0PU31,ALBEROBELLO,40.790558,17.233334,2026-05-21 10:30:00,precip_10min_interval,0.0,mm,2026-05-21T11:14:12.088863
0PU31,ALBEROBELLO,40.790558,17.233334,2026-05-21 10:30:00,precip_today_accum,0.0,mm,2026-05-21T11:14:14.397873
0PU31,ALBEROBELLO,40.790558,17.233334,2026-05-21 10:30:00,wdir_hourly,,,2026-05-21T11:14:19.186574
0PU31,ALBEROBELLO,40.790558,17.233334,2026-05-21 10:30:00,ws_10m_hourly,7.0,m/s,2026-05-21T11:14:17.620334
0PU31,ALBEROBELLO,40.790558,17.233334,2026-05-21 10:30:00,ws_2m_hourly,3.5,m/s,2026-05-21T11:14:17.620331
0PU33,MOCCARI,40.558334,17.851667,2026-05-21 10:30:00,precip_10min_interval,0.0,mm,2026-05-21T11:14:12.088913
0PU33,MOCCARI,40.558334,17.851667,2026-05-21 10:30:00,precip_today_accum,0.0,mm,2026-05-21T11:14:14.397877
0PU33,MOCCARI,40.558334,17.851667,2026-05-21 10:30:00,wdir_hourly,,,2026-05-21T11:14:19.186581
0PU33,MOCCARI,40.558334,17.851667,2026-05-21 10:30:00,ws_10m_hourly,7.7,m/s,2026-05-21T11:14:17.620434
0PU33,MOCCARI,40.558334,17.851667,2026-05-21 10:30:00,ws_2m_hourly,5.3,m/s,2026-05-21T11:14:17.620431
0PU34,LATIANO,40.548332,17.688057,2026-05-21 10:30:00,precip_10min_interval,0.0,mm,2026-05-21T11:14:12.088960
0PU34,LATIANO,40.548332,17.688057,2026-05-21 10:30:00,precip_today_accum,0.0,mm,2026-05-21T11:14:14.397881
0PU34,LATIANO,40.548332,17.688057,2026-05-21 10:30:00,wdir_hourly,,,2026-05-21T11:14:19.186586
0PU34,LATIANO,40.548332,17.688057,2026-05-21 10:30:00,ws_10m_hourly,3.4,m/s,2026-05-21T11:14:17.620534
0PU34,LATIANO,40.548332,17.688057,2026-05-21 10:30:00,ws_2m_hourly,2.9,m/s,2026-05-21T11:14:17.620531
0PU35,SAN VITO DEI NORMANNI,40.629166,17.73361,2026-05-21 10:30:00,precip_10min_interval,0.0,mm,2026-05-21T11:14:12.089008
0PU35,SAN VITO DEI NORMANNI,40.629166,17.73361,2026-05-21 10:30:00,precip_today_accum,0.0,mm,2026-05-21T11:14:14.397884
0PU35,SAN VITO DEI NORMANNI,40.629166,17.73361,2026-05-21 10:30:00,wdir_hourly,,,2026-05-21T11:14:19.186592
0PU35,SAN VITO DEI NORMANNI,40.629166,17.73361,2026-05-21 10:30:00,ws_10m_hourly,8.2,m/s,2026-05-21T11:14:17.620628
0PU35,SAN VITO DEI NORMANNI,40.629166,17.73361,2026-05-21 10:30:00,ws_2m_hourly,5.5,m/s,2026-05-21T11:14:17.620625
0PU36,VILLANOVA,41.654167,15.586667,2026-05-21 10:30:00,precip_10min_interval,0.0,mm,2026-05-21T11:14:12.089054
0PU36,VILLANOVA,41.654167,15.586667,2026-05-21 10:30:00,precip_today_accum,0.0,mm,2026-05-21T11:14:14.397888
0PU36,VILLANOVA,41.654167,15.586667,2026-05-21 10:30:00,wdir_hourly,,,2026-05-21T11:14:19.186598
0PU36,VILLANOVA,41.654167,15.586667,2026-05-21 10:30:00,ws_10m_hourly,6.0,m/s,2026-05-21T11:14:17.620726
0PU36,VILLANOVA,41.654167,15.586667,2026-05-21 10:30:00,ws_2m_hourly,1.7,m/s,2026-05-21T11:14:17.620722
0PU37,TROIA,41.336388,15.382778,2026-05-21 10:30:00,precip_10min_interval,0.0,mm,2026-05-21T11:14:12.089106
0PU37,TROIA,41.336388,15.382778,2026-05-21 10:30:00,precip_today_accum,0.0,mm,2026-05-21T11:14:14.397892
0PU37,TROIA,41.336388,15.382778,2026-05-21 10:30:00,wdir_hourly,,,2026-05-21T11:14:19.186603
0PU37,TROIA,41.336388,15.382778,2026-05-21 10:30:00,ws_10m_hourly,8.6,m/s,2026-05-21T11:14:17.620824
0PU37,TROIA,41.336388,15.382778,2026-05-21 10:30:00,ws_2m_hourly,7.4,m/s,2026-05-21T11:14:17.620821
0PU38,BORGO LA ROCCA,41.558334,15.516111,2026-05-21 10:30:00,precip_10min_interval,0.0,mm,2026-05-21T11:14:12.089152
0PU38,BORGO LA ROCCA,41.558334,15.516111,2026-05-21 10:30:00,precip_today_accum,0.0,mm,2026-05-21T11:14:14.397896
0PU38,BORGO LA ROCCA,41.558334,15.516111,2026-05-21 10:30:00,wdir_hourly,,,2026-05-21T11:14:19.186608
0PU38,BORGO LA ROCCA,41.558334,15.516111,2026-05-21 10:30:00,ws_10m_hourly,8.3,m/s,2026-05-21T11:14:17.620922
0PU38,BORGO LA ROCCA,41.558334,15.516111,2026-05-21 10:30:00,ws_2m_hourly,6.0,m/s,2026-05-21T11:14:17.620919
0PU42,SALICE SALENTINO,40.390556,17.875278,2026-05-21 10:30:00,precip_10min_interval,0.0,mm,2026-05-21T11:14:12.089307
0PU42,SALICE SALENTINO,40.390556,17.875278,2026-05-21 10:30:00,precip_today_accum,0.0,mm,2026-05-21T11:14:14.397907
0PU42,SALICE SALENTINO,40.390556,17.875278,2026-05-21 10:30:00,wdir_hourly,,,2026-05-21T11:14:19.186623
0PU42,SALICE SALENTINO,40.390556,17.875278,2026-05-21 10:30:00,ws_10m_hourly,8.9,m/s,2026-05-21T11:14:17.621202
0PU42,SALICE SALENTINO,40.390556,17.875278,2026-05-21 10:30:00,ws_2m_hourly,6.6,m/s,2026-05-21T11:14:17.621197
0PU43,LUCUGNANO,39.930279,18.3225,2026-05-21 10:30:00,precip_10min_interval,0.0,mm,2026-05-21T11:14:12.089353
0PU43,LUCUGNANO,39.930279,18.3225,2026-05-21 10:30:00,precip_today_accum,0.0,mm,2026-05-21T11:14:14.397917
0PU43,LUCUGNANO,39.930279,18.3225,2026-05-21 10:30:00,wdir_hourly,,,2026-05-21T11:14:19.186628
0PU43,LUCUGNANO,39.930279,18.3225,2026-05-21 10:30:00,ws_10m_hourly,6.1,m/s,2026-05-21T11:14:17.621315
0PU43,LUCUGNANO,39.930279,18.3225,2026-05-21 10:30:00,ws_2m_hourly,4.3,m/s,2026-05-21T11:14:17.621312
0PU44,MANDURIA,40.381943,17.621111,2026-05-21 10:30:00,precip_10min_interval,0.0,mm,2026-05-21T11:14:12.089401
0PU44,MANDURIA,40.381943,17.621111,2026-05-21 10:30:00,precip_today_accum,0.0,mm,2026-05-21T11:14:14.397921
0PU44,MANDURIA,40.381943,17.621111,2026-05-21 10:30:00,wdir_hourly,,,2026-05-21T11:14:19.186634
0PU44,MANDURIA,40.381943,17.621111,2026-05-21 10:30:00,ws_10m_hourly,7.4,m/s,2026-05-21T11:14:17.621411
0PU44,MANDURIA,40.381943,17.621111,2026-05-21 10:30:00,ws_2m_hourly,5.9,m/s,2026-05-21T11:14:17.621408
0PU45,MOTTOLA,40.675556,16.996111,2026-05-21 10:30:00,precip_10min_interval,0.0,mm,2026-05-21T11:14:12.089449
0PU45,MOTTOLA,40.675556,16.996111,2026-05-21 10:30:00,precip_today_accum,0.0,mm,2026-05-21T11:14:14.397925
0PU45,MOTTOLA,40.675556,16.996111,2026-05-21 10:30:00,wdir_hourly,,,2026-05-21T11:14:19.186639
0PU45,MOTTOLA,40.675556,16.996111,2026-05-21 10:30:00,ws_10m_hourly,8.4,m/s,2026-05-21T11:14:17.621510
0PU45,MOTTOLA,40.675556,16.996111,2026-05-21 10:30:00,ws_2m_hourly,5.0,m/s,2026-05-21T11:14:17.621507
0PU46,MASSAFRA,40.582779,17.091944,2026-05-21 10:30:00,precip_10min_interval,0.0,mm,2026-05-21T11:14:12.089495
0PU46,MASSAFRA,40.582779,17.091944,2026-05-21 10:30:00,precip_today_accum,0.0,mm,2026-05-21T11:14:14.397929
0PU46,MASSAFRA,40.582779,17.091944,2026-05-21 10:30:00,wdir_hourly,,,2026-05-21T11:14:19.186647
0PU46,MASSAFRA,40.582779,17.091944,2026-05-21 10:30:00,ws_10m_hourly,5.0,m/s,2026-05-21T11:14:17.621606
0PU46,MASSAFRA,40.582779,17.091944,2026-05-21 10:30:00,ws_2m_hourly,3.3,m/s,2026-05-21T11:14:17.621603
0PU47,CASTELLANETA,40.494446,16.878889,2026-05-21 10:30:00,precip_10min_interval,0.0,mm,2026-05-21T11:14:12.089548
0PU47,CASTELLANETA,40.494446,16.878889,2026-05-21 10:30:00,precip_today_accum,0.0,mm,2026-05-21T11:14:14.397933
0PU47,CASTELLANETA,40.494446,16.878889,2026-05-21 10:30:00,wdir_hourly,,,2026-05-21T11:14:19.186652
0PU47,CASTELLANETA,40.494446,16.878889,2026-05-21 10:30:00,ws_10m_hourly,3.9,m/s,2026-05-21T11:14:17.621703
0PU47,CASTELLANETA,40.494446,16.878889,2026-05-21 10:30:00,ws_2m_hourly,2.2,m/s,2026-05-21T11:14:17.621700
0PU48,BARI C.N.R. IRSA,41.116943,16.820557,2026-05-21 10:30:00,precip_10min_interval,0.0,mm,2026-05-21T11:14:12.089598
0PU48,BARI C.N.R. IRSA,41.116943,16.820557,2026-05-21 10:30:00,precip_today_accum,0.0,mm,2026-05-21T11:14:14.397937
0PU48,BARI C.N.R. IRSA,41.116943,16.820557,2026-05-21 10:30:00,wdir_hourly,,,2026-05-21T11:14:19.186657
0PU48,BARI C.N.R. IRSA,41.116943,16.820557,2026-05-21 10:30:00,ws_10m_hourly,5.1,m/s,2026-05-21T11:14:17.621799
0PU48,BARI C.N.R. IRSA,41.116943,16.820557,2026-05-21 10:30:00,ws_2m_hourly,3.7,m/s,2026-05-21T11:14:17.621796
0PU49,LOCOROTONDO ITAS,40.757221,17.340834,2026-05-21 10:30:00,precip_10min_interval,0.0,mm,2026-05-21T11:14:12.089644
0PU49,LOCOROTONDO ITAS,40.757221,17.340834,2026-05-21 10:30:00,precip_today_accum,0.0,mm,2026-05-21T11:14:14.397941
0PU49,LOCOROTONDO ITAS,40.757221,17.340834,2026-05-21 10:30:00,wdir_hourly,,,2026-05-21T11:14:19.186662
0PU49,LOCOROTONDO ITAS,40.757221,17.340834,2026-05-21 10:30:00,ws_10m_hourly,7.3,m/s,2026-05-21T11:14:17.621898
0PU49,LOCOROTONDO ITAS,40.757221,17.340834,2026-05-21 10:30:00,ws_2m_hourly,5.3,m/s,2026-05-21T11:14:17.621895
0PU53,TORITTO,40.957222,16.567223,2026-05-21 10:30:00,precip_10min_interval,0.0,mm,2026-05-21T11:14:12.089691
0PU53,TORITTO,40.957222,16.567223,2026-05-21 10:30:00,precip_today_accum,0.0,mm,2026-05-21T11:14:14.397945
0PU53,TORITTO,40.957222,16.567223,2026-05-21 10:30:00,wdir_hourly,,,2026-05-21T11:14:19.186667
0PU53,TORITTO,40.957222,16.567223,2026-05-21 10:30:00,ws_10m_hourly,7.9,m/s,2026-05-21T11:14:17.621994
0PU53,TORITTO,40.957222,16.567223,2026-05-21 10:30:00,ws_2m_hourly,6.3,m/s,2026-05-21T11:14:17.621991
0PU54,TORRE SANTA SUSANNA,40.459442,17.724722,2026-05-21 10:30:00,precip_10min_interval,0.0,mm,2026-05-21T11:14:12.089740
0PU54,TORRE SANTA SUSANNA,40.459442,17.724722,2026-05-21 10:30:00,precip_today_accum,0.0,mm,2026-05-21T11:14:14.397948
0PU54,TORRE SANTA SUSANNA,40.459442,17.724722,2026-05-21 10:30:00,wdir_hourly,,,2026-05-21T11:14:19.186672
0PU54,TORRE SANTA SUSANNA,40.459442,17.724722,2026-05-21 10:30:00,ws_10m_hourly,7.3,m/s,2026-05-21T11:14:17.622092
0PU54,TORRE SANTA SUSANNA,40.459442,17.724722,2026-05-21 10:30:00,ws_2m_hourly,1.6,m/s,2026-05-21T11:14:17.622089
0PU55,LESINA-RIPALTA,41.8475,15.266111,2026-05-21 10:30:00,precip_10min_interval,0.0,mm,2026-05-21T11:14:12.089788
0PU55,LESINA-RIPALTA,41.8475,15.266111,2026-05-21 10:30:00,precip_today_accum,0.0,mm,2026-05-21T11:14:14.397953
0PU55,LESINA-RIPALTA,41.8475,15.266111,2026-05-21 10:30:00,wdir_hourly,,,2026-05-21T11:14:19.186677
0PU55,LESINA-RIPALTA,41.8475,15.266111,2026-05-21 10:30:00,ws_10m_hourly,8.2,m/s,2026-05-21T11:14:17.622190
0PU55,LESINA-RIPALTA,41.8475,15.266111,2026-05-21 10:30:00,ws_2m_hourly,5.8,m/s,2026-05-21T11:14:17.622187
0PU56,CARLANTINO,41.588333,14.983611,2026-05-21 10:30:00,precip_10min_interval,0.0,mm,2026-05-21T11:14:12.089837
0PU56,CARLANTINO,41.588333,14.983611,2026-05-21 10:30:00,precip_today_accum,0.0,mm,2026-05-21T11:14:14.397956
0PU56,CARLANTINO,41.588333,14.983611,2026-05-21 10:30:00,ws_10m_hourly,9.4,m/s,2026-05-21T11:14:17.622300
0PU56,CARLANTINO,41.588333,14.983611,2026-05-21 10:30:00,ws_2m_hourly,7.7,m/s,2026-05-21T11:14:17.622297
0PU57,SANT'AGATA DI PUGLIA,41.150276,15.46,2026-05-21 10:30:00,precip_10min_interval,0.0,mm,2026-05-21T11:14:12.089883
0PU57,SANT'AGATA DI PUGLIA,41.150276,15.46,2026-05-21 10:30:00,ws_10m_hourly,7.7,m/s,2026-05-21T11:14:17.622412
0PU57,SANT'AGATA DI PUGLIA,41.150276,15.46,2026-05-21 10:30:00,ws_2m_hourly,5.0,m/s,2026-05-21T11:14:17.622408
0PU58,GINOSA,40.556389,16.843611,2026-05-21 10:30:00,precip_10min_interval,0.0,mm,2026-05-21T11:14:12.089942
0PU58,GINOSA,40.556389,16.843611,2026-05-21 10:30:00,ws_10m_hourly,8.4,m/s,2026-05-21T11:14:17.622522
0PU58,GINOSA,40.556389,16.843611,2026-05-21 10:30:00,ws_2m_hourly,6.0,m/s,2026-05-21T11:14:17.622519
0PU59,PALAGIANELLO,40.578335,16.975279,2026-05-21 10:30:00,precip_10min_interval,0.0,mm,2026-05-21T11:14:12.089994
0PU59,PALAGIANELLO,40.578335,16.975279,2026-05-21 10:30:00,ws_10m_hourly,8.7,m/s,2026-05-21T11:14:17.623025
0PU59,PALAGIANELLO,40.578335,16.975279,2026-05-21 10:30:00,ws_2m_hourly,6.3,m/s,2026-05-21T11:14:17.623022
0PU60,MINERVINO DI LECCE,40.093613,18.418612,2026-05-21 10:30:00,precip_10min_interval,0.0,mm,2026-05-21T11:14:12.090046
0PU60,MINERVINO DI LECCE,40.093613,18.418612,2026-05-21 10:30:00,ws_10m_hourly,7.2,m/s,2026-05-21T11:14:17.623127
0PU60,MINERVINO DI LECCE,40.093613,18.418612,2026-05-21 10:30:00,ws_2m_hourly,4.9,m/s,2026-05-21T11:14:17.623123
0PU61,NARDO',40.171391,17.976389,2026-05-21 10:30:00,precip_10min_interval,0.0,mm,2026-05-21T11:14:12.090105
0PU61,NARDO',40.171391,17.976389,2026-05-21 10:30:00,ws_10m_hourly,6.9,m/s,2026-05-21T11:14:17.623254
0PU61,NARDO',40.171391,17.976389,2026-05-21 10:30:00,ws_2m_hourly,2.9,m/s,2026-05-21T11:14:17.623251
MBA20,IPSAA,41.22139,16.049723,2026-05-21 10:30:00,precip_10min_interval,0.0,mm,2026-05-21T11:14:12.090161
MBA20,IPSAA,41.22139,16.049723,2026-05-21 10:30:00,ws_2m_hourly,2.7,m/s,2026-05-21T11:14:17.623314
MBA21,MONTEGROSSO,41.132778,16.185833,2026-05-21 10:30:00,precip_10min_interval,0.0,mm,2026-05-21T11:14:12.090230
MBA21,MONTEGROSSO,41.132778,16.185833,2026-05-21 10:30:00,ws_2m_hourly,2.2,m/s,2026-05-21T11:14:17.623372
MBA22,S.P. SANTERAMO,40.80611,16.591389,2026-05-21 10:30:00,precip_10min_interval,0.0,mm,2026-05-21T11:14:12.090287
MBA22,S.P. SANTERAMO,40.80611,16.591389,2026-05-21 10:30:00,ws_2m_hourly,6.5,m/s,2026-05-21T11:14:17.623430
MBA24,CASSANO DELLE MURGE,40.918888,16.78861,2026-05-21 10:30:00,precip_10min_interval,0.0,mm,2026-05-21T11:14:12.090345
MBA24,CASSANO DELLE MURGE,40.918888,16.78861,2026-05-21 10:30:00,ws_2m_hourly,6.7,m/s,2026-05-21T11:14:17.623490
MBA25,SANTERAMO IN COLLE,40.78611,16.775833,2026-05-21 10:30:00,precip_10min_interval,0.0,mm,2026-05-21T11:14:12.090405
MBA25,SANTERAMO IN COLLE,40.78611,16.775833,2026-05-21 10:30:00,ws_2m_hourly,4.9,m/s,2026-05-21T11:14:17.623548
MBA26,CAMPO SPER. UNIBA,41.023609,16.906389,2026-05-21 10:30:00,precip_10min_interval,0.0,mm,2026-05-21T11:14:12.090466
MBA26,CAMPO SPER. UNIBA,41.023609,16.906389,2026-05-21 10:30:00,ws_2m_hourly,2.8,m/s,2026-05-21T11:14:17.623609
MBA27,SERRONE(AZ.AGR.MANCINI),40.921391,16.947222,2026-05-21 10:30:00,precip_10min_interval,0.0,mm,2026-05-21T11:14:12.090525
MBA27,SERRONE(AZ.AGR.MANCINI),40.921391,16.947222,2026-05-21 10:30:00,ws_2m_hourly,5.4,m/s,2026-05-21T11:14:17.623668
MBA28,MURGIA ANTICI,40.715557,17.106667,2026-05-21 10:30:00,precip_10min_interval,0.0,mm,2026-05-21T11:14:12.090588
MBA28,MURGIA ANTICI,40.715557,17.106667,2026-05-21 10:30:00,ws_2m_hourly,4.9,m/s,2026-05-21T11:14:17.623728
MBA29,LAMENDOLA I,40.812222,17.164167,2026-05-21 10:30:00,precip_10min_interval,0.0,mm,2026-05-21T11:14:12.090648
MBA29,LAMENDOLA I,40.812222,17.164167,2026-05-21 10:30:00,ws_2m_hourly,6.0,m/s,2026-05-21T11:14:17.623789
MBR30,FASCIANELLO,40.860279,17.364166,2026-05-21 10:30:00,precip_10min_interval,0.0,mm,2026-05-21T11:14:12.090706
MBR30,FASCIANELLO,40.860279,17.364166,2026-05-21 10:30:00,ws_2m_hourly,7.0,m/s,2026-05-21T11:14:17.623850
MBR31,FERRUZZO,40.62389,17.497499,2026-05-21 10:30:00,precip_10min_interval,0.0,mm,2026-05-21T11:14:12.090825
MBR31,FERRUZZO,40.62389,17.497499,2026-05-21 10:30:00,ws_2m_hourly,4.1,m/s,2026-05-21T11:14:17.623912
MFG01,S. LUCIA,41.470554,15.363889,2026-05-21 10:30:00,precip_10min_interval,0.0,mm,2026-05-21T11:14:12.090890
MFG01,S. LUCIA,41.470554,15.363889,2026-05-21 10:30:00,ws_2m_hourly,2.2,m/s,2026-05-21T11:14:17.623976
MFG02,SERRA DEI BISI,41.347778,15.282778,2026-05-21 10:30:00,precip_10min_interval,0.0,mm,2026-05-21T11:14:12.090943
MFG02,SERRA DEI BISI,41.347778,15.282778,2026-05-21 10:30:00,ws_2m_hourly,3.9,m/s,2026-05-21T11:14:17.624031
MFG03,LA PESCIA,41.40889,15.756667,2026-05-21 10:30:00,precip_10min_interval,0.0,mm,2026-05-21T11:14:12.090999
MFG03,LA PESCIA,41.40889,15.756667,2026-05-21 10:30:00,ws_2m_hourly,3.5,m/s,2026-05-21T11:14:17.624083
MFG04,TRE SANTI,41.393612,15.848056,2026-05-21 10:30:00,precip_10min_interval,0.0,mm,2026-05-21T11:14:12.091054
MFG04,TRE SANTI,41.393612,15.848056,2026-05-21 10:30:00,ws_2m_hourly,4.7,m/s,2026-05-21T11:14:17.624137
MFG05,RIVOLI,41.470833,15.929444,2026-05-21 10:30:00,precip_10min_interval,0.0,mm,2026-05-21T11:14:12.091108
MFG05,RIVOLI,41.470833,15.929444,2026-05-21 10:30:00,ws_2m_hourly,3.7,m/s,2026-05-21T11:14:17.624191
MFG06,TAVOLETTA,41.194168,15.932222,2026-05-21 10:30:00,precip_10min_interval,0.0,mm,2026-05-21T11:14:12.091163
MFG06,TAVOLETTA,41.194168,15.932222,2026-05-21 10:30:00,ws_2m_hourly,4.9,m/s,2026-05-21T11:14:17.624258
MFG07,COPPA D'ORO,41.421665,15.606944,2026-05-21 10:30:00,ws_2m_hourly,4.7,m/s,2026-05-21T11:14:17.624319
MFG09,ARIOLA,41.8325,15.859722,2026-05-21 10:30:00,precip_10min_interval,0.0,mm,2026-05-21T11:14:12.091243
MFG09,ARIOLA,41.8325,15.859722,2026-05-21 10:30:00,ws_2m_hourly,1.2,m/s,2026-05-21T11:14:17.624371
MFG10,MATINE CARNE SALATA,41.651943,15.706389,2026-05-21 10:30:00,precip_10min_interval,0.0,mm,2026-05-21T11:14:12.091298
MFG10,MATINE CARNE SALATA,41.651943,15.706389,2026-05-21 10:30:00,ws_2m_hourly,2.1,m/s,2026-05-21T11:14:17.624484
MFG11,SELVA DELLE GROTTE,41.714722,15.148056,2026-05-21 10:30:00,precip_10min_interval,0.0,mm,2026-05-21T11:14:12.091351
MFG11,SELVA DELLE GROTTE,41.714722,15.148056,2026-05-21 10:30:00,ws_2m_hourly,8.0,m/s,2026-05-21T11:14:17.624601
MFG13,BISCIGLIETO,41.142502,15.662778,2026-05-21 10:30:00,precip_10min_interval,0.0,mm,2026-05-21T11:14:12.091405
MFG13,BISCIGLIETO,41.142502,15.662778,2026-05-21 10:30:00,precip_today_accum,0.0,mm,2026-05-21T11:14:14.398068
MFG13,BISCIGLIETO,41.142502,15.662778,2026-05-21 10:30:00,ws_2m_hourly,6.5,m/s,2026-05-21T11:14:17.624704
MFG14,S. LUCIA,41.922779,15.874722,2026-05-21 10:30:00,precip_10min_interval,0.0,mm,2026-05-21T11:14:12.091453
MFG14,S. LUCIA,41.922779,15.874722,2026-05-21 10:30:00,ws_2m_hourly,1.5,m/s,2026-05-21T11:14:17.624801
MFG15,CASA LORDA,41.62389,15.403056,2026-05-21 10:30:00,precip_10min_interval,0.0,mm,2026-05-21T11:14:12.091512
MFG15,CASA LORDA,41.62389,15.403056,2026-05-21 10:30:00,ws_2m_hourly,5.1,m/s,2026-05-21T11:14:17.624916
MFG16,QUERCIA COPPE,41.693054,15.756944,2026-05-21 10:30:00,precip_10min_interval,0.0,mm,2026-05-21T11:14:12.091569
MFG16,QUERCIA COPPE,41.693054,15.756944,2026-05-21 10:30:00,ws_2m_hourly,4.0,m/s,2026-05-21T11:14:17.625022
MFG17,CARRO CHIUSO,41.284168,16.077223,2026-05-21 10:30:00,precip_10min_interval,0.0,mm,2026-05-21T11:14:12.091626
MFG17,CARRO CHIUSO,41.284168,16.077223,2026-05-21 10:30:00,ws_2m_hourly,3.0,m/s,2026-05-21T11:14:17.625125
MFG18,VIESTE,41.901669,16.080557,2026-05-21 10:30:00,precip_10min_interval,0.0,mm,2026-05-21T11:14:12.091690
MFG18,VIESTE,41.901669,16.080557,2026-05-21 10:30:00,ws_2m_hourly,2.5,m/s,2026-05-21T11:14:17.625262
MFG19,FOGGIA MONTEROZZI,41.521111,15.591944,2026-05-21 10:30:00,precip_10min_interval,0.0,mm,2026-05-21T11:14:12.091745
MFG19,FOGGIA MONTEROZZI,41.521111,15.591944,2026-05-21 10:30:00,ws_2m_hourly,5.1,m/s,2026-05-21T11:14:17.625391
MLE34,BARBARO,39.980831,18.1525,2026-05-21 10:30:00,precip_10min_interval,0.0,mm,2026-05-21T11:14:12.091803
MLE34,BARBARO,39.980831,18.1525,2026-05-21 10:30:00,ws_2m_hourly,4.8,m/s,2026-05-21T11:14:17.625517
MLE35,MALOPRA,40.225555,18.299168,2026-05-21 10:30:00,precip_10min_interval,0.0,mm,2026-05-21T11:14:12.091871
MLE35,MALOPRA,40.225555,18.299168,2026-05-21 10:30:00,ws_2m_hourly,5.1,m/s,2026-05-21T11:14:17.625651
MTA32,MARTINA FRANCA,40.634724,17.277779,2026-05-21 10:30:00,precip_10min_interval,0.0,mm,2026-05-21T11:14:12.091940
MTA32,MARTINA FRANCA,40.634724,17.277779,2026-05-21 10:30:00,ws_2m_hourly,2.5,m/s,2026-05-21T11:14:17.625770
0PU27,GROTTAGLIE,40.53389,17.362778,2026-05-21 10:40:00,ws_10m_hourly,4.0,m/s,2026-05-21T11:14:17.619986
0PU27,GROTTAGLIE,40.53389,17.362778,2026-05-21 10:40:00,ws_2m_hourly,2.3,m/s,2026-05-21T11:14:17.619983
0PU56,CARLANTINO,41.588333,14.983611,2026-05-21 10:40:00,ws_10m_hourly,10.7,m/s,2026-05-21T11:14:17.622308
0PU56,CARLANTINO,41.588333,14.983611,2026-05-21 10:40:00,ws_2m_hourly,8.9,m/s,2026-05-21T11:14:17.622305
0PU57,SANT'AGATA DI PUGLIA,41.150276,15.46,2026-05-21 10:40:00,precip_10min_interval,0.0,mm,2026-05-21T11:14:12.089886
0PU57,SANT'AGATA DI PUGLIA,41.150276,15.46,2026-05-21 10:40:00,ws_10m_hourly,6.0,m/s,2026-05-21T11:14:17.622417
0PU57,SANT'AGATA DI PUGLIA,41.150276,15.46,2026-05-21 10:40:00,ws_2m_hourly,4.0,m/s,2026-05-21T11:14:17.622414
0PU58,GINOSA,40.556389,16.843611,2026-05-21 10:40:00,precip_10min_interval,0.0,mm,2026-05-21T11:14:12.089945
0PU58,GINOSA,40.556389,16.843611,2026-05-21 10:40:00,ws_10m_hourly,7.9,m/s,2026-05-21T11:14:17.622537
0PU58,GINOSA,40.556389,16.843611,2026-05-21 10:40:00,ws_2m_hourly,5.9,m/s,2026-05-21T11:14:17.622534
0PU59,PALAGIANELLO,40.578335,16.975279,2026-05-21 10:40:00,precip_10min_interval,0.0,mm,2026-05-21T11:14:12.089997
0PU59,PALAGIANELLO,40.578335,16.975279,2026-05-21 10:40:00,ws_10m_hourly,8.4,m/s,2026-05-21T11:14:17.623031
0PU59,PALAGIANELLO,40.578335,16.975279,2026-05-21 10:40:00,ws_2m_hourly,5.9,m/s,2026-05-21T11:14:17.623028
0PU60,MINERVINO DI LECCE,40.093613,18.418612,2026-05-21 10:40:00,precip_10min_interval,0.0,mm,2026-05-21T11:14:12.090049
0PU60,MINERVINO DI LECCE,40.093613,18.418612,2026-05-21 10:40:00,ws_10m_hourly,7.9,m/s,2026-05-21T11:14:17.623133
0PU60,MINERVINO DI LECCE,40.093613,18.418612,2026-05-21 10:40:00,ws_2m_hourly,5.5,m/s,2026-05-21T11:14:17.623130
0PU61,NARDO',40.171391,17.976389,2026-05-21 10:40:00,precip_10min_interval,0.0,mm,2026-05-21T11:14:12.090110
0PU61,NARDO',40.171391,17.976389,2026-05-21 10:40:00,ws_10m_hourly,7.6,m/s,2026-05-21T11:14:17.623260
0PU61,NARDO',40.171391,17.976389,2026-05-21 10:40:00,ws_2m_hourly,3.2,m/s,2026-05-21T11:14:17.623257
MBA20,IPSAA,41.22139,16.049723,2026-05-21 10:40:00,precip_10min_interval,0.0,mm,2026-05-21T11:14:12.090164
MBA20,IPSAA,41.22139,16.049723,2026-05-21 10:40:00,ws_2m_hourly,2.7,m/s,2026-05-21T11:14:17.623317
MBA21,MONTEGROSSO,41.132778,16.185833,2026-05-21 10:40:00,precip_10min_interval,0.0,mm,2026-05-21T11:14:12.090233
MBA21,MONTEGROSSO,41.132778,16.185833,2026-05-21 10:40:00,ws_2m_hourly,1.9,m/s,2026-05-21T11:14:17.623375
MBA22,S.P. SANTERAMO,40.80611,16.591389,2026-05-21 10:40:00,precip_10min_interval,0.0,mm,2026-05-21T11:14:12.090291
MBA22,S.P. SANTERAMO,40.80611,16.591389,2026-05-21 10:40:00,ws_2m_hourly,6.0,m/s,2026-05-21T11:14:17.623435
MBA24,CASSANO DELLE MURGE,40.918888,16.78861,2026-05-21 10:40:00,precip_10min_interval,0.0,mm,2026-05-21T11:14:12.090348
MBA24,CASSANO DELLE MURGE,40.918888,16.78861,2026-05-21 10:40:00,ws_2m_hourly,7.4,m/s,2026-05-21T11:14:17.623493
MBA25,SANTERAMO IN COLLE,40.78611,16.775833,2026-05-21 10:40:00,precip_10min_interval,0.0,mm,2026-05-21T11:14:12.090407
MBA25,SANTERAMO IN COLLE,40.78611,16.775833,2026-05-21 10:40:00,ws_2m_hourly,4.2,m/s,2026-05-21T11:14:17.623551
MBA26,CAMPO SPER. UNIBA,41.023609,16.906389,2026-05-21 10:40:00,precip_10min_interval,0.0,mm,2026-05-21T11:14:12.090469
MBA26,CAMPO SPER. UNIBA,41.023609,16.906389,2026-05-21 10:40:00,ws_2m_hourly,3.3,m/s,2026-05-21T11:14:17.623612
MBA27,SERRONE(AZ.AGR.MANCINI),40.921391,16.947222,2026-05-21 10:40:00,precip_10min_interval,0.0,mm,2026-05-21T11:14:12.090528
MBA27,SERRONE(AZ.AGR.MANCINI),40.921391,16.947222,2026-05-21 10:40:00,ws_2m_hourly,5.2,m/s,2026-05-21T11:14:17.623671
MBA28,MURGIA ANTICI,40.715557,17.106667,2026-05-21 10:40:00,precip_10min_interval,0.0,mm,2026-05-21T11:14:12.090591
MBA28,MURGIA ANTICI,40.715557,17.106667,2026-05-21 10:40:00,ws_2m_hourly,5.1,m/s,2026-05-21T11:14:17.623733
MBA29,LAMENDOLA I,40.812222,17.164167,2026-05-21 10:40:00,precip_10min_interval,0.0,mm,2026-05-21T11:14:12.090651
MBA29,LAMENDOLA I,40.812222,17.164167,2026-05-21 10:40:00,ws_2m_hourly,5.8,m/s,2026-05-21T11:14:17.623792
MBR30,FASCIANELLO,40.860279,17.364166,2026-05-21 10:40:00,precip_10min_interval,0.0,mm,2026-05-21T11:14:12.090709
MBR30,FASCIANELLO,40.860279,17.364166,2026-05-21 10:40:00,ws_2m_hourly,6.3,m/s,2026-05-21T11:14:17.623853
MBR31,FERRUZZO,40.62389,17.497499,2026-05-21 10:40:00,precip_10min_interval,0.0,mm,2026-05-21T11:14:12.090828
MBR31,FERRUZZO,40.62389,17.497499,2026-05-21 10:40:00,ws_2m_hourly,4.3,m/s,2026-05-21T11:14:17.623915
MFG01,S. LUCIA,41.470554,15.363889,2026-05-21 10:40:00,precip_10min_interval,0.0,mm,2026-05-21T11:14:12.090893
MFG01,S. LUCIA,41.470554,15.363889,2026-05-21 10:40:00,ws_2m_hourly,1.9,m/s,2026-05-21T11:14:17.623979
MFG02,SERRA DEI BISI,41.347778,15.282778,2026-05-21 10:40:00,precip_10min_interval,0.0,mm,2026-05-21T11:14:12.090946
MFG02,SERRA DEI BISI,41.347778,15.282778,2026-05-21 10:40:00,ws_2m_hourly,5.0,m/s,2026-05-21T11:14:17.624034
MFG03,LA PESCIA,41.40889,15.756667,2026-05-21 10:40:00,precip_10min_interval,0.0,mm,2026-05-21T11:14:12.091004
MFG03,LA PESCIA,41.40889,15.756667,2026-05-21 10:40:00,ws_2m_hourly,3.4,m/s,2026-05-21T11:14:17.624086
MFG04,TRE SANTI,41.393612,15.848056,2026-05-21 10:40:00,precip_10min_interval,0.0,mm,2026-05-21T11:14:12.091057
MFG04,TRE SANTI,41.393612,15.848056,2026-05-21 10:40:00,ws_2m_hourly,5.0,m/s,2026-05-21T11:14:17.624142
MFG05,RIVOLI,41.470833,15.929444,2026-05-21 10:40:00,precip_10min_interval,0.0,mm,2026-05-21T11:14:12.091112
MFG05,RIVOLI,41.470833,15.929444,2026-05-21 10:40:00,ws_2m_hourly,4.0,m/s,2026-05-21T11:14:17.624196
MFG06,TAVOLETTA,41.194168,15.932222,2026-05-21 10:40:00,precip_10min_interval,0.0,mm,2026-05-21T11:14:12.091166
MFG06,TAVOLETTA,41.194168,15.932222,2026-05-21 10:40:00,ws_2m_hourly,5.4,m/s,2026-05-21T11:14:17.624261
MFG07,COPPA D'ORO,41.421665,15.606944,2026-05-21 10:40:00,ws_2m_hourly,5.0,m/s,2026-05-21T11:14:17.624322
MFG09,ARIOLA,41.8325,15.859722,2026-05-21 10:40:00,precip_10min_interval,0.0,mm,2026-05-21T11:14:12.091246
MFG09,ARIOLA,41.8325,15.859722,2026-05-21 10:40:00,ws_2m_hourly,1.2,m/s,2026-05-21T11:14:17.624374
MFG10,MATINE CARNE SALATA,41.651943,15.706389,2026-05-21 10:40:00,precip_10min_interval,0.0,mm,2026-05-21T11:14:12.091302
MFG10,MATINE CARNE SALATA,41.651943,15.706389,2026-05-21 10:40:00,ws_2m_hourly,1.8,m/s,2026-05-21T11:14:17.624492
MFG11,SELVA DELLE GROTTE,41.714722,15.148056,2026-05-21 10:40:00,precip_10min_interval,0.0,mm,2026-05-21T11:14:12.091354
MFG11,SELVA DELLE GROTTE,41.714722,15.148056,2026-05-21 10:40:00,ws_2m_hourly,7.6,m/s,2026-05-21T11:14:17.624606
MFG14,S. LUCIA,41.922779,15.874722,2026-05-21 10:40:00,precip_10min_interval,0.0,mm,2026-05-21T11:14:12.091456
MFG14,S. LUCIA,41.922779,15.874722,2026-05-21 10:40:00,ws_2m_hourly,1.8,m/s,2026-05-21T11:14:17.624807
MFG15,CASA LORDA,41.62389,15.403056,2026-05-21 10:40:00,precip_10min_interval,0.0,mm,2026-05-21T11:14:12.091517
MFG15,CASA LORDA,41.62389,15.403056,2026-05-21 10:40:00,ws_2m_hourly,4.3,m/s,2026-05-21T11:14:17.624921
MFG16,QUERCIA COPPE,41.693054,15.756944,2026-05-21 10:40:00,precip_10min_interval,0.0,mm,2026-05-21T11:14:12.091572
MFG16,QUERCIA COPPE,41.693054,15.756944,2026-05-21 10:40:00,ws_2m_hourly,4.8,m/s,2026-05-21T11:14:17.625027
MFG17,CARRO CHIUSO,41.284168,16.077223,2026-05-21 10:40:00,precip_10min_interval,0.0,mm,2026-05-21T11:14:12.091634
MFG17,CARRO CHIUSO,41.284168,16.077223,2026-05-21 10:40:00,ws_2m_hourly,3.1,m/s,2026-05-21T11:14:17.625132
MFG18,VIESTE,41.901669,16.080557,2026-05-21 10:40:00,precip_10min_interval,0.0,mm,2026-05-21T11:14:12.091693
MFG18,VIESTE,41.901669,16.080557,2026-05-21 10:40:00,ws_2m_hourly,2.9,m/s,2026-05-21T11:14:17.625269
MFG19,FOGGIA MONTEROZZI,41.521111,15.591944,2026-05-21 10:40:00,precip_10min_interval,0.0,mm,2026-05-21T11:14:12.091748
MFG19,FOGGIA MONTEROZZI,41.521111,15.591944,2026-05-21 10:40:00,ws_2m_hourly,4.7,m/s,2026-05-21T11:14:17.625397
MLE34,BARBARO,39.980831,18.1525,2026-05-21 10:40:00,precip_10min_interval,0.0,mm,2026-05-21T11:14:12.091808
MLE34,BARBARO,39.980831,18.1525,2026-05-21 10:40:00,ws_2m_hourly,5.0,m/s,2026-05-21T11:14:17.625524
MLE35,MALOPRA,40.225555,18.299168,2026-05-21 10:40:00,precip_10min_interval,0.0,mm,2026-05-21T11:14:12.091874
MLE35,MALOPRA,40.225555,18.299168,2026-05-21 10:40:00,ws_2m_hourly,4.8,m/s,2026-05-21T11:14:17.625656
MTA32,MARTINA FRANCA,40.634724,17.277779,2026-05-21 10:40:00,precip_10min_interval,0.0,mm,2026-05-21T11:14:12.091943
MTA32,MARTINA FRANCA,40.634724,17.277779,2026-05-21 10:40:00,ws_2m_hourly,2.6,m/s,2026-05-21T11:14:17.625773
0PU27,GROTTAGLIE,40.53389,17.362778,2026-05-21 10:50:00,ws_10m_hourly,4.4,m/s,2026-05-21T11:14:17.619994
0PU27,GROTTAGLIE,40.53389,17.362778,2026-05-21 10:50:00,ws_2m_hourly,2.4,m/s,2026-05-21T11:14:17.619989
0PU56,CARLANTINO,41.588333,14.983611,2026-05-21 10:50:00,wdir_hourly,,,2026-05-21T11:14:19.186682
0PU56,CARLANTINO,41.588333,14.983611,2026-05-21 10:50:00,ws_10m_hourly,10.7,m/s,2026-05-21T11:14:17.622314
0PU56,CARLANTINO,41.588333,14.983611,2026-05-21 10:50:00,ws_2m_hourly,8.7,m/s,2026-05-21T11:14:17.622311
0PU57,SANT'AGATA DI PUGLIA,41.150276,15.46,2026-05-21 10:50:00,precip_10min_interval,0.0,mm,2026-05-21T11:14:12.089889
0PU57,SANT'AGATA DI PUGLIA,41.150276,15.46,2026-05-21 10:50:00,precip_today_accum,0.0,mm,2026-05-21T11:14:14.397960
0PU57,SANT'AGATA DI PUGLIA,41.150276,15.46,2026-05-21 10:50:00,wdir_hourly,,,2026-05-21T11:14:19.186687
0PU57,SANT'AGATA DI PUGLIA,41.150276,15.46,2026-05-21 10:50:00,ws_10m_hourly,7.2,m/s,2026-05-21T11:14:17.622423
0PU57,SANT'AGATA DI PUGLIA,41.150276,15.46,2026-05-21 10:50:00,ws_2m_hourly,4.6,m/s,2026-05-21T11:14:17.622420
0PU58,GINOSA,40.556389,16.843611,2026-05-21 10:50:00,precip_10min_interval,0.0,mm,2026-05-21T11:14:12.089948
0PU58,GINOSA,40.556389,16.843611,2026-05-21 10:50:00,precip_today_accum,0.0,mm,2026-05-21T11:14:14.397965
0PU58,GINOSA,40.556389,16.843611,2026-05-21 10:50:00,wdir_hourly,,,2026-05-21T11:14:19.186691
0PU58,GINOSA,40.556389,16.843611,2026-05-21 10:50:00,ws_10m_hourly,8.0,m/s,2026-05-21T11:14:17.622543
0PU58,GINOSA,40.556389,16.843611,2026-05-21 10:50:00,ws_2m_hourly,5.4,m/s,2026-05-21T11:14:17.622540
0PU59,PALAGIANELLO,40.578335,16.975279,2026-05-21 10:50:00,precip_10min_interval,0.0,mm,2026-05-21T11:14:12.090000
0PU59,PALAGIANELLO,40.578335,16.975279,2026-05-21 10:50:00,precip_today_accum,0.0,mm,2026-05-21T11:14:14.397969
0PU59,PALAGIANELLO,40.578335,16.975279,2026-05-21 10:50:00,wdir_hourly,,,2026-05-21T11:14:19.186696
0PU59,PALAGIANELLO,40.578335,16.975279,2026-05-21 10:50:00,ws_10m_hourly,8.0,m/s,2026-05-21T11:14:17.623037
0PU59,PALAGIANELLO,40.578335,16.975279,2026-05-21 10:50:00,ws_2m_hourly,5.9,m/s,2026-05-21T11:14:17.623034
0PU60,MINERVINO DI LECCE,40.093613,18.418612,2026-05-21 10:50:00,precip_10min_interval,0.0,mm,2026-05-21T11:14:12.090052
0PU60,MINERVINO DI LECCE,40.093613,18.418612,2026-05-21 10:50:00,precip_today_accum,0.0,mm,2026-05-21T11:14:14.397975
0PU60,MINERVINO DI LECCE,40.093613,18.418612,2026-05-21 10:50:00,wdir_hourly,,,2026-05-21T11:14:19.186701
0PU60,MINERVINO DI LECCE,40.093613,18.418612,2026-05-21 10:50:00,ws_10m_hourly,7.8,m/s,2026-05-21T11:14:17.623139
0PU60,MINERVINO DI LECCE,40.093613,18.418612,2026-05-21 10:50:00,ws_2m_hourly,5.5,m/s,2026-05-21T11:14:17.623136
0PU61,NARDO',40.171391,17.976389,2026-05-21 10:50:00,precip_10min_interval,0.0,mm,2026-05-21T11:14:12.090112
0PU61,NARDO',40.171391,17.976389,2026-05-21 10:50:00,precip_today_accum,0.0,mm,2026-05-21T11:14:14.397979
0PU61,NARDO',40.171391,17.976389,2026-05-21 10:50:00,wdir_hourly,,,2026-05-21T11:14:19.186706
0PU61,NARDO',40.171391,17.976389,2026-05-21 10:50:00,ws_10m_hourly,6.4,m/s,2026-05-21T11:14:17.623268
0PU61,NARDO',40.171391,17.976389,2026-05-21 10:50:00,ws_2m_hourly,2.9,m/s,2026-05-21T11:14:17.623265
MBA20,IPSAA,41.22139,16.049723,2026-05-21 10:50:00,precip_10min_interval,0.0,mm,2026-05-21T11:14:12.090166
MBA20,IPSAA,41.22139,16.049723,2026-05-21 10:50:00,ws_2m_hourly,3.0,m/s,2026-05-21T11:14:17.623320
MBA21,MONTEGROSSO,41.132778,16.185833,2026-05-21 10:50:00,precip_10min_interval,0.0,mm,2026-05-21T11:14:12.090236
MBA21,MONTEGROSSO,41.132778,16.185833,2026-05-21 10:50:00,ws_2m_hourly,3.2,m/s,2026-05-21T11:14:17.623378
MBA22,S.P. SANTERAMO,40.80611,16.591389,2026-05-21 10:50:00,precip_10min_interval,0.0,mm,2026-05-21T11:14:12.090294
MBA22,S.P. SANTERAMO,40.80611,16.591389,2026-05-21 10:50:00,ws_2m_hourly,6.3,m/s,2026-05-21T11:14:17.623438
MBA24,CASSANO DELLE MURGE,40.918888,16.78861,2026-05-21 10:50:00,precip_10min_interval,0.0,mm,2026-05-21T11:14:12.090351
MBA24,CASSANO DELLE MURGE,40.918888,16.78861,2026-05-21 10:50:00,ws_2m_hourly,6.8,m/s,2026-05-21T11:14:17.623496
MBA25,SANTERAMO IN COLLE,40.78611,16.775833,2026-05-21 10:50:00,precip_10min_interval,0.0,mm,2026-05-21T11:14:12.090412
MBA25,SANTERAMO IN COLLE,40.78611,16.775833,2026-05-21 10:50:00,ws_2m_hourly,5.4,m/s,2026-05-21T11:14:17.623554
MBA26,CAMPO SPER. UNIBA,41.023609,16.906389,2026-05-21 10:50:00,precip_10min_interval,0.0,mm,2026-05-21T11:14:12.090472
MBA26,CAMPO SPER. UNIBA,41.023609,16.906389,2026-05-21 10:50:00,ws_2m_hourly,3.4,m/s,2026-05-21T11:14:17.623615
MBA27,SERRONE(AZ.AGR.MANCINI),40.921391,16.947222,2026-05-21 10:50:00,precip_10min_interval,0.0,mm,2026-05-21T11:14:12.090531
MBA27,SERRONE(AZ.AGR.MANCINI),40.921391,16.947222,2026-05-21 10:50:00,ws_2m_hourly,6.2,m/s,2026-05-21T11:14:17.623674
MBA28,MURGIA ANTICI,40.715557,17.106667,2026-05-21 10:50:00,precip_10min_interval,0.0,mm,2026-05-21T11:14:12.090594
MBA28,MURGIA ANTICI,40.715557,17.106667,2026-05-21 10:50:00,ws_2m_hourly,5.0,m/s,2026-05-21T11:14:17.623736
MBA29,LAMENDOLA I,40.812222,17.164167,2026-05-21 10:50:00,precip_10min_interval,0.0,mm,2026-05-21T11:14:12.090654
MBA29,LAMENDOLA I,40.812222,17.164167,2026-05-21 10:50:00,ws_2m_hourly,6.7,m/s,2026-05-21T11:14:17.623795
MBR30,FASCIANELLO,40.860279,17.364166,2026-05-21 10:50:00,precip_10min_interval,0.0,mm,2026-05-21T11:14:12.090768
MBR30,FASCIANELLO,40.860279,17.364166,2026-05-21 10:50:00,ws_2m_hourly,6.4,m/s,2026-05-21T11:14:17.623858
MBR31,FERRUZZO,40.62389,17.497499,2026-05-21 10:50:00,precip_10min_interval,0.0,mm,2026-05-21T11:14:12.090831
MBR31,FERRUZZO,40.62389,17.497499,2026-05-21 10:50:00,ws_2m_hourly,3.7,m/s,2026-05-21T11:14:17.623918
MFG01,S. LUCIA,41.470554,15.363889,2026-05-21 10:50:00,precip_10min_interval,0.0,mm,2026-05-21T11:14:12.090896
MFG01,S. LUCIA,41.470554,15.363889,2026-05-21 10:50:00,precip_today_accum,0.0,mm,2026-05-21T11:14:14.398030
MFG01,S. LUCIA,41.470554,15.363889,2026-05-21 10:50:00,ws_2m_hourly,1.8,m/s,2026-05-21T11:14:17.623981
MFG02,SERRA DEI BISI,41.347778,15.282778,2026-05-21 10:50:00,precip_10min_interval,0.0,mm,2026-05-21T11:14:12.090949
MFG02,SERRA DEI BISI,41.347778,15.282778,2026-05-21 10:50:00,precip_today_accum,0.0,mm,2026-05-21T11:14:14.398034
MFG02,SERRA DEI BISI,41.347778,15.282778,2026-05-21 10:50:00,ws_2m_hourly,4.7,m/s,2026-05-21T11:14:17.624037
MFG03,LA PESCIA,41.40889,15.756667,2026-05-21 10:50:00,precip_10min_interval,0.0,mm,2026-05-21T11:14:12.091007
MFG03,LA PESCIA,41.40889,15.756667,2026-05-21 10:50:00,precip_today_accum,0.0,mm,2026-05-21T11:14:14.398038
MFG03,LA PESCIA,41.40889,15.756667,2026-05-21 10:50:00,ws_2m_hourly,3.2,m/s,2026-05-21T11:14:17.624089
MFG04,TRE SANTI,41.393612,15.848056,2026-05-21 10:50:00,precip_10min_interval,0.0,mm,2026-05-21T11:14:12.091060
MFG04,TRE SANTI,41.393612,15.848056,2026-05-21 10:50:00,precip_today_accum,0.0,mm,2026-05-21T11:14:14.398042
MFG04,TRE SANTI,41.393612,15.848056,2026-05-21 10:50:00,ws_2m_hourly,4.0,m/s,2026-05-21T11:14:17.624145
MFG05,RIVOLI,41.470833,15.929444,2026-05-21 10:50:00,precip_10min_interval,0.0,mm,2026-05-21T11:14:12.091116
MFG05,RIVOLI,41.470833,15.929444,2026-05-21 10:50:00,precip_today_accum,0.0,mm,2026-05-21T11:14:14.398045
MFG05,RIVOLI,41.470833,15.929444,2026-05-21 10:50:00,ws_2m_hourly,4.5,m/s,2026-05-21T11:14:17.624199
MFG06,TAVOLETTA,41.194168,15.932222,2026-05-21 10:50:00,precip_10min_interval,0.0,mm,2026-05-21T11:14:12.091169
MFG06,TAVOLETTA,41.194168,15.932222,2026-05-21 10:50:00,precip_today_accum,0.0,mm,2026-05-21T11:14:14.398049
MFG06,TAVOLETTA,41.194168,15.932222,2026-05-21 10:50:00,ws_2m_hourly,4.3,m/s,2026-05-21T11:14:17.624265
MFG07,COPPA D'ORO,41.421665,15.606944,2026-05-21 10:50:00,ws_2m_hourly,4.2,m/s,2026-05-21T11:14:17.624325
MFG09,ARIOLA,41.8325,15.859722,2026-05-21 10:50:00,precip_10min_interval,0.0,mm,2026-05-21T11:14:12.091249
MFG09,ARIOLA,41.8325,15.859722,2026-05-21 10:50:00,precip_today_accum,0.0,mm,2026-05-21T11:14:14.398057
MFG09,ARIOLA,41.8325,15.859722,2026-05-21 10:50:00,ws_2m_hourly,1.2,m/s,2026-05-21T11:14:17.624377
MFG10,MATINE CARNE SALATA,41.651943,15.706389,2026-05-21 10:50:00,precip_10min_interval,0.0,mm,2026-05-21T11:14:12.091305
MFG10,MATINE CARNE SALATA,41.651943,15.706389,2026-05-21 10:50:00,precip_today_accum,0.0,mm,2026-05-21T11:14:14.398061
MFG10,MATINE CARNE SALATA,41.651943,15.706389,2026-05-21 10:50:00,ws_2m_hourly,1.7,m/s,2026-05-21T11:14:17.624500
MFG11,SELVA DELLE GROTTE,41.714722,15.148056,2026-05-21 10:50:00,precip_10min_interval,0.0,mm,2026-05-21T11:14:12.091357
MFG11,SELVA DELLE GROTTE,41.714722,15.148056,2026-05-21 10:50:00,precip_today_accum,0.0,mm,2026-05-21T11:14:14.398064
MFG11,SELVA DELLE GROTTE,41.714722,15.148056,2026-05-21 10:50:00,ws_2m_hourly,7.7,m/s,2026-05-21T11:14:17.624612
MFG14,S. LUCIA,41.922779,15.874722,2026-05-21 10:50:00,precip_10min_interval,0.0,mm,2026-05-21T11:14:12.091459
MFG14,S. LUCIA,41.922779,15.874722,2026-05-21 10:50:00,ws_2m_hourly,1.6,m/s,2026-05-21T11:14:17.624818
MFG15,CASA LORDA,41.62389,15.403056,2026-05-21 10:50:00,precip_10min_interval,0.0,mm,2026-05-21T11:14:12.091520
MFG15,CASA LORDA,41.62389,15.403056,2026-05-21 10:50:00,ws_2m_hourly,4.2,m/s,2026-05-21T11:14:17.624926
MFG16,QUERCIA COPPE,41.693054,15.756944,2026-05-21 10:50:00,precip_10min_interval,0.0,mm,2026-05-21T11:14:12.091575
MFG16,QUERCIA COPPE,41.693054,15.756944,2026-05-21 10:50:00,ws_2m_hourly,4.6,m/s,2026-05-21T11:14:17.625033
MFG17,CARRO CHIUSO,41.284168,16.077223,2026-05-21 10:50:00,precip_10min_interval,0.0,mm,2026-05-21T11:14:12.091639
MFG17,CARRO CHIUSO,41.284168,16.077223,2026-05-21 10:50:00,ws_2m_hourly,3.8,m/s,2026-05-21T11:14:17.625138
MFG18,VIESTE,41.901669,16.080557,2026-05-21 10:50:00,precip_10min_interval,0.0,mm,2026-05-21T11:14:12.091696
MFG18,VIESTE,41.901669,16.080557,2026-05-21 10:50:00,ws_2m_hourly,2.7,m/s,2026-05-21T11:14:17.625276
MFG19,FOGGIA MONTEROZZI,41.521111,15.591944,2026-05-21 10:50:00,precip_10min_interval,0.0,mm,2026-05-21T11:14:12.091751
MFG19,FOGGIA MONTEROZZI,41.521111,15.591944,2026-05-21 10:50:00,ws_2m_hourly,6.3,m/s,2026-05-21T11:14:17.625404
MLE34,BARBARO,39.980831,18.1525,2026-05-21 10:50:00,precip_10min_interval,0.0,mm,2026-05-21T11:14:12.091811
MLE34,BARBARO,39.980831,18.1525,2026-05-21 10:50:00,ws_2m_hourly,5.1,m/s,2026-05-21T11:14:17.625530
MLE35,MALOPRA,40.225555,18.299168,2026-05-21 10:50:00,precip_10min_interval,0.0,mm,2026-05-21T11:14:12.091876
MLE35,MALOPRA,40.225555,18.299168,2026-05-21 10:50:00,ws_2m_hourly,4.9,m/s,2026-05-21T11:14:17.625663
MTA32,MARTINA FRANCA,40.634724,17.277779,2026-05-21 10:50:00,precip_10min_interval,0.0,mm,2026-05-21T11:14:12.091946
MTA32,MARTINA FRANCA,40.634724,17.277779,2026-05-21 10:50:00,ws_2m_hourly,2.3,m/s,2026-05-21T11:14:17.625776
0PU27,GROTTAGLIE,40.53389,17.362778,2026-05-21 11:00:00,rh_hourly,39.0,%,2026-05-21T11:14:10.043819
0PU27,GROTTAGLIE,40.53389,17.362778,2026-05-21 11:00:00,rs_hourly,2946.4,W/m²,2026-05-21T11:14:15.325578
0PU27,GROTTAGLIE,40.53389,17.362778,2026-05-21 11:00:00,tair_hourly,23.7,°C,2026-05-21T11:14:08.938673
0PU27,GROTTAGLIE,40.53389,17.362778,2026-05-21 11:00:00,ws_10m_hourly,3.9,m/s,2026-05-21T11:14:17.620000
0PU27,GROTTAGLIE,40.53389,17.362778,2026-05-21 11:00:00,ws_2m_hourly,2.6,m/s,2026-05-21T11:14:17.619997
MBA20,IPSAA,41.22139,16.049723,2026-05-21 11:00:00,precip_10min_interval,0.0,mm,2026-05-21T11:14:12.090169
MBA20,IPSAA,41.22139,16.049723,2026-05-21 11:00:00,precip_today_accum,0.0,mm,2026-05-21T11:14:14.397983
MBA20,IPSAA,41.22139,16.049723,2026-05-21 11:00:00,rh_hourly,37.0,%,2026-05-21T11:14:10.044082
MBA20,IPSAA,41.22139,16.049723,2026-05-21 11:00:00,tair_hourly,24.8,°C,2026-05-21T11:14:08.938875
MBA20,IPSAA,41.22139,16.049723,2026-05-21 11:00:00,ws_2m_hourly,3.6,m/s,2026-05-21T11:14:17.623325
MBA21,MONTEGROSSO,41.132778,16.185833,2026-05-21 11:00:00,precip_10min_interval,0.0,mm,2026-05-21T11:14:12.090238
MBA21,MONTEGROSSO,41.132778,16.185833,2026-05-21 11:00:00,precip_today_accum,0.0,mm,2026-05-21T11:14:14.397987
MBA21,MONTEGROSSO,41.132778,16.185833,2026-05-21 11:00:00,rh_hourly,44.0,%,2026-05-21T11:14:10.044090
MBA21,MONTEGROSSO,41.132778,16.185833,2026-05-21 11:00:00,tair_hourly,22.3,°C,2026-05-21T11:14:08.938884
MBA21,MONTEGROSSO,41.132778,16.185833,2026-05-21 11:00:00,ws_2m_hourly,2.7,m/s,2026-05-21T11:14:17.623381
MBA22,S.P. SANTERAMO,40.80611,16.591389,2026-05-21 11:00:00,precip_10min_interval,0.0,mm,2026-05-21T11:14:12.090297
MBA22,S.P. SANTERAMO,40.80611,16.591389,2026-05-21 11:00:00,precip_today_accum,0.0,mm,2026-05-21T11:14:14.397991
MBA22,S.P. SANTERAMO,40.80611,16.591389,2026-05-21 11:00:00,rh_hourly,49.0,%,2026-05-21T11:14:10.044099
MBA22,S.P. SANTERAMO,40.80611,16.591389,2026-05-21 11:00:00,tair_hourly,21.0,°C,2026-05-21T11:14:08.938895
MBA22,S.P. SANTERAMO,40.80611,16.591389,2026-05-21 11:00:00,ws_2m_hourly,6.3,m/s,2026-05-21T11:14:17.623441
MBA24,CASSANO DELLE MURGE,40.918888,16.78861,2026-05-21 11:00:00,precip_10min_interval,0.0,mm,2026-05-21T11:14:12.090354
MBA24,CASSANO DELLE MURGE,40.918888,16.78861,2026-05-21 11:00:00,rh_hourly,50.0,%,2026-05-21T11:14:10.044109
MBA24,CASSANO DELLE MURGE,40.918888,16.78861,2026-05-21 11:00:00,tair_hourly,21.2,°C,2026-05-21T11:14:08.938904
MBA24,CASSANO DELLE MURGE,40.918888,16.78861,2026-05-21 11:00:00,ws_2m_hourly,6.4,m/s,2026-05-21T11:14:17.623499
MBA25,SANTERAMO IN COLLE,40.78611,16.775833,2026-05-21 11:00:00,precip_10min_interval,0.0,mm,2026-05-21T11:14:12.090415
MBA25,SANTERAMO IN COLLE,40.78611,16.775833,2026-05-21 11:00:00,rh_hourly,45.0,%,2026-05-21T11:14:10.044120
MBA25,SANTERAMO IN COLLE,40.78611,16.775833,2026-05-21 11:00:00,tair_hourly,20.5,°C,2026-05-21T11:14:08.938913
MBA25,SANTERAMO IN COLLE,40.78611,16.775833,2026-05-21 11:00:00,ws_2m_hourly,4.9,m/s,2026-05-21T11:14:17.623557
MBA26,CAMPO SPER. UNIBA,41.023609,16.906389,2026-05-21 11:00:00,precip_10min_interval,0.0,mm,2026-05-21T11:14:12.090475
MBA26,CAMPO SPER. UNIBA,41.023609,16.906389,2026-05-21 11:00:00,rh_hourly,60.0,%,2026-05-21T11:14:10.044130
MBA26,CAMPO SPER. UNIBA,41.023609,16.906389,2026-05-21 11:00:00,tair_hourly,22.2,°C,2026-05-21T11:14:08.938922
MBA26,CAMPO SPER. UNIBA,41.023609,16.906389,2026-05-21 11:00:00,ws_2m_hourly,3.6,m/s,2026-05-21T11:14:17.623618
MBA27,SERRONE(AZ.AGR.MANCINI),40.921391,16.947222,2026-05-21 11:00:00,precip_10min_interval,0.0,mm,2026-05-21T11:14:12.090534
MBA27,SERRONE(AZ.AGR.MANCINI),40.921391,16.947222,2026-05-21 11:00:00,rh_hourly,57.0,%,2026-05-21T11:14:10.044139
MBA27,SERRONE(AZ.AGR.MANCINI),40.921391,16.947222,2026-05-21 11:00:00,tair_hourly,21.3,°C,2026-05-21T11:14:08.938933
MBA27,SERRONE(AZ.AGR.MANCINI),40.921391,16.947222,2026-05-21 11:00:00,ws_2m_hourly,6.3,m/s,2026-05-21T11:14:17.623677
MBA28,MURGIA ANTICI,40.715557,17.106667,2026-05-21 11:00:00,precip_10min_interval,0.0,mm,2026-05-21T11:14:12.090597
MBA28,MURGIA ANTICI,40.715557,17.106667,2026-05-21 11:00:00,rh_hourly,53.0,%,2026-05-21T11:14:10.044148
MBA28,MURGIA ANTICI,40.715557,17.106667,2026-05-21 11:00:00,tair_hourly,20.9,°C,2026-05-21T11:14:08.938942
MBA28,MURGIA ANTICI,40.715557,17.106667,2026-05-21 11:00:00,ws_2m_hourly,4.9,m/s,2026-05-21T11:14:17.623739
MBA29,LAMENDOLA I,40.812222,17.164167,2026-05-21 11:00:00,precip_10min_interval,0.0,mm,2026-05-21T11:14:12.090657
MBA29,LAMENDOLA I,40.812222,17.164167,2026-05-21 11:00:00,rh_hourly,60.0,%,2026-05-21T11:14:10.044157
MBA29,LAMENDOLA I,40.812222,17.164167,2026-05-21 11:00:00,tair_hourly,20.2,°C,2026-05-21T11:14:08.938953
MBA29,LAMENDOLA I,40.812222,17.164167,2026-05-21 11:00:00,ws_2m_hourly,6.7,m/s,2026-05-21T11:14:17.623800
MBR30,FASCIANELLO,40.860279,17.364166,2026-05-21 11:00:00,precip_10min_interval,0.0,mm,2026-05-21T11:14:12.090771
MBR30,FASCIANELLO,40.860279,17.364166,2026-05-21 11:00:00,rh_hourly,58.0,%,2026-05-21T11:14:10.044168
MBR30,FASCIANELLO,40.860279,17.364166,2026-05-21 11:00:00,tair_hourly,21.2,°C,2026-05-21T11:14:08.938963
MBR30,FASCIANELLO,40.860279,17.364166,2026-05-21 11:00:00,ws_2m_hourly,6.8,m/s,2026-05-21T11:14:17.623861
MBR31,FERRUZZO,40.62389,17.497499,2026-05-21 11:00:00,precip_10min_interval,0.0,mm,2026-05-21T11:14:12.090834
MBR31,FERRUZZO,40.62389,17.497499,2026-05-21 11:00:00,rh_hourly,54.0,%,2026-05-21T11:14:10.044177
MBR31,FERRUZZO,40.62389,17.497499,2026-05-21 11:00:00,tair_hourly,21.3,°C,2026-05-21T11:14:08.938972
MBR31,FERRUZZO,40.62389,17.497499,2026-05-21 11:00:00,ws_2m_hourly,3.7,m/s,2026-05-21T11:14:17.623921
MFG11,SELVA DELLE GROTTE,41.714722,15.148056,2026-05-21 11:00:00,ws_2m_hourly,7.4,m/s,2026-05-21T11:14:17.624617
MFG14,S. LUCIA,41.922779,15.874722,2026-05-21 11:00:00,precip_10min_interval,0.0,mm,2026-05-21T11:14:12.091465
MFG14,S. LUCIA,41.922779,15.874722,2026-05-21 11:00:00,precip_today_accum,0.0,mm,2026-05-21T11:14:14.398072
MFG14,S. LUCIA,41.922779,15.874722,2026-05-21 11:00:00,rh_hourly,65.0,%,2026-05-21T11:14:10.044281
MFG14,S. LUCIA,41.922779,15.874722,2026-05-21 11:00:00,tair_hourly,21.9,°C,2026-05-21T11:14:08.939052
MFG14,S. LUCIA,41.922779,15.874722,2026-05-21 11:00:00,ws_2m_hourly,1.3,m/s,2026-05-21T11:14:17.624825
MFG15,CASA LORDA,41.62389,15.403056,2026-05-21 11:00:00,precip_10min_interval,0.0,mm,2026-05-21T11:14:12.091522
MFG15,CASA LORDA,41.62389,15.403056,2026-05-21 11:00:00,precip_today_accum,0.0,mm,2026-05-21T11:14:14.398075
MFG15,CASA LORDA,41.62389,15.403056,2026-05-21 11:00:00,rh_hourly,57.0,%,2026-05-21T11:14:10.044290
MFG15,CASA LORDA,41.62389,15.403056,2026-05-21 11:00:00,tair_hourly,23.3,°C,2026-05-21T11:14:08.939061
MFG15,CASA LORDA,41.62389,15.403056,2026-05-21 11:00:00,ws_2m_hourly,4.1,m/s,2026-05-21T11:14:17.624932
MFG16,QUERCIA COPPE,41.693054,15.756944,2026-05-21 11:00:00,precip_10min_interval,0.0,mm,2026-05-21T11:14:12.091578
MFG16,QUERCIA COPPE,41.693054,15.756944,2026-05-21 11:00:00,precip_today_accum,0.0,mm,2026-05-21T11:14:14.398082
MFG16,QUERCIA COPPE,41.693054,15.756944,2026-05-21 11:00:00,rh_hourly,57.0,%,2026-05-21T11:14:10.044298
MFG16,QUERCIA COPPE,41.693054,15.756944,2026-05-21 11:00:00,tair_hourly,18.4,°C,2026-05-21T11:14:08.939072
MFG16,QUERCIA COPPE,41.693054,15.756944,2026-05-21 11:00:00,ws_2m_hourly,5.6,m/s,2026-05-21T11:14:17.625038
MFG17,CARRO CHIUSO,41.284168,16.077223,2026-05-21 11:00:00,precip_10min_interval,0.0,mm,2026-05-21T11:14:12.091642
MFG17,CARRO CHIUSO,41.284168,16.077223,2026-05-21 11:00:00,precip_today_accum,0.0,mm,2026-05-21T11:14:14.398085
MFG17,CARRO CHIUSO,41.284168,16.077223,2026-05-21 11:00:00,rh_hourly,37.0,%,2026-05-21T11:14:10.044307
MFG17,CARRO CHIUSO,41.284168,16.077223,2026-05-21 11:00:00,tair_hourly,25.1,°C,2026-05-21T11:14:08.939081
MFG17,CARRO CHIUSO,41.284168,16.077223,2026-05-21 11:00:00,ws_2m_hourly,3.7,m/s,2026-05-21T11:14:17.625143
MFG18,VIESTE,41.901669,16.080557,2026-05-21 11:00:00,precip_10min_interval,0.0,mm,2026-05-21T11:14:12.091699
MFG18,VIESTE,41.901669,16.080557,2026-05-21 11:00:00,precip_today_accum,0.0,mm,2026-05-21T11:14:14.398091
MFG18,VIESTE,41.901669,16.080557,2026-05-21 11:00:00,rh_hourly,55.0,%,2026-05-21T11:14:10.044319
MFG18,VIESTE,41.901669,16.080557,2026-05-21 11:00:00,tair_hourly,22.9,°C,2026-05-21T11:14:08.939090
MFG18,VIESTE,41.901669,16.080557,2026-05-21 11:00:00,ws_2m_hourly,2.4,m/s,2026-05-21T11:14:17.625283
MFG19,FOGGIA MONTEROZZI,41.521111,15.591944,2026-05-21 11:00:00,precip_10min_interval,0.0,mm,2026-05-21T11:14:12.091754
MFG19,FOGGIA MONTEROZZI,41.521111,15.591944,2026-05-21 11:00:00,precip_today_accum,0.0,mm,2026-05-21T11:14:14.398095
MFG19,FOGGIA MONTEROZZI,41.521111,15.591944,2026-05-21 11:00:00,tair_hourly,21.9,°C,2026-05-21T11:14:08.939099
MFG19,FOGGIA MONTEROZZI,41.521111,15.591944,2026-05-21 11:00:00,ws_2m_hourly,6.3,m/s,2026-05-21T11:14:17.625411
MLE34,BARBARO,39.980831,18.1525,2026-05-21 11:00:00,precip_10min_interval,0.0,mm,2026-05-21T11:14:12.091814
MLE34,BARBARO,39.980831,18.1525,2026-05-21 11:00:00,rh_hourly,39.0,%,2026-05-21T11:14:10.044328
MLE34,BARBARO,39.980831,18.1525,2026-05-21 11:00:00,tair_hourly,24.5,°C,2026-05-21T11:14:08.939110
MLE34,BARBARO,39.980831,18.1525,2026-05-21 11:00:00,ws_2m_hourly,5.4,m/s,2026-05-21T11:14:17.625536
MLE35,MALOPRA,40.225555,18.299168,2026-05-21 11:00:00,precip_10min_interval,0.0,mm,2026-05-21T11:14:12.091879
MLE35,MALOPRA,40.225555,18.299168,2026-05-21 11:00:00,rh_hourly,48.0,%,2026-05-21T11:14:10.044336
MLE35,MALOPRA,40.225555,18.299168,2026-05-21 11:00:00,tair_hourly,24.4,°C,2026-05-21T11:14:08.939124
MLE35,MALOPRA,40.225555,18.299168,2026-05-21 11:00:00,ws_2m_hourly,4.5,m/s,2026-05-21T11:14:17.625669
MTA32,MARTINA FRANCA,40.634724,17.277779,2026-05-21 11:00:00,precip_10min_interval,0.0,mm,2026-05-21T11:14:12.091949
MTA32,MARTINA FRANCA,40.634724,17.277779,2026-05-21 11:00:00,rh_hourly,49.0,%,2026-05-21T11:14:10.044351
MTA32,MARTINA FRANCA,40.634724,17.277779,2026-05-21 11:00:00,tair_hourly,22.0,°C,2026-05-21T11:14:08.939133
MTA32,MARTINA FRANCA,40.634724,17.277779,2026-05-21 11:00:00,ws_2m_hourly,2.3,m/s,2026-05-21T11:14:17.625779
0PU27,GROTTAGLIE,40.53389,17.362778,2026-05-21 11:10:00,ws_10m_hourly,4.6,m/s,2026-05-21T11:14:17.620006
0PU27,GROTTAGLIE,40.53389,17.362778,2026-05-21 11:10:00,ws_2m_hourly,2.5,m/s,2026-05-21T11:14:17.620003
MBA24,CASSANO DELLE MURGE,40.918888,16.78861,2026-05-21 11:10:00,precip_10min_interval,0.0,mm,2026-05-21T11:14:12.090358
MBA24,CASSANO DELLE MURGE,40.918888,16.78861,2026-05-21 11:10:00,precip_today_accum,0.0,mm,2026-05-21T11:14:14.397994
MBA24,CASSANO DELLE MURGE,40.918888,16.78861,2026-05-21 11:10:00,ws_2m_hourly,6.2,m/s,2026-05-21T11:14:17.623502
MBA25,SANTERAMO IN COLLE,40.78611,16.775833,2026-05-21 11:10:00,precip_10min_interval,0.0,mm,2026-05-21T11:14:12.090420
MBA25,SANTERAMO IN COLLE,40.78611,16.775833,2026-05-21 11:10:00,precip_today_accum,0.0,mm,2026-05-21T11:14:14.397999
MBA25,SANTERAMO IN COLLE,40.78611,16.775833,2026-05-21 11:10:00,ws_2m_hourly,4.7,m/s,2026-05-21T11:14:17.623561
MBA26,CAMPO SPER. UNIBA,41.023609,16.906389,2026-05-21 11:10:00,precip_10min_interval,0.0,mm,2026-05-21T11:14:12.090478
MBA26,CAMPO SPER. UNIBA,41.023609,16.906389,2026-05-21 11:10:00,precip_today_accum,0.0,mm,2026-05-21T11:14:14.398005
MBA26,CAMPO SPER. UNIBA,41.023609,16.906389,2026-05-21 11:10:00,ws_2m_hourly,3.3,m/s,2026-05-21T11:14:17.623621
MBA27,SERRONE(AZ.AGR.MANCINI),40.921391,16.947222,2026-05-21 11:10:00,precip_10min_interval,0.0,mm,2026-05-21T11:14:12.090539
MBA27,SERRONE(AZ.AGR.MANCINI),40.921391,16.947222,2026-05-21 11:10:00,precip_today_accum,0.0,mm,2026-05-21T11:14:14.398010
MBA27,SERRONE(AZ.AGR.MANCINI),40.921391,16.947222,2026-05-21 11:10:00,ws_2m_hourly,5.7,m/s,2026-05-21T11:14:17.623680
MBA28,MURGIA ANTICI,40.715557,17.106667,2026-05-21 11:10:00,precip_10min_interval,0.0,mm,2026-05-21T11:14:12.090600
MBA28,MURGIA ANTICI,40.715557,17.106667,2026-05-21 11:10:00,precip_today_accum,0.0,mm,2026-05-21T11:14:14.398013
MBA28,MURGIA ANTICI,40.715557,17.106667,2026-05-21 11:10:00,ws_2m_hourly,4.5,m/s,2026-05-21T11:14:17.623742
MBA29,LAMENDOLA I,40.812222,17.164167,2026-05-21 11:10:00,precip_10min_interval,0.0,mm,2026-05-21T11:14:12.090660
MBA29,LAMENDOLA I,40.812222,17.164167,2026-05-21 11:10:00,precip_today_accum,0.0,mm,2026-05-21T11:14:14.398017
MBA29,LAMENDOLA I,40.812222,17.164167,2026-05-21 11:10:00,ws_2m_hourly,5.8,m/s,2026-05-21T11:14:17.623803
MBR30,FASCIANELLO,40.860279,17.364166,2026-05-21 11:10:00,precip_10min_interval,0.0,mm,2026-05-21T11:14:12.090774
MBR30,FASCIANELLO,40.860279,17.364166,2026-05-21 11:10:00,precip_today_accum,0.0,mm,2026-05-21T11:14:14.398021
MBR30,FASCIANELLO,40.860279,17.364166,2026-05-21 11:10:00,ws_2m_hourly,6.5,m/s,2026-05-21T11:14:17.623864
MBR31,FERRUZZO,40.62389,17.497499,2026-05-21 11:10:00,precip_10min_interval,0.0,mm,2026-05-21T11:14:12.090837
MBR31,FERRUZZO,40.62389,17.497499,2026-05-21 11:10:00,ws_2m_hourly,3.9,m/s,2026-05-21T11:14:17.623924
MLE34,BARBARO,39.980831,18.1525,2026-05-21 11:10:00,precip_10min_interval,0.0,mm,2026-05-21T11:14:12.091817
MLE34,BARBARO,39.980831,18.1525,2026-05-21 11:10:00,ws_2m_hourly,5.1,m/s,2026-05-21T11:14:17.625542
MLE35,MALOPRA,40.225555,18.299168,2026-05-21 11:10:00,precip_10min_interval,0.0,mm,2026-05-21T11:14:12.091883
MLE35,MALOPRA,40.225555,18.299168,2026-05-21 11:10:00,ws_2m_hourly,5.4,m/s,2026-05-21T11:14:17.625675
MTA32,MARTINA FRANCA,40.634724,17.277779,2026-05-21 11:10:00,precip_10min_interval,0.0,mm,2026-05-21T11:14:12.091952
MTA32,MARTINA FRANCA,40.634724,17.277779,2026-05-21 11:10:00,ws_2m_hourly,2.5,m/s,2026-05-21T11:14:17.625782
0PU27,GROTTAGLIE,40.53389,17.362778,2026-05-21 11:20:00,ws_10m_hourly,5.0,m/s,2026-05-21T11:14:17.620012
0PU27,GROTTAGLIE,40.53389,17.362778,2026-05-21 11:20:00,ws_2m_hourly,2.9,m/s,2026-05-21T11:14:17.620009
MBR31,FERRUZZO,40.62389,17.497499,2026-05-21 11:20:00,precip_10min_interval,0.0,mm,2026-05-21T11:14:12.090840
MBR31,FERRUZZO,40.62389,17.497499,2026-05-21 11:20:00,precip_today_accum,0.0,mm,2026-05-21T11:14:14.398025
MBR31,FERRUZZO,40.62389,17.497499,2026-05-21 11:20:00,ws_2m_hourly,4.1,m/s,2026-05-21T11:14:17.623927
MLE34,BARBARO,39.980831,18.1525,2026-05-21 11:20:00,precip_10min_interval,0.0,mm,2026-05-21T11:14:12.091820
MLE34,BARBARO,39.980831,18.1525,2026-05-21 11:20:00,ws_2m_hourly,5.2,m/s,2026-05-21T11:14:17.625548
MLE35,MALOPRA,40.225555,18.299168,2026-05-21 11:20:00,precip_10min_interval,0.0,mm,2026-05-21T11:14:12.091886
MLE35,MALOPRA,40.225555,18.299168,2026-05-21 11:20:00,ws_2m_hourly,5.0,m/s,2026-05-21T11:14:17.625682
MTA32,MARTINA FRANCA,40.634724,17.277779,2026-05-21 11:20:00,precip_10min_interval,0.0,mm,2026-05-21T11:14:12.091956
MTA32,MARTINA FRANCA,40.634724,17.277779,2026-05-21 11:20:00,precip_today_accum,0.0,mm,2026-05-21T11:14:14.398107
MTA32,MARTINA FRANCA,40.634724,17.277779,2026-05-21 11:20:00,ws_2m_hourly,2.8,m/s,2026-05-21T11:14:17.625785
0PU27,GROTTAGLIE,40.53389,17.362778,2026-05-21 11:30:00,ws_10m_hourly,4.2,m/s,2026-05-21T11:14:17.620020
0PU27,GROTTAGLIE,40.53389,17.362778,2026-05-21 11:30:00,ws_2m_hourly,2.4,m/s,2026-05-21T11:14:17.620015
MLE34,BARBARO,39.980831,18.1525,2026-05-21 11:30:00,precip_10min_interval,0.0,mm,2026-05-21T11:14:12.091823
MLE34,BARBARO,39.980831,18.1525,2026-05-21 11:30:00,precip_today_accum,0.0,mm,2026-05-21T11:14:14.398099
MLE34,BARBARO,39.980831,18.1525,2026-05-21 11:30:00,ws_2m_hourly,5.3,m/s,2026-05-21T11:14:17.625554
MLE35,MALOPRA,40.225555,18.299168,2026-05-21 11:30:00,precip_10min_interval,0.0,mm,2026-05-21T11:14:12.091891
MLE35,MALOPRA,40.225555,18.299168,2026-05-21 11:30:00,precip_today_accum,0.0,mm,2026-05-21T11:14:14.398103
MLE35,MALOPRA,40.225555,18.299168,2026-05-21 11:30:00,ws_2m_hourly,5.0,m/s,2026-05-21T11:14:17.625692
0PU27,GROTTAGLIE,40.53389,17.362778,2026-05-21 11:40:00,wdir_hourly,,,2026-05-21T11:14:19.186557
0PU27,GROTTAGLIE,40.53389,17.362778,2026-05-21 11:40:00,ws_10m_hourly,4.1,m/s,2026-05-21T11:14:17.620026
0PU27,GROTTAGLIE,40.53389,17.362778,2026-05-21 11:40:00,ws_2m_hourly,2.5,m/s,2026-05-21T11:14:17.620023
